t_s,alt_m,downrange_km,V_mps,gamma_deg,q_Pa,Qdot_Wm2,sigma_deg,Mach,lat_deg,lon_deg
0.0,125000.0,5.060732364654541e-05,4700.0,-15.200000000000003,2.841136443082314,10051.282064647376,68.26153920847952,21.017069358259338,-21.3,-176.40167
0.1,124876.78297125734,0.43611652144033736,4700.089926805084,-15.196699349851826,2.8729604899980727,10107.834145160547,68.26153920847952,21.017463615513787,-21.292628898042818,-176.4020674165354
0.2,124753.58971567778,0.8722634168022699,4700.17983158936,-15.193398434035439,2.905134752054008,10164.693361016944,68.26153920847952,21.017857775537287,-21.285257281396753,-176.40246483255942
0.30000000000000004,124630.42023735214,1.3084406872770271,4700.269714248258,-15.190097252351364,2.937663010852822,10221.861313408694,68.26153920847952,21.018251837862685,-21.277885150120486,-176.40286224806312
0.4,124507.27454037592,1.7446483308760605,4700.359574676132,-15.186795804597772,2.970549088001945,10279.339611471543,68.26153920847952,21.018645802018007,-21.270512504272883,-176.40325966303766
0.5,124384.15262884833,2.18088634443776,4700.449412766249,-15.183494090570461,3.0037968455275967,10337.129872322197,68.26153920847952,21.019039667526425,-21.26313934391299,-176.40365707747395
0.6000000000000001,124261.05450687278,2.617154722159788,4700.539228410779,-15.180192110062825,3.0374101862926746,10395.233721095134,68.26153920847952,21.019433433906208,-21.25576566910005,-176.40405449136296
0.7000000000000001,124137.98017855734,3.053453460841756,4700.629021500781,-15.176889862865833,3.071393054418844,10453.652790979626,68.26153920847952,21.019827100670646,-21.248391479893506,-176.40445190469538
0.8,124014.92964801425,3.4897825578928017,4700.718791926192,-15.173587348768,3.1057494357131388,10512.388723257283,68.26153920847952,21.02022066732803,-21.241016776352982,-176.40484931746198
0.9,123891.90291935997,3.926142010993673,4700.808539575816,-15.170284567555367,3.1404833580987446,10571.443167339603,68.26153920847952,21.020614133381567,-21.233641558538302,-176.4052467296533
1.0,123768.89999671513,4.362531813852084,4700.898264337311,-15.166981519011463,3.1755988920501115,10630.817780805632,68.26153920847952,21.02100749832936,-21.226265826509497,-176.40564414125987
1.1,123645.9208842055,4.798951965214548,4700.9879660971765,-15.163678202917293,3.21110015103221,10690.514229439372,68.26153920847952,21.021400761664317,-21.218889580326785,-176.40604155227203
1.2000000000000002,123522.965585961,5.23540246138577,4701.077644740743,-15.160374619051298,3.2469912919446866,10750.53418726816,68.26153920847952,21.021793922874128,-21.211512820050597,-176.40643896268008
1.3,123400.03410611628,5.671883298071741,4701.167300152159,-15.157070767189342,3.28327651557016,10810.879336600645,68.26153920847952,21.02218698144119,-21.204135545741558,-176.40683637247423
1.4000000000000001,123277.1264488101,6.108394472690574,4701.256932214378,-15.153766647104671,3.3199600670272567,10871.55136806528,68.26153920847952,21.02257993684257,-21.196757757460496,-176.4072337816445
1.5,123154.2426181864,6.544935981258545,4701.346540809145,-15.150462258567893,3.357046236227801,10932.551980648333,68.26153920847952,21.02297278854992,-21.189379455268455,-176.40763119018084
1.6,123031.38261839328,6.981507820296175,4701.4361258169865,-15.147157601346947,3.394539358339168,10993.88288173296,68.26153920847952,21.023365536029452,-21.18200063922668,-176.40802859807317
1.7000000000000002,122908.54645358399,7.418109986507672,4701.525687117195,-15.143852675207073,3.432443814250734,11055.545787137537,68.26153920847952,21.02375817874186,-21.174621309396628,-176.40842600531118
1.8,122785.73412791686,7.854742476241212,4701.6152245878175,-15.140547479910795,3.4707640310452446,11117.542421154541,68.26153920847952,21.02415071614227,-21.16724146583997,-176.40882341188453
1.9000000000000001,122662.94564555446,8.291405286046395,4701.704738105642,-15.137242015217877,3.509504482475303,11179.874516590191,68.26153920847952,21.024543147680166,-21.159861108618593,-176.40922081778274
2.0,122540.18101066444,8.728098412624234,4701.794227546184,-15.133936280885303,3.5486696894439804,11242.54381480316,68.26153920847952,21.024935472799363,-21.15248023779459,-176.40961822299522
2.1,122417.4402274196,9.164821851533919,4701.883692783673,-15.130630276667242,3.5882642204905735,11305.55206574401,68.26153920847952,21.02532769093792,-21.145098853430287,-176.41001562751129
2.2,122294.7232999974,9.601575599853472,4701.973133691039,-15.127324002315024,3.628292692281432,11368.901027995029,68.26153920847952,21.02571980152808,-21.137716955588214,-176.4104130313201
2.3000000000000003,122172.03023258084,10.03835965406375,4702.0625501399,-15.124017457577112,3.6687597701051877,11432.59246880946,68.26153920847952,21.026111803996223,-21.130334544331134,-176.41081043441073
2.4000000000000004,122049.36102935765,10.475174010417739,4702.151942000546,-15.12071064219906,3.7096701683736293,11496.628164151905,68.26153920847952,21.026503697762795,-21.122951619722027,-176.41120783677215
2.5,121926.71569452109,10.912018665338524,4702.241309141928,-15.11740355592349,3.7510286511269255,11561.00989873786,68.26153920847952,21.026895482242253,-21.1155681818241,-176.41160523839315
2.6,121804.09423226956,11.348893615274003,4702.330651431639,-15.114096198490067,3.7928400325444525,11625.739466074236,68.26153920847952,21.027287156842984,-21.10818423070079,-176.41200263926243
2.7,121681.49664680613,11.785798856040655,4702.419968735906,-15.110788569635455,3.8351091774606885,11690.818668499942,68.26153920847952,21.027678720967263,-21.10079976641577,-176.4124000393686
2.8000000000000003,121558.92294234037,12.222734384717723,4702.509260919571,-15.107480669093293,3.8778410018855056,11756.249317225493,68.26153920847952,21.028070174011184,-21.093414789032924,-176.41279743870018
2.9000000000000004,121436.37312308606,12.659700197305366,4702.5985278460785,-15.104172496594167,3.9210404735311184,11822.033232374932,68.26153920847952,21.02846151536458,-21.086029298616392,-176.4131948372454
3.0,121313.84719326347,13.096696290273805,4702.6877693774595,-15.100864051865566,3.9647126123426952,11888.172243025458,68.26153920847952,21.028852744410973,-21.07864329523054,-176.41359223499262
3.1,121191.34515709756,13.533722659541466,4702.7769853743175,-15.097555334631862,4.0088624910357655,11954.66818724952,68.26153920847952,21.029243860527497,-21.07125677893997,-176.4139896319298
3.2,121068.86701881932,13.970779301844779,4702.866175695814,-15.094246344614266,4.053495235637805,12021.522912155202,68.26153920847952,21.02963486308485,-21.063869749809534,-176.41438702804496
3.3000000000000003,120946.41278266534,14.407866213370015,4702.955340199651,-15.090937081530805,4.098616026035992,12088.738273927922,68.26153920847952,21.030025751447194,-21.056482207904313,-176.41478442332587
3.4000000000000004,120823.9824528778,14.844983390265822,4703.04447874206,-15.087627545096282,4.144230096530188,12156.316137871923,68.26153920847952,21.03041652497212,-21.049094153289644,-176.4151818177603
3.5,120701.57603370491,15.282130828648818,4703.133591177782,-15.084317735022243,4.190342736391337,12224.258378451741,68.26153920847952,21.03080718301056,-21.041705586031107,-176.4155792113358
3.6,120579.19352940051,15.7193085251785,4703.222677360055,-15.081007651016943,4.236959290425783,12292.566879334348,68.26153920847952,21.031197724906704,-21.03431650619453,-176.4159766040398
3.7,120456.83494422399,16.156516475715854,4703.311737140596,-15.077697292785313,4.284085159545048,12361.243533431196,68.26153920847952,21.031588149997983,-21.026926913845987,-176.41637399585957
3.8000000000000003,120334.50028244127,16.593754676586318,4703.400770369586,-15.074386660028923,4.331725801340933,12430.290242939855,68.26153920847952,21.031978457614926,-21.01953680905182,-176.4167713867823
3.9000000000000004,120212.18954832386,17.031023123994032,4703.489776895655,-15.071075752445953,4.379886730667152,12499.708919387038,68.26153920847952,21.032368647081142,-21.01214619187862,-176.417168776795
4.0,120089.90274614934,17.46832181396389,4703.578756565864,-15.067764569731143,4.428573520226117,12569.501483670734,68.26153920847952,21.032758717713214,-21.00475506239323,-176.41756616588458
4.1000000000000005,119967.63988020178,17.90565074286425,4703.667709225689,-15.064453111575775,4.477791801161715,12639.669866102808,68.26153920847952,21.033148668820665,-20.997363420662758,-176.41796355403778
4.2,119845.40095477132,18.343009906807673,4703.756634719004,-15.061141377667619,4.527547263658239,12710.216006452027,68.26153920847952,21.03353849970583,-20.98997126675458,-176.41836094124116
4.3,119723.18597415462,18.78039930174906,4703.845532888067,-15.05782936769091,4.577845657545054,12781.141853986972,68.26153920847952,21.033928209663824,-20.98257860073633,-176.4187583274812
4.4,119600.99494265392,19.2178189241035,4703.934403573499,-15.054517081326306,4.62869279290773,12852.44936751967,68.26153920847952,21.034317797982453,-20.975185422675914,-176.41915571274427
4.5,119478.82786457846,19.655268769717935,4704.023246614271,-15.05120451825085,4.68009454070446,12924.140515448333,68.26153920847952,21.03470726394213,-20.967791732641512,-176.41955309701643
4.6000000000000005,119356.68474424398,20.092748834825475,4704.11206184768,-15.047891678137933,4.732056833389247,12996.217275801064,68.26153920847952,21.03509660681581,-20.960397530701567,-176.41995048028377
4.7,119234.56558597274,20.530259115380616,4704.20084910934,-15.044578560657252,4.784585665541236,13068.681636279713,68.26153920847952,21.035485825868896,-20.953002816924805,-176.4203478625321
4.800000000000001,119112.47039409308,20.967799607638177,4704.289608233159,-15.041265165474774,4.8376870945004296,13141.535594303978,68.26153920847952,21.035874920359184,-20.945607591380227,-176.42074524374718
4.9,118990.39917294076,21.405370307225375,4704.378339051323,-15.037951492252704,4.891367241008979,13214.781157054744,68.26153920847952,21.036263889536748,-20.938211854137123,-176.42114262391456
5.0,118868.35192685807,21.8429712104946,4704.467041394275,-15.03463754064943,4.945632289859844,13288.420341518826,68.26153920847952,21.03665273264391,-20.93081560526505,-176.42154000301963
5.1000000000000005,118746.32866019383,22.280602313360365,4704.5557150907025,-15.0313233103195,5.0004884905515405,13362.455174533454,68.26153920847952,21.03704144891509,-20.92341884483386,-176.42193738104763
5.2,118624.32937730383,22.71826361184893,4704.644359967514,-15.02800880091357,5.0559421579491675,13436.887692830607,68.26153920847952,21.037430037576804,-20.9160215729137,-176.42233475798363
5.300000000000001,118502.35408255132,23.155955101977252,4704.732975849823,-15.024694012078365,5.111999672952006,13511.719943081465,68.26153920847952,21.037818497847507,-20.908623789574996,-176.42273213381264
5.4,118380.40278030606,23.5936767794284,4704.821562560927,-15.021378943456645,5.1686674831684165,13586.953981941982,68.26153920847952,21.038206828937565,-20.901225494888475,-176.42312950851934
5.5,118258.47547494527,24.031428640434623,4704.910119922292,-15.018063594687154,5.225952103596579,13662.591876097427,68.26153920847952,21.038595030049127,-20.89382668892516,-176.4235268820884
5.6000000000000005,118136.57217085361,24.46921068083877,4704.99864775353,-15.014747965404585,5.283860117312445,13738.635702307713,68.26153920847952,21.038983100376072,-20.886427371756366,-176.4239242545042
5.7,118014.69287242228,24.90702289638565,4705.087145872382,-15.011432055239535,5.342398176164907,13815.087547453411,68.26153920847952,21.039371039103905,-20.87902754345372,-176.42432162575102
5.800000000000001,117892.83758405037,25.344865283134883,4705.175614094696,-15.008115863818464,5.401573001476864,13891.94950858059,68.26153920847952,21.039758845409683,-20.87162720408915,-176.42471899581295
5.9,117771.00631014397,25.782737836887943,4705.26405223441,-15.004799390763647,5.461391384754307,13969.223692947222,68.26153920847952,21.040146518461896,-20.864226353734896,-176.42511636467398
6.0,117649.19905511709,26.220640553454036,4705.35246010353,-15.001482635693133,5.521860188401536,14046.912218068617,68.26153920847952,21.040534057420427,-20.856824992463498,-176.42551373231785
6.1000000000000005,117527.41582339164,26.6585734287937,4705.440837512111,-14.998165598220707,5.582986346443943,14125.017211763603,68.26153920847952,21.04092146143642,-20.849423120347815,-176.42591109872808
6.2,117405.65661939653,27.096536458439594,4705.529184268236,-14.994848277955832,5.644776865258434,14203.540812201481,68.26153920847952,21.041308729652204,-20.84202073746103,-176.42630846388815
6.300000000000001,117283.92144756857,27.534529638460803,4705.617500177996,-14.991530674503618,5.7072388243101635,14282.48516794798,68.26153920847952,21.041695861201198,-20.834617843876636,-176.42670582778126
6.4,117162.21031235252,27.972552964505375,4705.705785045468,-14.988212787464771,5.7703793768970435,14361.852438012018,68.26153920847952,21.042082855207827,-20.827214439668452,-176.42710319039043
6.5,117040.52321820147,28.410606432373797,4705.794038672695,-14.984894616435541,5.834205750901386,14441.644791892262,68.26153920847952,21.04246971078743,-20.819810524910622,-176.42750055169856
6.6000000000000005,116918.86016957602,28.848690037741168,4705.8822608596665,-14.981576161007688,5.8987252495497,14521.864409624814,68.26153920847952,21.04285642704613,-20.812406099677624,-176.42789791168835
6.7,116797.22117094463,29.2868037764291,4705.970451404293,-14.978257420768418,5.9639452521793395,14602.5134818302,68.26153920847952,21.0432430030808,-20.805001164044256,-176.42829527034226
6.800000000000001,116675.60622678464,29.72494764392111,4706.058610102388,-14.974938395300363,6.0298732150124685,14683.594209760211,68.26153920847952,21.043629437978904,-20.79759571808566,-176.42869262764262
6.9,116554.01534158131,30.16312163606658,4706.146736747644,-14.971619084181496,6.096516671938626,14765.108805346079,68.26153920847952,21.04401573081844,-20.790189761877315,-176.4290899835715
7.0,116432.4485198278,30.60132574851068,4706.234831131612,-14.968299486985117,6.163883235304641,14847.05949124634,68.26153920847952,21.04440188066783,-20.782783295495037,-176.4294873381109
7.1000000000000005,116310.90576602658,31.039559976873882,4706.322893043676,-14.964979603279785,6.231980596711528,14929.448500893872,68.26153920847952,21.044787886585805,-20.775376319014995,-176.4298846912425
7.2,116189.38708468806,31.477824316672493,4706.410922271037,-14.961659432629276,6.300816527820775,15012.278078544954,68.26153920847952,21.045173747621337,-20.767968832513695,-176.43028204294788
7.300000000000001,116067.89248033147,31.91611876364683,4706.498918598682,-14.958338974592529,6.370398881167436,15095.550479327068,68.26153920847952,21.0455594628135,-20.760560836068002,-176.43067939320835
7.4,115946.42195748491,32.3544433133504,4706.586881809369,-14.955018228723597,6.44073559098162,15179.267969287343,68.26153920847952,21.0459450311914,-20.75315232975513,-176.43107674200505
7.5,115824.97552068485,32.79279796120156,4706.674811683595,-14.9516971945716,6.511834674018472,15263.432825441621,68.26153920847952,21.046330451774047,-20.74574331365266,-176.4314740893189
7.6000000000000005,115703.55317447754,33.23118270291635,4706.762707999583,-14.94837587168067,6.583704230395253,15348.047335822394,68.26153920847952,21.046715723570262,-20.738333787838524,-176.4318714351307
7.7,115582.15492341714,33.6695975338047,4706.850570533248,-14.945054259589895,6.656352444438543,15433.113799529117,68.26153920847952,21.047100845578576,-20.730923752391025,-176.4322687794209
7.800000000000001,115460.78077206714,34.10804244950995,4706.938399058181,-14.94173235783328,6.729787585538005,15518.634526776603,68.26153920847952,21.047485816787106,-20.723513207388827,-176.43266612216985
7.9,115339.4307250008,34.546517445431746,4707.0261933456195,-14.938410165939676,6.804018009008951,15604.611838944002,68.26153920847952,21.047870636173453,-20.71610215291097,-176.43306346335766
8.0,115218.10478680022,34.98502251703428,4707.113953164427,-14.935087683432743,6.879052156964411,15691.0480686252,68.26153920847952,21.048255302704614,-20.708690589036873,-176.4334608029642
8.1,115096.80296205683,35.42355765973394,4707.201678281064,-14.93176490983089,6.954898559194851,15777.94555967818,68.26153920847952,21.048639815336838,-20.701278515846333,-176.43385814096916
8.200000000000001,114975.52525537182,35.862122869009404,4707.289368459568,-14.92844184464722,7.031565834056654,15865.306667274806,68.26153920847952,21.049024173015532,-20.693865933419524,-176.43425547735202
8.3,114854.2716713557,36.30071814015113,4707.377023461526,-14.925118487389469,7.10906268936983,15953.133757951227,68.26153920847952,21.049408374675156,-20.686452841837003,-176.434652812092
8.4,114733.04221462877,36.73934346851659,4707.464643046045,-14.92179483755996,7.187397923324094,16041.42920965797,68.26153920847952,21.04979241923909,-20.679039241179733,-176.43505014516813
8.5,114611.83688982157,37.17799884945757,4707.552226969736,-14.918470894655542,7.2665804253937605,16130.195411810108,68.26153920847952,21.05017630561954,-20.671625131529055,-176.43544747655918
8.6,114490.65570157347,37.61668427825252,4707.639774986678,-14.915146658167535,7.346619177262905,16219.434765339005,68.26153920847952,21.050560032717407,-20.66421051296671,-176.43584480624372
8.700000000000001,114369.49865453504,38.05539975017813,4707.727286848399,-14.911822127581674,7.427523253757251,16309.149682741574,68.26153920847952,21.05094359942217,-20.65679538557485,-176.43624213420009
8.8,114248.36575336615,38.49414526070917,4707.814762303844,-14.908497302378047,7.50930182378784,16399.342588132677,68.26153920847952,21.051327004611778,-20.649379749436015,-176.43663946040638
8.9,114127.25700273691,38.932920804816675,4707.902201099353,-14.905172182031036,7.591964151302274,16490.015917295765,68.26153920847952,21.05171024715252,-20.64196360463317,-176.4370367848405
9.0,114006.17240732815,39.371726377841746,4707.9896029786305,-14.901846766009266,7.675519596245551,16581.172117734004,68.26153920847952,21.05209332589891,-20.634546951249686,-176.43743410748002
9.1,113885.11197183048,39.81056197496063,4708.07696768272,-14.89852105377554,7.759977615531282,16672.81364872261,68.26153920847952,21.05247623969356,-20.62712978936935,-176.4378314283024
9.200000000000001,113764.07570094569,40.24942759125734,4708.164294949977,-14.895195044786774,7.845347764020887,16764.942981359647,68.26153920847952,21.052858987367074,-20.619712119076368,-176.43822874728474
9.3,113643.06359938625,40.68832322201205,4708.25158451604,-14.891868738493946,7.931639695513663,16857.562598618406,68.26153920847952,21.0532415677379,-20.61229394045538,-176.43862606440396
9.4,113522.07567187492,41.12724886228597,4708.3388361137995,-14.888542134342025,8.01886316374663,16950.674995399986,68.26153920847952,21.053623979612205,-20.604875253591448,-176.43902337963672
9.5,113401.11192314513,41.566204507148505,4708.426049473377,-14.885215231769914,8.10702802340345,17044.28267858531,68.26153920847952,21.054006221783773,-20.597456058570067,-176.43942069295946
9.600000000000001,113280.17235794244,42.005190151677056,4708.51322432209,-14.881888030210394,8.196144231132667,17138.388167086687,68.26153920847952,21.05438829303386,-20.590036355477167,-176.43981800434827
9.700000000000001,113159.25698102219,42.444205790926446,4708.600360384423,-14.878560529090045,8.286221846578526,17232.993991902298,68.26153920847952,21.054770192131045,-20.582616144399125,-176.4402153137791
9.8,113038.36579715135,42.88325141993021,4708.687457382004,-14.875232727829195,8.377271033418968,17328.102696167854,68.26153920847952,21.055151917831147,-20.575195425422766,-176.4406126212276
9.9,112917.49881110899,43.322327033642594,4708.774515033569,-14.871904625841845,8.46930206041468,17423.71683520924,68.26153920847952,21.055533468877048,-20.56777419863536,-176.44100992666912
10.0,112796.65602768445,43.761432627001156,4708.861533054933,-14.868576222535618,8.562325302470294,17519.83897659739,68.26153920847952,21.05591484399858,-20.56035246412463,-176.4414072300788
10.100000000000001,112675.83745167963,44.200568194985664,4708.948511158964,-14.865247517311683,8.656351241702684,17616.47170019993,68.26153920847952,21.056296041912386,-20.55293022197876,-176.44180453143147
10.200000000000001,112555.04308790714,44.639733732501284,4709.035449055547,-14.861918509564687,8.751390468523125,17713.617598236444,68.26153920847952,21.05667706132179,-20.545507472286403,-176.44220183070178
10.3,112434.27294119215,45.07892923443916,4709.122346451558,-14.85858919868269,8.847453682726888,17811.279275330773,68.26153920847952,21.057057900916647,-20.538084215136674,-176.44259912786396
10.4,112313.52701637195,45.518154695620886,4709.209203050828,-14.855259584047102,8.944551694595571,17909.45934856559,68.26153920847952,21.057438559373217,-20.53066045061916,-176.4429964228921
10.5,112192.80531829502,45.95741011091337,4709.296018554118,-14.851929665032609,9.042695426010438,18008.160447537357,68.26153920847952,21.057819035354015,-20.523236178823925,-176.44339371575995
10.600000000000001,112072.10785182286,46.396695475006,4709.382792659079,-14.848599441007105,9.141895911574414,18107.385214409263,68.26153920847952,21.058199327507666,-20.51581139984152,-176.44379100644102
10.700000000000001,111951.43462182907,46.83601078285643,4709.469525060229,-14.845268911331623,9.242164299747358,18207.136303966672,68.26153920847952,21.058579434468786,-20.50838611376298,-176.44418829490849
10.8,111830.78563319938,47.27535602905528,4709.5562154489135,-14.84193807536026,9.343511853991691,18307.416383671993,68.26153920847952,21.0589593548578,-20.50096032067983,-176.44458558113524
10.9,111710.16089083208,47.71473120840664,4709.642863513275,-14.838606932440115,9.445949953928675,18408.228133719193,68.26153920847952,21.059339087280833,-20.49353402068409,-176.4449828650939
11.0,111589.56039963895,48.15413631549295,4709.729468938223,-14.835275481911207,9.549490096505824,18509.57424708841,68.26153920847952,21.05971863032953,-20.486107213868284,-176.44538014675683
11.100000000000001,111468.98416454345,48.59357134510675,4709.816031405396,-14.831943723106408,9.654143897177834,18611.457429602775,68.26153920847952,21.060097982580928,-20.478679900325442,-176.44577742609607
11.200000000000001,111348.43219048297,49.03303629171898,4709.90255059313,-14.828611655351368,9.759923091095594,18713.8803999821,68.26153920847952,21.060477142597303,-20.471252080149096,-176.44617470308333
11.3,111227.90448240796,49.472531150036936,4709.989026176426,-14.82527927796444,9.86683953430962,18816.845889899447,68.26153920847952,21.060856108926007,-20.46382375343331,-176.44657197769004
11.4,111107.40104528144,49.91205591455778,4710.075457826912,-14.821946590256603,9.974905204984674,18920.35664403745,68.26153920847952,21.061234880099324,-20.45639492027265,-176.44696924988733
11.5,110986.9218840804,50.35161057983211,4710.161845212811,-14.818613591531394,10.084132204624774,19024.415420143327,68.26153920847952,21.061613454634323,-20.448965580762223,-176.44736651964607
11.600000000000001,110866.46700379532,50.79119514041129,4710.248187998906,-14.815280281084819,10.194532759311652,19129.02498908559,68.26153920847952,21.061991831032667,-20.441535734997665,-176.44776378693675
11.700000000000001,110746.03640942974,51.230809590722515,4710.334485846503,-14.811946658205292,10.30611922095532,19234.18813491099,68.26153920847952,21.062370007780494,-20.434105383075135,-176.44816105172953
11.8,110625.63010600209,51.67045392522288,4710.420738413397,-14.808612722173537,10.41890406855468,19339.907654899613,68.26153920847952,21.062747983348245,-20.426674525091354,-176.4485583139943
11.9,110505.24809854385,52.11012813832443,4710.5069453538335,-14.805278472262527,10.532899909473818,19446.186359623378,68.26153920847952,21.063125756190495,-20.41924316114357,-176.4489555737007
12.0,110384.8903921009,52.54983222434744,4710.593106318474,-14.801943907737401,10.64811948072776,19553.027073001947,68.26153920847952,21.06350332474579,-20.41181129132959,-176.44935283081782
12.100000000000001,110264.55699173361,52.989566177693405,4710.67922095436,-14.798609027855372,10.764575650281964,19660.43263236004,68.26153920847952,21.06388068743648,-20.40437891574779,-176.4497500853147
12.200000000000001,110144.24790251628,53.42932999267404,4710.765288904872,-14.795273831865655,10.88228141836484,19768.40588848518,68.26153920847952,21.06425784266857,-20.3969460344971,-176.4501473371598
12.3,110023.96312953858,53.86912366353875,4710.8513098096955,-14.791938319009386,11.001249918791368,19876.94970568422,68.26153920847952,21.06463478883154,-20.38951264767701,-176.45054458632146
12.4,109903.7026779037,54.308947184547996,4710.937283304782,-14.788602488519539,11.121494420302653,19986.06696184284,68.26153920847952,21.065011524298168,-20.3820787553876,-176.4509418327675
12.5,109783.46655273065,54.74880054992611,4711.02320902231,-14.785266339620833,11.243028327914393,20095.760548481427,68.26153920847952,21.065388047424374,-20.374644357729515,-176.4513390764655
12.600000000000001,109663.25475915335,55.188683753816434,4711.109086590646,-14.781929871529663,11.365865184281649,20206.03337081418,68.26153920847952,21.065764356549025,-20.367209454804005,-176.45173631738274
12.700000000000001,109543.06730232015,55.62859679037662,4711.194915634308,-14.778593083453998,11.490018671076365,20316.888347807875,68.26153920847952,21.066140449993796,-20.359774046712893,-176.452133555486
12.8,109422.9041873957,56.068539653709685,4711.280695773922,-14.775255974593307,11.615502610376064,20428.328412238858,68.26153920847952,21.066516326062956,-20.352338133558604,-176.4525307907418
12.9,109302.76541955955,56.508512337911476,4711.366426626186,-14.771918544138469,11.742330966069023,20540.356510752965,68.26153920847952,21.066891983043206,-20.344901715444173,-176.4529280231163
13.0,109182.65100400709,56.94851483702609,4711.452107803825,-14.768580791271685,11.870517845270992,20652.975603923725,68.26153920847952,21.067267419203503,-20.337464792473238,-176.45332525257533
13.100000000000001,109062.56094594952,57.38854714500325,4711.537738915557,-14.76524271516638,12.00007749975636,20766.188666311464,68.26153920847952,21.06764263279487,-20.33002736475005,-176.45372247908432
13.200000000000001,108942.4952506139,57.82860925583485,4711.623319566045,-14.761904314987135,12.13102432740335,20879.998686522635,68.26153920847952,21.06801762205021,-20.322589432379484,-176.4541197026083
13.3,108822.4539232431,58.268701163443566,4711.7088493558595,-14.758565589889567,12.263372873653084,20994.40866726932,68.26153920847952,21.068392385184133,-20.315150995467047,-176.45451692311192
13.4,108702.43696909724,58.70882286177274,4711.7943278814355,-14.755226539020269,12.397137832981342,21109.42162542767,68.26153920847952,21.06876692039276,-20.307712054118873,-176.4549141405596
13.5,108582.44439345226,59.14897434456916,4711.87975473503,-14.751887161516695,12.532334050387487,21225.040592099005,68.26153920847952,21.06914122585353,-20.30027260844174,-176.4553113549152
13.600000000000001,108462.47620160086,59.589155605691325,4711.965129504679,-14.748547456507069,12.668976522895422,21341.268612669122,68.26153920847952,21.069515299725023,-20.292832658543066,-176.4557085661423
13.700000000000001,108342.53239885252,60.02936663901999,4712.050451774156,-14.745207423110303,12.807080401069882,21458.108746868475,68.26153920847952,21.069889140146742,-20.285392204530933,-176.45610577420408
13.8,108222.61299053393,60.46960743818219,4712.135721122924,-14.741867060435888,12.94666099054691,21575.564068832115,68.26153920847952,21.07026274523894,-20.277951246514068,-176.45650297906326
13.9,108102.71798198903,60.90987799691782,4712.220937126099,-14.73852636758381,13.087733753579723,21693.6376671604,68.26153920847952,21.070636113102417,-20.270509784601874,-176.45690018068225
14.0,107982.8473785785,61.35017830886701,4712.306099354397,-14.735185343644446,13.230314310600011,21812.332644980237,68.26153920847952,21.071009241818317,-20.26306781890442,-176.45729737902303
14.100000000000001,107863.0011856812,61.79050836773945,4712.391207374094,-14.731843987698461,13.374418441792027,21931.652120004634,68.26153920847952,21.07138212944793,-20.25562534953246,-176.45769457404714
14.200000000000001,107743.17940869369,62.2308681669622,4712.47626074698,-14.728502298816725,13.520062088684128,22051.599224594378,68.26153920847952,21.0717547740325,-20.248182376597423,-176.45809176571578
14.3,107623.38205302972,62.67125770024143,4712.5612590303135,-14.725160276060198,13.667261355755707,22172.177105819792,68.26153920847952,21.072127173592982,-20.240738900211444,-176.4584889539897
14.4,107503.60912412219,63.11167696096424,4712.646201776772,-14.721817918479827,13.816032512056779,22293.388925520492,68.26153920847952,21.072499326129886,-20.233294920487346,-176.45888613882923
14.5,107383.86062742118,63.5521259426531,4712.731088534409,-14.718475225116464,13.966391992847582,22415.23786036884,68.26153920847952,21.07287122962304,-20.225850437538668,-176.45928332019432
14.600000000000001,107264.13656839635,63.99260463870119,4712.815918846605,-14.715132195000743,14.118356401249034,22537.727101929628,68.26153920847952,21.073242882031373,-20.218405451479647,-176.45968049804438
14.700000000000001,107144.43695253506,64.43311304247611,4712.900692252021,-14.711788827152986,14.271942509914062,22660.859856723873,68.26153920847952,21.073614281292713,-20.210959962425257,-176.46007767233854
14.8,107024.76178534376,64.87365114736046,4712.985408284549,-14.708445120583088,14.427167262711132,22784.63934628979,68.26153920847952,21.073985425323574,-20.203513970491187,-176.4604748430354
14.9,106905.11107234843,65.31421894663357,4713.070066473261,-14.705101074290429,14.58404777642495,22909.068807244614,68.26153920847952,21.07435631201893,-20.19606747579387,-176.4608720100931
15.0,106785.48481909372,65.7548164334947,4713.154666342367,-14.701756687263748,14.742601342475403,23034.15149134821,68.26153920847952,21.074726939252002,-20.188620478450478,-176.46126917346947
15.100000000000001,106665.88303114427,66.19544360118162,4713.239207411158,-14.698411958481044,14.902845428650098,23159.890665564475,68.26153920847952,21.07509730487403,-20.181172978578925,-176.46166633312177
15.200000000000001,106546.30571408384,66.63610044289275,4713.32368919396,-14.695066886909466,15.064797680856351,23286.289612125132,68.26153920847952,21.07546740671406,-20.17372497629789,-176.4620634890068
15.3,106426.75287351618,67.076786951712,4713.408111200081,-14.6917214715052,15.228475924887734,23413.351628591936,68.26153920847952,21.075837242578697,-20.166276471726817,-176.462460641081
15.4,106307.22451506509,67.5175031207264,4713.492472933764,-14.688375711213363,15.393898168208823,23541.08002792003,68.26153920847952,21.0762068102519,-20.158827464985915,-176.46285778930024
15.5,106187.72064437484,67.95824894291302,4713.576773894128,-14.685029604967886,15.561082601756238,23669.47813852084,68.26153920847952,21.076576107494738,-20.15137795619618,-176.46325493362002
15.600000000000001,106068.24126711022,68.39902441136726,4713.6610135751225,-14.681683151691404,15.730047601757871,23798.549304325825,68.26153920847952,21.076945132045147,-20.143927945479387,-176.4636520739953
15.700000000000001,105948.78638895648,68.83982951887121,4713.745191465474,-14.67833635029513,15.900811731569258,23928.296884850184,68.26153920847952,21.07731388161773,-20.136477432958117,-176.46404921038058
15.8,105829.35601561936,69.28066425842127,4713.829307048629,-14.674989199678757,16.073393743527863,24058.724255256977,68.26153920847952,21.077682353903473,-20.129026418755743,-176.4644463427299
15.9,105709.9501528265,69.72152862285408,4713.913359802704,-14.67164169873033,16.247812580822828,24189.834806419676,68.26153920847952,21.078050546569543,-20.121574902996457,-176.46484347099678
16.0,105590.56880632648,70.16242260492461,4713.997349200428,-14.668293846326122,16.424087379386236,24321.631944987606,68.26153920847952,21.07841845725902,-20.11412288580527,-176.46524059513425
16.1,105471.21198188933,70.60334619739949,4714.081274709093,-14.664945641330535,16.60223746980016,24454.119093449834,68.26153920847952,21.07878608359067,-20.106670367308016,-176.46563771509489
16.2,105351.87968530739,71.0442993929665,4714.165135790493,-14.661597082595954,16.7822823792216,24587.299690198957,68.26153920847952,21.079153423158694,-20.099217347631367,-176.46603483083072
16.3,105232.57192239398,71.48528218427298,4714.24893190087,-14.658248168962645,16.964241833328916,24721.177189597332,68.26153920847952,21.079520473532458,-20.09176382690284,-176.46643194229333
16.400000000000002,105113.2886989857,71.92629456392704,4714.33266249086,-14.654898899258624,17.148135758281715,24855.755062039694,68.26153920847952,21.079887232256265,-20.084309805250804,-176.46682904943364
16.5,104994.03002094105,72.36733652451665,4714.4163270054305,-14.651549272299532,17.333984282704517,24991.03679401966,68.26153920847952,21.080253696849102,-20.07685528280448,-176.46722615220224
16.6,104874.79589414131,72.80840805846942,4714.499924883831,-14.648199286888511,17.521807739686444,25127.02588819424,68.26153920847952,21.08061986480436,-20.06940025969398,-176.4676232505491
16.7,104755.5863244906,73.24950915824998,4714.5834555595275,-14.644848941816084,17.711626668800914,25263.7258634492,68.26153920847952,21.080985733589582,-20.061944736050265,-176.46802034442368
16.8,104636.40131791634,73.69063981627183,4714.666918460147,-14.641498235860011,17.90346181814414,25401.140254964226,68.26153920847952,21.081351300646233,-20.054488712005217,-176.46841743377487
16.900000000000002,104517.24088036967,74.13180002486459,4714.750313007417,-14.638147167785178,18.097334146393003,25539.272614278263,68.26153920847952,21.08171656338937,-20.047032187691585,-176.46881451855108
17.0,104398.10501782456,74.5729897763279,4714.8336386171095,-14.634795736343458,18.293264824884815,25678.126509356567,68.26153920847952,21.082081519207446,-20.039575163243036,-176.4692115987001
17.1,104278.9937362792,75.01420906288126,4714.916894698974,-14.631443940273575,18.49127523971304,25817.705524655197,68.26153920847952,21.082446165461988,-20.03211763879415,-176.46960867416925
17.2,104159.90704175597,75.45545787675115,4715.000080656681,-14.628091778300979,18.691386993845246,25958.013261187312,68.26153920847952,21.082810499487337,-20.02465961448043,-176.47000574490522
17.3,104040.84494030196,75.8967362100192,4715.083195887762,-14.624739249137706,18.89362190926066,26099.05333658921,68.26153920847952,21.083174518590393,-20.017201090438313,-176.47040281085424
17.400000000000002,103921.807437988,76.33804405479403,4715.166239783541,-14.621386351482256,19.098002029110074,26240.829385187917,68.26153920847952,21.083538220050315,-20.009742066805167,-176.47079987196184
17.5,103802.79454091098,76.77938140311055,4715.249211729077,-14.618033084019427,19.304549619890985,26383.345058065224,68.26153920847952,21.083901601118242,-20.002282543719325,-176.47119692817304
17.6,103683.80625519203,77.22074824684917,4715.332111103098,-14.614679445420212,19.51328717365054,26526.604023126863,68.26153920847952,21.08426465901701,-19.994822521320074,-176.4715939794323
17.7,103564.84258697787,77.66214457800413,4715.414937277939,-14.611325434341632,19.724237410203777,26670.609965167943,68.26153920847952,21.084627390940884,-19.98736199974767,-176.47199102568348
17.8,103445.90354244085,78.10357038836871,4715.497689619475,-14.607971049426611,19.937423279375302,26815.3665859401,68.26153920847952,21.08498979405524,-19.979900979143352,-176.47238806686983
17.900000000000002,103326.98912777938,78.5450256697367,4715.580367487056,-14.604616289303824,20.15286796326149,26960.877604218367,68.26153920847952,21.08535186549629,-19.972439459649348,-176.472785102934
18.0,103208.09934921749,78.98651041390238,4715.662970233441,-14.60126115258756,20.370594878515817,27107.14675586925,68.26153920847952,21.085713602370774,-19.964977441408884,-176.47318213381809
18.1,103089.23421300668,79.4280246124993,4715.745497204735,-14.597905637877576,20.59062767865163,27254.177793916206,68.26153920847952,21.08607500175569,-19.957514924566194,-176.47357915946347
18.2,102970.39372542454,79.86956825716523,4715.827947740316,-14.594549743758943,20.812990256372622,27401.974488609016,68.26153920847952,21.08643606069796,-19.95005190926654,-176.47397617981102
18.3,102851.57789277565,80.31114133939846,4715.910321172768,-14.591193468801908,21.03770674592112,27550.54062749068,68.26153920847952,21.086796776214136,-19.942588395656205,-176.47437319480093
18.400000000000002,102732.7867213916,80.75274385075204,4715.992616827816,-14.58783681156174,21.264801525450615,27699.880015465602,68.26153920847952,21.087157145290107,-19.935124383882517,-176.4747702043728
18.5,102614.02021763241,81.1943757826431,4716.074834024255,-14.584479770578577,21.494299219417584,27849.99647486594,68.26153920847952,21.087517164880776,-19.927659874093855,-176.47516720846554
18.6,102495.27838788508,81.63603712645069,4716.156972073879,-14.58112234437728,21.72622470100173,28000.893845521874,68.26153920847952,21.087876831909746,-19.920194866439655,-176.4755642070174
18.7,102376.56123856502,82.07772787346995,4716.239030281409,-14.577764531467272,21.96060309454337,28152.57598482818,68.26153920847952,21.088236143269015,-19.91272936107043,-176.47596119996612
18.8,102257.86877611605,82.51944801496116,4716.321007944426,-14.574406330342384,22.197459778007033,28305.04676781314,68.26153920847952,21.08859509581864,-19.90526335813777,-176.47635818724862
18.900000000000002,102139.20100701088,82.96119754210426,4716.402904353295,-14.571047739480706,22.436820385466824,28458.310087206522,68.26153920847952,21.088953686386436,-19.89779685779437,-176.47675516880125
19.0,102020.5579377506,83.40297644603179,4716.484718791093,-14.567688757344415,22.678710809617563,28612.369853509175,68.26153920847952,21.089311911767627,-19.890329860194015,-176.47715214455965
19.1,101901.93957486656,83.84478471776913,4716.566450533537,-14.564329382379626,22.923157204304736,28767.229995059693,68.26153920847952,21.089669768724544,-19.882862365491615,-176.47754911445878
19.200000000000003,101783.34592491854,84.28662234832848,4716.648098848908,-14.560969613016228,23.170185987085876,28922.894458105915,68.26153920847952,21.090027253986257,-19.875394373843207,-176.47794607843298
19.3,101664.77699449705,84.72848932861862,4716.729662997979,-14.557609447667717,23.419823841807638,29079.367206871364,68.26153920847952,21.090384364248287,-19.867925885405953,-176.47834303641577
19.400000000000002,101546.23279022239,85.17038564952277,4716.811142233933,-14.554248884731036,23.672097721213582,29236.652223625653,68.26153920847952,21.090741096172216,-19.860456900338185,-176.47873998834012
19.5,101427.7133187456,85.61231130179466,4716.892535802295,-14.550887922586407,23.92703484957311,29394.75350875309,68.26153920847952,21.091097446385398,-19.852987418799387,-176.4791369341382
19.6,101309.21858674847,86.05426627618087,4716.973842940848,-14.54752655959716,24.1846627253365,29553.67508082204,68.26153920847952,21.09145341148057,-19.845517440950204,-176.4795338737415
19.700000000000003,101190.74860094395,86.49625056331756,4717.055062879557,-14.544164794109568,24.44500912381454,29713.420976654343,68.26153920847952,21.091808988015515,-19.838046966952486,-176.47993080708076
19.8,101072.30336807575,86.93826415379213,4717.136194840494,-14.540802624452672,24.708102099884915,29873.995251395725,68.26153920847952,21.09216417251274,-19.830575996969262,-176.48032773408602
19.900000000000002,100953.88289492065,87.3803070381153,4717.2172380377515,-14.537440048938114,24.97396999071801,30035.40197858262,68.26153920847952,21.092518961459074,-19.82310453116478,-176.4807246546866
20.0,100835.48718828661,87.82237920675216,4717.29819167737,-14.534077065859957,25.24264141853784,30197.64525021496,68.26153920847952,21.09287335130535,-19.81563256970451,-176.48112156881103
20.1,100717.1162550142,88.26448065002184,4717.3790549572495,-14.530713673494505,25.514145293401267,30360.729176824414,68.26153920847952,21.09322733846601,-19.80816011275514,-176.48151847638712
20.200000000000003,100598.77010197658,88.70661135824565,4717.459827067075,-14.52734987010014,25.78851081600656,30524.657887544687,68.26153920847952,21.093580919318764,-19.80068716048462,-176.48191537734192
20.3,100480.44873608043,89.1487713216464,4717.540507188227,-14.523985653917126,26.06576748052635,30689.435530180814,68.26153920847952,21.093934090204204,-19.793213713062155,-176.48231227160173
20.400000000000002,100362.15216426505,89.59096053037949,4717.621094493703,-14.520621023167434,26.345945077471136,30855.066271280855,68.26153920847952,21.094286847425444,-19.78573977065821,-176.48270915909202
20.5,100243.88039350463,90.03317897452057,4717.701588148031,-14.51725597605456,26.62907369657216,31021.5542962034,68.26153920847952,21.094639187247736,-19.77826533344454,-176.48310603973752
20.6,100125.63343080645,90.47542664406724,4717.781987307186,-14.51389051076334,26.91518372970132,31188.90380919095,68.26153920847952,21.09499110589809,-19.770790401594198,-176.4835029134622
20.700000000000003,100007.41128321271,90.91770352891314,4717.862291118502,-14.51052462545976,27.204305873808973,31357.11903343792,68.26153920847952,21.095342599564898,-19.763314975281542,-176.48389978018915
20.8,99889.21395780053,91.36000961897642,4717.942498720587,-14.507158318290768,27.496471133894456,31526.20421116185,68.26153920847952,21.095693664397523,-19.755839054682255,-176.48429663984075
20.900000000000002,99771.04146168195,91.80234490394831,4718.022609243234,-14.503791587384093,27.79171082600372,31696.163603674227,68.26153920847952,21.09604429650594,-19.74836263997335,-176.48469349233847
21.0,99652.8938020044,92.2447093735345,4718.102621807336,-14.50042443084803,28.09005658025411,31867.001491450952,68.26153920847952,21.096394491960325,-19.740885731333204,-176.48509033760303
21.1,99534.77098595118,92.68710301738582,4718.18253552479,-14.497056846771278,28.391540343887478,32038.722174202914,68.26153920847952,21.096744246790646,-19.733408328941533,-176.48548717555428
21.200000000000003,99416.67302074237,93.12952582498954,4718.2623494984155,-14.493688833222716,28.696194384350356,32211.329970945895,68.26153920847952,21.097093556986284,-19.725930432979446,-176.48588400611123
21.3,99298.5999136339,93.57197778583756,4718.3420628218555,-14.490320388251215,29.004051292407766,32384.82922007326,68.26153920847952,21.09744241849559,-19.718452043629444,-176.48628082919208
21.400000000000002,99180.55167191941,94.01445888923568,4718.42167457949,-14.486951509885444,29.315143985278777,32559.22427942465,68.26153920847952,21.097790827225513,-19.710973161075415,-176.48667764471415
21.5,99062.52830292936,94.45696912453842,4718.5011838463415,-14.483582196133655,29.629505709808477,32734.5195263588,68.26153920847952,21.09813877904118,-19.703493785502683,-176.48707445259387
21.6,98944.5298140319,94.89950848090511,4718.58058968798,-14.4802124449835,29.947170045664766,32910.71935782375,68.26153920847952,21.098486269765434,-19.696013917097993,-176.48747125274681
21.700000000000003,98826.55621263385,95.34207694747903,4718.659891160431,-14.476842254401799,30.268170908564905,33087.82819042722,68.26153920847952,21.098833295178473,-19.688533556049542,-176.48786804508768
21.8,98708.60750618018,95.78467451326755,4718.739087310076,-14.473471622334355,30.59254255353533,33265.85046050874,68.26153920847952,21.09917985101737,-19.68105270254699,-176.48826482953024
21.900000000000002,98590.68370215455,96.22730116722512,4718.818177173562,-14.47010054670573,30.920319578199837,33444.79062421085,68.26153920847952,21.09952593297569,-19.673571356781462,-176.4886616059874
22.0,98472.78480808018,96.66995689825458,4718.897159777698,-14.46672902541904,31.25153692609685,33624.65315754954,68.26153920847952,21.099871536703002,-19.666089518945586,-176.48905837437118
22.1,98354.91083151987,97.1126416950633,4718.976034139361,-14.463357056355738,31.586229890029802,33805.442556485985,68.26153920847952,21.100216657804477,-19.658607189233496,-176.48945513459262
22.200000000000003,98237.06178007694,97.55535554636455,4719.054799265395,-14.459984637375403,31.924434115446164,33987.163336997066,68.26153920847952,21.100561291840453,-19.651124367840833,-176.48985188656184
22.3,98119.23766139429,97.99809844074683,4719.133454152508,-14.456611766315515,32.26618560385324,34169.82003514878,68.26153920847952,21.10090543432593,-19.643641054964792,-176.49024863018803
22.400000000000002,98001.43848315626,98.44087036672869,4719.211997787179,-14.453238440991244,32.61152071625725,34353.4172071653,68.26153920847952,21.10124908073019,-19.636157250804104,-176.49064536537946
22.5,97883.66425308865,98.88367131270853,4719.290429145546,-14.44986465919522,32.960476176640064,34537.959429501105,68.26153920847952,21.1015922264763,-19.62867295555908,-176.49104209204341
22.6,97765.91497895867,99.326501267019,4719.36874719331,-14.446490418697305,33.31308907546769,34723.451298912936,68.26153920847952,21.10193486694064,-19.621188169431598,-176.49143881008618
22.700000000000003,97648.1906685764,99.76936021790277,4719.4469508856255,-14.443115717244384,33.66939687322717,34909.89743252967,68.26153920847952,21.102276997452456,-19.613702892625156,-176.49183551941312
22.8,97530.49132979335,100.21224815347621,4719.525039167001,-14.439740552560117,34.029437404004895,35097.3024679268,68.26153920847952,21.10261861329341,-19.606217125344855,-176.49223221992858
22.900000000000002,97412.81697050482,100.65516506175771,4719.603010971187,-14.43636492234472,34.393248879086116,35285.671063194684,68.26153920847952,21.10295970969706,-19.59873086779742,-176.4926289115359
23.0,97295.1675986494,101.09811093073324,4719.680865221076,-14.432988824274728,34.76086989059687,35475.0078970117,68.26153920847952,21.103300281848423,-19.59124412019124,-176.49302559413738
23.1,97177.54322220944,101.54108574821834,4719.758600828583,-14.429612256002759,35.13233941517576,35665.317668715325,68.26153920847952,21.10364032488345,-19.583756882736356,-176.49342226763443
23.200000000000003,97059.94384921202,101.98408950197485,4719.83621669455,-14.426235215157279,35.50769681767919,35856.60509837322,68.26153920847952,21.10397983388858,-19.576269155644496,-176.49381893192728
23.3,96942.36948772846,102.42712217964976,4719.913711708624,-14.42285769934236,35.88698185492407,36048.8749268558,68.26153920847952,21.104318803900213,-19.568780939129084,-176.4942155869152
23.400000000000002,96824.82014587568,102.87018376880239,4719.991084749152,-14.41947970613744,36.270234679459946,36242.13191590646,68.26153920847952,21.10465722990423,-19.561292233405254,-176.4946122324964
23.5,96707.29583181627,103.3132742568694,4720.0683346830665,-14.41610123309707,36.65749584337961,36436.38084821353,68.26153920847952,21.104995106835478,-19.553803038689885,-176.49500886856796
23.6,96589.7965537589,103.7563936312043,4720.145460365774,-14.412722277750685,37.04880630216373,36631.62652748184,68.26153920847952,21.10533242957729,-19.546313355201587,-176.49540549502603
23.700000000000003,96472.32231995836,104.1995418790548,4720.2224606410355,-14.409342837602336,37.44420741856217,36827.873778504814,68.26153920847952,21.105669192960928,-19.53882318316075,-176.49580211176556
23.8,96354.87313871738,104.64271898754055,4720.299334340856,-14.405962910130448,37.84374096650472,37025.12744723362,68.26153920847952,21.106005391765102,-19.531332522789555,-176.49619871868043
23.900000000000002,96237.44901838573,105.08592494374122,4720.376080285366,-14.402582492787568,38.24744913505697,37223.392400850746,68.26153920847952,21.10634102071544,-19.523841374311967,-176.49659531566343
24.0,96120.04996736161,105.52915973458826,4720.452697282701,-14.399201583000101,38.65537453240475,37422.673527839775,68.26153920847952,21.10667607448394,-19.516349737953785,-176.4969919026062
24.1,96002.6759940912,105.97242334686791,4720.529184128885,-14.395820178168057,39.067560189881576,37622.975738058376,68.26153920847952,21.107010547688468,-19.50885761394264,-176.49738847939932
24.200000000000003,95885.32710707001,106.41571576727253,4720.605539607712,-14.392438275664789,39.48404956602607,37824.30396280779,68.26153920847952,21.1073444348922,-19.50136500250803,-176.49778504593215
24.3,95768.00331484294,106.85903698247442,4720.681762490618,-14.389055872836726,39.904886550681965,38026.663154905014,68.26153920847952,21.107677730603083,-19.493871903881324,-176.49818160209296
24.400000000000002,95650.70462600514,107.30238697892351,4720.757851536566,-14.385672967003108,40.33011546913169,38230.05828875298,68.26153920847952,21.108010429273293,-19.486378318295785,-176.49857814776882
24.5,95533.4310492021,107.74576574301823,4720.833805491916,-14.382289555455719,40.7597810862716,38434.49436041256,68.26153920847952,21.10834252529867,-19.478884245986592,-176.49897468284567
24.6,95416.1825931305,108.18917326105941,4720.909623090306,-14.378905635458613,41.19392861082179,38639.9763876729,68.26153920847952,21.108674013018177,-19.471389687190854,-176.49937120720818
24.700000000000003,95298.95926653827,108.63260951915794,4720.985303052521,-14.37552120424784,41.632603699577274,38846.5094101229,68.26153920847952,21.109004886713322,-19.46389464214764,-176.49976772073992
24.8,95181.76107822545,109.07607450336786,4721.060844086367,-14.372136259031175,42.07585246169544,39054.098489221644,68.26153920847952,21.109335140607588,-19.456399111097983,-176.50016422332317
24.900000000000002,95064.58803704428,109.51956819964084,4721.136244886544,-14.368750796987825,42.52372146302502,39262.74870836979,68.26153920847952,21.109664768865873,-19.448903094284915,-176.50056071483905
25.0,94947.44015190098,109.96309059378154,4721.211504134513,-14.365364815268167,42.976257730468305,39472.465172978045,68.26153920847952,21.10999376559388,-19.44140659195348,-176.50095719516733
25.1,94830.3174317549,110.40664167146242,4721.28662049837,-14.361978310993445,43.4335087563928,39683.25301054006,68.26153920847952,21.11032212483758,-19.433909604350752,-176.5013536641867
25.200000000000003,94713.21988561936,110.8502214182841,4721.361592632708,-14.358591281255489,43.89552250307695,39895.11737070248,68.26153920847952,21.11064984058257,-19.426412131725858,-176.50175012177448
25.3,94596.14752256265,111.29382981966177,4721.436419178489,-14.355203723116427,44.362347407194974,40108.063425334236,68.26153920847952,21.11097690675351,-19.41891417433,-176.5021465678067
25.400000000000002,94479.10035170848,111.73746686097799,4721.511098762902,-14.351815633608393,44.834032384345335,40322.09636859708,68.26153920847952,21.111303317213494,-19.41141573241647,-176.5025430021582
25.5,94362.07838223642,112.18113252737783,4721.585629999236,-14.348427009733225,45.31062683361958,40537.22141701581,68.26153920847952,21.11162906576347,-19.403916806240684,-176.50293942470245
25.6,94245.08162338147,112.624826804001,4721.660011486732,-14.345037848462173,45.79218064221662,40753.44380954999,68.26153920847952,21.111954146141596,-19.396417396060187,-176.50333583531156
25.700000000000003,94128.11008443683,113.06854967576693,4721.734241810457,-14.34164814673559,46.27874419008576,40970.76880765986,68.26153920847952,21.11227855202265,-19.388917502134685,-176.50373223385643
25.8,94011.16377475252,113.51230112752565,4721.808319541152,-14.338257901462644,46.77036835462824,41189.201695379365,68.26153920847952,21.112602277017384,-19.38141712472607,-176.50412862020653
25.900000000000002,93894.24270373676,113.95608114396943,4721.882243235096,-14.334867109520983,47.26710451543077,41408.747779384445,68.26153920847952,21.11292531467189,-19.373916264098423,-176.50452499423002
26.0,93777.34688085644,114.3998897096917,4721.956011433965,-14.331475767756453,47.7690045590446,41629.41238906236,68.26153920847952,21.11324765846697,-19.366414920518054,-176.5049213557937
26.1,93660.47631563758,114.84372680909998,4722.029622664683,-14.328083872982766,48.276120883808545,41851.20087658123,68.26153920847952,21.113569301817503,-19.358913094253527,-176.50531770476294
26.200000000000003,93543.63101766678,115.28759242653045,4722.103075439282,-14.324691421981202,48.788506404711214,42074.11861695754,68.26153920847952,21.11389023807176,-19.351410785575663,-176.50571404100177
26.3,93426.81099658972,115.731486546161,4722.176368254752,-14.321298411500266,49.306214558309286,42298.17100812879,68.26153920847952,21.1142104605108,-19.343907994757583,-176.50611036437277
26.400000000000002,93310.01626211451,116.17540915203611,4722.249499592891,-14.317904838255386,49.829299307669494,42523.36347101701,68.26153920847952,21.114529962347753,-19.336404722074715,-176.5065066747371
26.5,93193.24682401028,116.61936022802583,4722.322467920159,-14.314510698928581,50.35781514737579,42749.70144960109,68.26153920847952,21.11484873672718,-19.32890096780483,-176.5069029719545
26.6,93076.50269210804,117.06333975796015,4722.395271687527,-14.311115990168133,50.89181710857128,42977.19041098444,68.26153920847952,21.115166776724397,-19.32139673222806,-176.50729925588328
26.700000000000003,92959.78387630265,117.50734772541199,4722.467909330322,-14.307720708588255,51.43136076404117,43205.83584546078,68.26153920847952,21.1154840753448,-19.313892015626923,-176.50769552638022
26.8,92843.0903865518,117.95138411389749,4722.540379268072,-14.304324850768754,51.9765022333539,43435.64326658477,68.26153920847952,21.115800625523143,-19.306386818286338,-176.5080917833007
26.900000000000002,92726.42223287746,118.39544890676896,4722.612679904355,-14.300928413254704,52.52729818803762,43666.6182112382,68.26153920847952,21.11611642012288,-19.298881140493663,-176.5084880264985
27.0,92609.77942536678,118.83954208723951,4722.68480962664,-14.29753139255609,53.08380585680603,43898.76623969701,68.26153920847952,21.116431451935455,-19.291374982538713,-176.50888425582596
27.1,92493.16197417211,119.28366363834279,4722.756766806127,-14.294133785147478,53.646083030833886,44132.09293569933,68.26153920847952,21.116745713679578,-19.283868344713785,-176.5092804711339
27.200000000000003,92376.56988951145,119.72781354301125,4722.82854979759,-14.290735587467658,54.21418806907903,44366.60390651297,68.26153920847952,21.11705919800053,-19.27636122731368,-176.50967667227155
27.3,92260.00318167033,120.1719917840035,4722.900156939213,-14.287336795919298,54.78817990364461,44602.3047829997,68.26153920847952,21.117371897469425,-19.268853630635732,-176.51007285908662
27.400000000000002,92143.46186100133,120.61619834394989,4722.971586552429,-14.28393740686859,55.36811804519987,44839.20121968357,68.26153920847952,21.117683804582505,-19.261345554979833,-176.5104690314252
27.5,92026.94593792502,121.06043320531282,4723.042836941753,-14.280537416644892,55.95406258844394,45077.29889481684,68.26153920847952,21.11799491176037,-19.25383700064846,-176.5108651891319
27.6,91910.45542293089,121.50469635043183,4723.113906394622,-14.277136821540363,56.54607421761677,45316.60351044496,68.26153920847952,21.118305211347273,-19.24632796794669,-176.51126133204957
27.700000000000003,91793.9903265778,121.94898776143148,4723.18479318122,-14.273735617809612,57.14421421206266,45557.12079247268,68.26153920847952,21.11861469561035,-19.238818457182248,-176.51165746001953
27.8,91677.5506594954,122.39330742035081,4723.255495554313,-14.270333801669315,57.748544451837724,45798.856490727725,68.26153920847952,21.11892335673886,-19.231308468665507,-176.51205357288146
27.900000000000002,91561.13643238321,122.8376553090304,4723.326011749078,-14.266931369297856,58.35912742337963,46041.81637902895,68.26153920847952,21.119231186843443,-19.22379800270954,-176.51244967047336
28.0,91444.74765601289,123.28203140916769,4723.39633998293,-14.263528316834943,58.976026225211,46286.00625524773,68.26153920847952,21.119538177955327,-19.216287059630126,-176.51284575263156
28.1,91328.38434122829,123.72643570229911,4723.466478455348,-14.26012464038124,59.599304573705055,46531.43194137356,68.26153920847952,21.119844322025568,-19.208775639745788,-176.51324181919074
28.200000000000003,91212.04649894591,124.17086816980304,4723.536425347699,-14.25672033599798,60.22902680890001,46778.09928357831,68.26153920847952,21.12014961092424,-19.20126374337782,-176.51363786998382
28.3,91095.7341401563,124.61532879289214,4723.606178823063,-14.253315399706576,60.86525790036053,47026.01415227855,68.26153920847952,21.120454036439682,-19.19375137085031,-176.51403390484202
28.400000000000002,90979.4472759245,125.05981755257574,4723.675737026049,-14.249909827488242,61.50806345309554,47275.18244219922,68.26153920847952,21.120757590277655,-19.186238522490186,-176.51442992359486
28.5,90863.18591739098,125.50433442977547,4723.745098082623,-14.246503615283594,62.15750971352585,47525.61007243591,68.26153920847952,21.121060264060578,-19.178725198627202,-176.51482592607
28.6,90746.95007577166,125.94887940519473,4723.814260099917,-14.243096758992255,62.81366357550982,47777.302986518924,68.26153920847952,21.121362049326667,-19.171211399594014,-176.51522191209344
28.700000000000003,90630.73976235883,126.39345245940382,4723.883221166049,-14.23968925447246,63.47659258641711,48030.26715247487,68.26153920847952,21.121662937529155,-19.163697125726184,-176.5156178814893
28.8,90514.55498852348,126.83805357273103,4723.951979349938,-14.236281097540642,64.14636495324783,48284.50856288496,68.26153920847952,21.121962920035433,-19.156182377362217,-176.51601383407998
28.900000000000002,90398.39576571342,127.2826827253777,4724.020532701113,-14.232872283971039,64.82304954882906,48540.033234951654,68.26153920847952,21.122261988126223,-19.148667154843583,-176.51640976968594
29.0,90282.26210545609,127.72733989741052,4724.088879249528,-14.229462809495267,65.50671591804046,48796.84721055531,68.26153920847952,21.122560132994728,-19.14115145851475,-176.51680568812588
29.1,90166.15401935903,128.17202506864388,4724.15701700537,-14.226052669801923,66.19743428410652,49054.956556315075,68.26153920847952,21.122857345745796,-19.133635288723212,-176.5172015892166
29.200000000000003,90050.07151910989,128.61673821875385,4724.224943958863,-14.22264186053615,66.89527555494739,49314.36736365023,68.26153920847952,21.123153617395026,-19.12611864581954,-176.517597472773
29.3,89934.01461647777,129.06147932724116,4724.292658080077,-14.219230377299223,67.60031132957785,49575.08574883868,68.26153920847952,21.12344893886792,-19.11860153015737,-176.5179933386081
29.400000000000002,89817.98332331376,129.50624837341408,4724.36015731873,-14.215818215648122,68.31261390456665,49837.11785307631,68.26153920847952,21.123743300999003,-19.111083942093476,-176.518389186533
29.5,89701.9776515523,129.9510453363822,4724.42743960399,-14.2124053710951,69.0322562805479,50100.46984253429,68.26153920847952,21.12403669453094,-19.10356588198778,-176.51878501635684
29.6,89585.99761321163,130.39587019512862,4724.494502844276,-14.208991839107243,69.75931216879394,50365.1479084176,68.26153920847952,21.12432911011362,-19.09604735020338,-176.5191808278868
29.700000000000003,89470.04322039429,130.84072292836515,4724.561344927054,-14.205577615106042,70.49385599784662,50631.15826702345,68.26153920847952,21.124620538303287,-19.088528347106607,-176.51957662092812
29.8,89354.11448528804,131.28560351467377,4724.627963718634,-14.202162694466944,71.23596292020332,50898.507159797846,68.26153920847952,21.1249109695616,-19.081008873067017,-176.51997239528396
29.900000000000002,89238.21142016817,131.73051193243086,4724.694357063966,-14.198747072518906,71.98570881905165,51167.20085338861,68.26153920847952,21.125200394254723,-19.073488928457454,-176.52036815075553
30.0,89122.33403739566,132.17544815981088,4724.760522786429,-14.19533074454394,72.74317031509045,51437.24563970733,68.26153920847952,21.125488802652406,-19.065968513654084,-176.52076388714198
30.1,89006.48234942043,132.62041217480916,4724.826458687623,-14.191913705776667,73.50842477337657,51708.64783597909,68.26153920847952,21.125776184927027,-19.058447629036408,-176.52115960424038
30.200000000000003,88890.65636878135,133.06540395520622,4724.89216254716,-14.188495951403848,74.28155031025278,51981.41378479928,68.26153920847952,21.126062531152684,-19.050926274987308,-176.52155530184572
30.3,88774.85610810667,133.5104234785909,4724.957632122446,-14.185077476563926,75.06262580033145,52255.54985418818,68.26153920847952,21.12634783130418,-19.043404451893082,-176.52195097975093
30.400000000000002,88659.08158011502,133.95547072238242,4725.022865148469,-14.181658276346553,75.85173088353795,52531.06243764486,68.26153920847952,21.126632075256133,-19.035882160143466,-176.52234663774672
30.5,88543.33279761719,134.40054566374775,4725.087859337577,-14.178238345792126,76.64894597220662,52807.95795419733,68.26153920847952,21.12691525278193,-19.028359400131684,-176.52274227562177
30.6,88427.60977351619,134.84564827965318,4725.152612379267,-14.1748176798913,77.45435225825162,53086.24284845708,68.26153920847952,21.127197353552816,-19.020836172254484,-176.5231378931625
30.700000000000003,88311.91252080863,135.29077854691494,4725.217121939954,-14.171396273584511,78.26803172039008,53365.92359066932,68.26153920847952,21.127478367136842,-19.013312476912144,-176.5235334901532
30.8,88196.24105258519,135.73593644206974,4725.281385662753,-14.167974121761494,79.09006713143384,53647.00667676501,68.26153920847952,21.12775828299791,-19.005788314508546,-176.52392906637593
30.900000000000002,88080.59538203152,136.18112194150174,4725.34540116725,-14.164551219260789,79.9205420656412,53929.4986284111,68.26153920847952,21.128037090494743,-18.99826368545118,-176.52432462161053
31.0,87964.97552243015,136.62633502134167,4725.4091660492795,-14.161127560869241,80.75954090612451,54213.405993057706,68.26153920847952,21.12831477887987,-18.990738590151214,-176.52472015563453
31.1,87849.38148715952,137.0715756575087,4725.472677880688,-14.157703141321514,81.60714885234236,54498.7353439915,68.26153920847952,21.128591337298595,-18.983213029023485,-176.52511566822324
31.200000000000003,87733.81328969728,137.51684382574174,4725.535934209107,-14.154277955299575,82.46345192762521,54785.49328037825,68.26153920847952,21.128866754787975,-18.975687002486577,-176.52551115914966
31.3,87618.27094361978,137.96213950151878,4725.598932557716,-14.150851997432188,83.32853698679232,55073.6864273134,68.26153920847952,21.12914102027575,-18.96816051096284,-176.5259066281845
31.400000000000002,87502.75446260348,138.4074626601167,4725.661670425006,-14.147425262294405,84.20249172382144,55363.32143586785,68.26153920847952,21.129414122579313,-18.960633554878424,-176.52630207509603
31.5,87387.26386042498,138.85281327659624,4725.724145284547,-14.143997744407041,85.08540467959317,55654.40498313606,68.26153920847952,21.12968605040463,-18.95310613466334,-176.52669749965023
31.6,87271.79915096378,139.29819132575938,4725.786354584739,-14.140569438236161,85.9773652496813,55946.94377227658,68.26153920847952,21.129956792345144,-18.945578250751456,-176.52709290161067
31.700000000000003,87156.36034820229,139.74359678220853,4725.84829574857,-14.13714033819254,86.87846369223051,56240.94453255871,68.26153920847952,21.130226336880735,-18.938049903580577,-176.5274882807385
31.8,87040.9474662263,140.18902962032246,4725.909966173381,-14.13371043863114,87.78879113589727,56536.41401940731,68.26153920847952,21.130494672376592,-18.930521093592464,-176.5278836367924
31.900000000000002,86925.56051922683,140.63448981419603,4725.971363230604,-14.130279733850564,88.7084395878483,56833.359014443115,68.26153920847952,21.130761787082104,-18.922991821232873,-176.52827896952863
32.0,86810.19952150155,141.07997733778106,4726.032484265524,-14.12684821809253,89.63750194182971,57131.78632552349,68.26153920847952,21.131027669129764,-18.915462086951607,-176.52867427870095
32.1,86694.8644874543,141.52549216466204,4726.093326597021,-14.123415885541299,90.5760719863201,57431.70278678712,68.26153920847952,21.13129230653404,-18.90793189120254,-176.5290695640606
32.2,86579.55543159787,141.97103426833314,4726.153887517316,-14.119982730323144,91.52424441272586,57733.11525868924,68.26153920847952,21.131555687190207,-18.90040123444367,-176.5294648253562
32.300000000000004,86464.27236855356,142.41660362192937,4726.2141642917195,-14.116548746505782,92.48211482367303,58036.030628044726,68.26153920847952,21.131817798873254,-18.89287011713715,-176.529860062334
32.4,86349.01531305304,142.86220019841187,4726.274154158365,-14.113113928097809,93.44977974134963,58340.4558080639,68.26153920847952,21.132078629236673,-18.88533853974934,-176.5302552747375
32.5,86233.78427993972,143.3078239704454,4726.333854327952,-14.109678269048143,94.42733661592254,58646.397738388994,68.26153920847952,21.132338165811333,-18.877806502750847,-176.5306504623076
32.6,86118.57928416925,143.75347491046543,4726.393261983485,-14.106241763245436,95.41488383403254,58953.86338513166,68.26153920847952,21.132596396004267,-18.870274006616548,-176.5310456247826
32.7,86003.40034081042,144.199152990655,4726.45237428,-14.102804404517512,96.41252072735755,59262.85974090867,68.26153920847952,21.13285330709752,-18.862741051825665,-176.53144076189812
32.800000000000004,85888.24746504705,144.6448581829665,4726.511188344303,-14.099366186630771,97.42034758123968,59573.39382487398,68.26153920847952,21.133108886246895,-18.85520763886178,-176.53183587338708
32.9,85773.12067217892,145.09059045905454,4726.569701274694,-14.095927103289606,98.43846564339214,59885.472682752246,68.26153920847952,21.133363120480805,-18.847673768212896,-176.53223095897968
33.0,85658.0199776222,145.53634979035107,4726.627910140697,-14.092487148135802,99.46697713268385,60199.10338687271,68.26153920847952,21.133615996699,-18.840139440371473,-176.5326260184034
33.1,85542.94539691135,145.98213614799866,4726.685811982782,-14.089046314747948,100.5059852479852,60514.293036198185,68.26153920847952,21.133867501671364,-18.832604655834466,-176.5330210513829
33.2,85427.89694569958,146.42794950287228,4726.743403812086,-14.085604596640819,101.55559417709928,60831.04875635663,68.26153920847952,21.134117622036637,-18.825069415103385,-176.53341605764004
33.300000000000004,85312.87463976117,146.8737898256098,4726.800682610136,-14.08216198726477,102.61590910575227,61149.377699666955,68.26153920847952,21.13436634430121,-18.81753371868433,-176.5338110368939
33.4,85197.87849499146,147.31965708656327,4726.85764532856,-14.078718480005126,103.68703622667799,61469.28704516954,68.26153920847952,21.134613654837807,-18.80999756708804,-176.53420598886066
33.5,85082.90852740873,147.76555125580356,4726.914288888803,-14.075274068181548,104.76908274876267,61790.78399865102,68.26153920847952,21.13485953988423,-18.802460960829936,-176.53460091325363
33.6,84967.96475315513,148.21147230312437,4726.97061018184,-14.071828745047412,105.86215690627306,62113.875792670166,68.26153920847952,21.135103985542067,-18.794923900430163,-176.53499580978314
33.7,84853.04718849761,148.65742019806382,4727.026606067884,-14.068382503789177,106.96636796816145,62438.56968658264,68.26153920847952,21.135346977775384,-18.787386386413655,-176.5353906781567
33.800000000000004,84738.15584982932,149.1033949098654,4727.08227337609,-14.064935337525746,108.08182624744366,62764.872966563475,68.26153920847952,21.135588502409426,-18.77984841931016,-176.5357855180787
33.9,84623.2907536719,149.54939640749092,4727.137608904258,-14.061487239307812,109.20864311064454,63092.79294562538,68.26153920847952,21.135828545129264,-18.7723099996543,-176.5361803292507
34.0,84508.45191667462,149.99542465961622,4727.192609418537,-14.058038202117219,110.34693098735404,63422.33696364526,68.26153920847952,21.13606709147847,-18.76477112798562,-176.5365751113711
34.1,84393.63935561804,150.44147963461,4727.247271653121,-14.054588218866295,111.49680337981545,63753.51238737618,68.26153920847952,21.136304126857773,-18.757231804848637,-176.53696986413524
34.2,84278.85308741266,150.88756130058078,4727.301592309944,-14.051137282397196,112.6583748726439,64086.3266104726,68.26153920847952,21.1365396365237,-18.74969203079287,-176.53736458723546
34.300000000000004,84164.0931291026,151.3336696253217,4727.355568058371,-14.047685385481238,113.83176114257265,64420.7870534996,68.26153920847952,21.13677360558718,-18.74215180637292,-176.53775928036086
34.4,84049.35949786566,151.77980457635712,4727.409195534892,-14.04423252081821,115.01707896831792,64756.90116395176,68.26153920847952,21.137006019012166,-18.734611132148505,-176.53815394319747
34.5,83934.65221101465,152.22596612086284,4727.462471342805,-14.040778681035714,116.2144462405084,65094.67641626612,68.26153920847952,21.137236861614262,-18.727070008684503,-176.5385485754281
34.6,83819.97128599882,152.67215422572963,4727.5153920519,-14.037323858688458,117.42398197169769,65434.120311834326,68.26153920847952,21.13746611805925,-18.71952843655102,-176.53894317673237
34.7,83705.31674040528,153.11836885755937,4727.567954198143,-14.033868046257572,118.64580630645739,65775.24037901293,68.26153920847952,21.137693772861738,-18.711986416323423,-176.53933774678663
34.800000000000004,83590.68859196082,153.56460998261073,4727.620154283351,-14.030411236149906,119.88004053154722,66118.04417313113,68.26153920847952,21.137919810383668,-18.70444394858241,-176.53973228526394
34.9,83476.08685853193,154.01087756688753,4727.671988774872,-14.026953420697327,121.12680708618755,66462.5392765023,68.26153920847952,21.138144214832874,-18.69690103391405,-176.54012679183407
35.0,83361.51155812759,154.45717157602618,4727.723454105252,-14.023494592156,122.38622957238604,66808.73329842614,68.26153920847952,21.13836697026165,-18.689357672909843,-176.54052126616347
35.1,83246.96270889975,154.90349197536742,4727.774546671908,-14.020034742705679,123.6584327653718,67156.63387519574,68.26153920847952,21.138588060565237,-18.681813866166767,-176.54091570791513
35.2,83132.44032914471,155.3498387298862,4727.825262836794,-14.016573864448972,124.9435426241047,67506.24867010076,68.26153920847952,21.13880746948034,-18.67426961428734,-176.54131011674872
35.300000000000004,83017.94443730544,155.79621180430408,4727.8755989260635,-14.013111949410616,126.24168630185834,67857.58537342594,68.26153920847952,21.139025180583644,-18.66672491787967,-176.54170449232043
35.4,82903.47505197208,156.2426111629779,4727.925551229734,-14.009648989536736,127.55299215690923,68210.65170245383,68.26153920847952,21.13924117729028,-18.659179777557508,-176.54209883428297
35.5,82789.0321918833,156.6890367698971,4727.975116001338,-14.006184976694096,128.8775897633009,68565.45540146274,68.26153920847952,21.139455442852288,-18.651634193940303,-176.5424931422855
35.6,82674.61587592866,157.13548858877851,4728.024289457585,-14.002719902669353,130.21560992168457,68922.00424172069,68.26153920847952,21.139667960357095,-18.644088167653273,-176.54288741597372
35.7,82560.2261231495,157.58196658298093,4728.073067778006,-13.9992537591683,131.5671846702613,69280.30602148146,68.26153920847952,21.139878712725938,-18.636541699327438,-176.5432816549897
35.800000000000004,82445.86295273993,158.0284707154859,4728.121447104606,-13.99578653781509,132.9324472958127,69640.3685659793,68.26153920847952,21.140087682712295,-18.628994789599698,-176.54367585897188
35.9,82331.5263840491,158.47500094899198,4728.169423541509,-13.992318230151477,134.31153234480183,70002.19972741712,68.26153920847952,21.140294852900315,-18.621447439112877,-176.54407002755505
36.0,82217.21643658215,158.92155724578993,4728.216993154599,-13.988848827636032,135.7045756345802,70365.80738495795,68.26153920847952,21.140500205703187,-18.61389964851579,-176.54446416037035
36.1,82102.93313000211,159.36813956784067,4728.264151971159,-13.98537832164335,137.11171426467158,70731.1994447109,68.26153920847952,21.140703723361568,-18.606351418463294,-176.54485825704518
36.2,81988.67648413125,159.81474787677206,4728.310895979507,-13.981906703463267,138.53308662815073,71098.38383971713,68.26153920847952,21.140905387941913,-18.598802749616354,-176.54525231720314
36.300000000000004,81874.44651895249,160.26138213382757,4728.357221128629,-13.97843396430005,139.9688324231125,71467.36852993412,68.26153920847952,21.14110518133485,-18.591253642642105,-176.5456463404641
36.4,81760.24325461127,160.70804229990364,4728.4031233278065,-13.974960095271605,141.41909266422547,71838.161502216,68.26153920847952,21.141303085253536,-18.5837040982139,-176.54604032644403
36.5,81646.06671141647,161.1547283354909,4728.4485984462435,-13.971485087408645,142.88400969438763,72210.77077029564,68.26153920847952,21.141499081231956,-18.576154117011388,-176.5464342747551
36.6,81531.91690984322,161.60144020076712,4728.493642312689,-13.968008931653873,144.36372719644973,72585.2043747579,68.26153920847952,21.14169315062326,-18.568603699720565,-176.5468281850055
36.7,81417.79387053335,162.04817785550654,4728.538250715057,-13.964531618861164,145.8583902050617,72961.47038301943,68.26153920847952,21.141885274598046,-18.56105284703384,-176.54722205679954
36.800000000000004,81303.69761429727,162.49494125913316,4728.582419400041,-13.961053139794714,147.3681451185914,73339.57688930095,68.26153920847952,21.14207543414265,-18.553501559650083,-176.54761588973747
36.9,81189.62816211535,162.9417303706229,4728.626144072727,-13.957573485128204,148.8931397111438,73719.53201459943,68.26153920847952,21.14226361005742,-18.545949838274723,-176.5480096834156
37.0,81075.58553514071,163.38854514866713,4728.669420396203,-13.954092645443946,150.43352314465508,74101.34390665372,68.26153920847952,21.142449782954955,-18.538397683619785,-176.54840343742606
37.1,80961.56975469971,163.83538555146492,4728.712243991166,-13.950610611232028,151.98944598111044,74485.02073991532,68.26153920847952,21.142633933258352,-18.53084509640395,-176.54879715135704
37.2,80847.58084229333,164.28225153690968,4728.754610435521,-13.947127372889433,153.5610601948453,74870.57071551406,68.26153920847952,21.14281604119942,-18.52329207735265,-176.54919082479245
37.300000000000004,80733.61881960044,164.7291430624532,4728.796515263979,-13.943642920719189,155.14851918491516,75258.00206121545,68.26153920847952,21.142996086816897,-18.515738627198097,-176.54958445731205
37.4,80619.68370847823,165.176060085158,4728.837953967659,-13.940157244929466,156.75197778759912,75647.32303138498,68.26153920847952,21.143174049954624,-18.508184746679383,-176.5499780484914
37.5,80505.77553096414,165.62300256167987,4728.878921993673,-13.936670335632693,158.37159228898065,76038.54190694558,68.26153920847952,21.143349910259744,-18.500630436542526,-176.55037159790177
37.6,80391.89430927765,166.06997044827298,4728.919414744717,-13.933182182844662,160.0075204376243,76431.66699533253,68.26153920847952,21.143523647180835,-18.49307569754054,-176.55076510511014
37.7,80278.04006582219,166.5169637007726,4728.959427578652,-13.929692776483623,161.65992145734884,76826.7066304461,68.26153920847952,21.14369523996607,-18.485520530433515,-176.55115856967913
37.800000000000004,80164.21282318654,166.96398227463132,4728.9989558080915,-13.926202106369368,163.3289560601056,77223.66917260362,68.26153920847952,21.143864667661337,-18.477964935988677,-176.55155199116697
37.9,80050.4126041471,167.41102612481697,4729.037994699972,-13.922710162222307,165.01478645894053,77622.56300848551,68.26153920847952,21.144031909108342,-18.470408914980457,-176.55194536912748
38.0,79936.63943166938,167.85809520594157,4729.07653947513,-13.919216933662542,166.717576381067,78023.39655108213,68.26153920847952,21.144196942942724,-18.46285246819057,-176.55233870310997
38.1,79822.89332890976,168.30518947214395,4729.11458530787,-13.915722410208927,168.43749108103313,78426.1782396368,68.26153920847952,21.144359747592098,-18.455295596408067,-176.55273199265923
38.2,79709.17431921745,168.7523088771572,4729.152127325533,-13.912226581278123,170.1746973539858,78830.91653958581,68.26153920847952,21.14452030127416,-18.447738300429446,-176.5531252373155
38.300000000000004,79595.48242613627,169.19945337425318,4729.189160608057,-13.908729436183647,171.92936354903605,79237.61994249608,68.26153920847952,21.144678581994675,-18.440180581058673,-176.5535184366144
38.400000000000006,79481.81767340703,169.64662291631694,4729.225680187535,-13.905230964134896,173.70165958271718,79646.29696599842,68.26153920847952,21.14483456754556,-18.43262243910729,-176.55391159008693
38.5,79368.18008496799,170.09381745568592,4729.26168104777,-13.901731154236192,175.49175695257125,80056.95615372488,68.26153920847952,21.14498823550285,-18.42506387539449,-176.55430469725937
38.6,79254.56968495855,170.54103694438277,4729.297158123828,-13.898229995485792,177.29982875078798,80469.60607523144,68.26153920847952,21.14513956322472,-18.417504890747157,-176.55469775765323
38.7,79140.98649771977,170.98828133384953,4729.332106301582,-13.894727476774902,179.12604967799436,80884.25532592983,68.26153920847952,21.145288527849438,-18.409945485999994,-176.55509077078526
38.800000000000004,79027.43054779666,171.4355505751649,4729.366520417256,-13.891223586886678,180.97059605711877,81300.91252700982,68.26153920847952,21.145435106293327,-18.40238566199555,-176.55548373616733
38.900000000000006,78913.90185994096,171.88284461888472,4729.400395256964,-13.887718314495228,182.83364584734755,81719.58632535663,68.26153920847952,21.145579275248718,-18.39482541958433,-176.55587665330654
39.0,78800.40045911167,172.3301634151456,4729.433725556246,-13.884211648164586,184.71537865822532,82140.2853934745,68.26153920847952,21.14572101118186,-18.38726475962485,-176.55626952170493
39.1,78686.9263704787,172.77750691356664,4729.466505999599,-13.880703576347694,186.61597576380223,82563.01842939467,68.26153920847952,21.14586029033082,-18.379703682983727,-176.55666234085962
39.2,78573.47961942293,173.22487506334488,4729.498731220002,-13.877194087385373,188.53562011694865,82987.79415659454,68.26153920847952,21.145997088703385,-18.37214219053576,-176.55705511026272
39.300000000000004,78460.06023153989,173.67226781312806,4729.530395798441,-13.873683169505277,190.47449636371164,83414.62132389977,68.26153920847952,21.146131382074916,-18.364580283164006,-176.5574478294012
39.400000000000006,78346.66823264118,174.11968511111732,4729.561494263427,-13.870170810820843,192.43279085781393,83843.50870539222,68.26153920847952,21.146263145986193,-18.357017961759855,-176.55784049775704
39.5,78233.30364875589,174.56712690507308,4729.592021090515,-13.866656999330237,194.4106916752603,84274.46510031426,68.26153920847952,21.14639235574128,-18.349455227223114,-176.5582331148069
39.6,78119.96650613425,175.0145931421524,4729.621970701805,-13.863141722915273,196.40838862900634,84707.49933296141,68.26153920847952,21.14651898640529,-18.34189208046209,-176.5586256800223
39.7,78006.65683124773,175.46208376909914,4729.65133746546,-13.85962496934035,198.42607328380083,85142.62025258597,68.26153920847952,21.146643012802205,-18.334328522393694,-176.55901819286942
39.800000000000004,77893.37465079268,175.90959873211102,4729.680115695198,-13.856106726251355,200.46393897106728,85579.83673328279,68.26153920847952,21.14676440951266,-18.32676455394347,-176.5594106528092
39.900000000000006,77780.11999169225,176.35713797691923,4729.708299649799,-13.852586981174568,202.52218080392507,86019.15767387918,68.26153920847952,21.146883150871677,-18.319200176045737,-176.55980305929717
40.0,77666.89288109774,176.8047014486714,4729.735883532593,-13.84906572151556,204.60099569232634,86460.5919978228,68.26153920847952,21.14699921096642,-18.31163538964364,-176.5601954117834
40.1,77553.69334639143,177.25228909206143,4729.76286149095,-13.845542934558074,206.7005823582753,86904.14865306107,68.26153920847952,21.1471125636339,-18.304070195689246,-176.56058770971256
40.2,77440.52141518844,177.69990085124215,4729.789227615768,-13.842018607462895,208.82114135117212,87349.83661192059,68.26153920847952,21.14722318245869,-18.296504595143634,-176.56097995252372
40.300000000000004,77327.3771153395,178.14753666981022,4729.8149759409525,-13.838492727266727,210.96287506324754,87797.6648709792,68.26153920847952,21.14733104077058,-18.28893858897698,-176.5613721396504
40.400000000000006,77214.26047493238,178.59519649084905,4729.8401004428915,-13.834965280881041,213.125987745132,88247.64245094007,68.26153920847952,21.147436111642268,-18.281372178168635,-176.5617642705204
40.5,77101.17152229464,179.04288025689976,4729.86459503993,-13.831436255090917,215.31068552150754,88699.77839649646,68.26153920847952,21.14753836788697,-18.273805363707226,-176.562156344556
40.6,76988.11028599553,179.49058790996065,4729.888453591834,-13.827905636553886,217.51717640688662,89154.08177619663,68.26153920847952,21.14763778205606,-18.266238146590748,-176.56254836117355
40.7,76875.07679484924,179.9383193914941,4729.911669899259,-13.824373411798756,219.7456703214729,89610.56168229906,68.26153920847952,21.147734326436655,-18.25867052782664,-176.5629403197837
40.800000000000004,76762.07107791584,180.38607464237646,4729.9342377032035,-13.820839567224422,221.99637910717786,90069.22723063367,68.26153920847952,21.147827973049218,-18.251102508431895,-176.56333221979128
40.900000000000006,76649.0931645045,180.83385360292667,4729.956150684465,-13.817304089098673,224.2695165437017,90530.08756044926,68.26153920847952,21.14791869364509,-18.243534089433133,-176.56372406059506
41.0,76536.14308417542,181.28165621292018,4729.977402463091,-13.813766963556995,226.56529836475173,90993.15183426296,68.26153920847952,21.14800645970405,-18.23596527186671,-176.56411584158798
41.1,76423.22086674254,181.72948241156766,4729.99798659782,-13.810228176601347,228.88394227435373,91458.42923770161,68.26153920847952,21.148091242431818,-18.228396056778806,-176.56450756215688
41.2,76310.32654227596,182.17733213744458,4730.0178965855275,-13.806687714098938,231.2256679632824,91925.92897934119,68.26153920847952,21.148173012757564,-18.22082644522552,-176.56489922168254
41.300000000000004,76197.46014110371,182.62520532861828,4730.037125860656,-13.803145561780992,233.5906971256145,92395.66029054405,68.26153920847952,21.148251741331386,-18.213256438272964,-176.5652908195396
41.400000000000006,76084.6216938151,183.07310192250742,4730.055667794648,-13.799601705241502,235.97925347536233,92867.63242528582,68.26153920847952,21.14832739852176,-18.20568603699736,-176.56568235509647
41.5,75971.81123126205,183.52102185598764,4730.073515695373,-13.796056129935975,238.39156276326025,93341.85465998625,68.26153920847952,21.148399954412977,-18.198115242485144,-176.56607382771537
41.6,75859.02878456283,183.9689650652867,4730.09066280655,-13.792508821180164,240.82785279361238,93818.33629332566,68.26153920847952,21.148469378802552,-18.190544055833055,-176.5664652367521
41.7,75746.27438510349,184.4169314860482,4730.10710230716,-13.788959764148785,243.28835344130218,94297.0866460668,68.26153920847952,21.148535641198627,-18.18297247814824,-176.56685658155615
41.800000000000004,75633.54806454107,184.8649210533248,4730.12282731086,-13.785408943874234,245.7732966688761,94778.11506086477,68.26153920847952,21.148598710817332,-18.175400510548357,-176.56724786147058
41.900000000000006,75520.84985480597,185.31293370151622,4730.137830865391,-13.781856345245288,248.2829165437569,95261.43090207562,68.26153920847952,21.148658556580138,-18.167828154161665,-176.5676390758319
42.0,75408.17978810426,185.76096936441866,4730.15210595198,-13.778301953005785,250.81744925557373,95747.04355556125,68.26153920847952,21.148715147111183,-18.160255410127142,-176.56803022397003
42.1,75295.53789692046,186.2090279751839,4730.165645484734,-13.774745751753319,253.3771331335917,96234.962428487,68.26153920847952,21.148768450734583,-18.152682279594572,-176.56842130520837
42.2,75182.9242140199,186.6571094663546,4730.178442310038,-13.771187725937887,255.9622086642663,96725.19694911674,68.26153920847952,21.148818435471703,-18.145108763724664,-176.56881231886354
42.300000000000004,75070.33877245244,187.10521376980324,4730.190489205935,-13.76762785986056,258.57291850888,97217.75656659715,68.26153920847952,21.14886506903843,-18.13753486368914,-176.5692032642454
42.400000000000006,74957.78160555335,187.5533408167811,4730.201778881513,-13.764066137672124,261.20950752135474,97712.65075074938,68.26153920847952,21.148908318842405,-18.129960580670865,-176.56959414065707
42.5,74845.25274694711,188.00149053787126,4730.212303976282,-13.760502543371713,263.87222276611476,98209.88899184312,68.26153920847952,21.14894815198024,-18.122385915863923,-176.56998494739472
42.6,74732.75223055016,188.44966286298978,4730.222057059545,-13.756937060805425,266.56131353608464,98709.48080037063,68.26153920847952,21.14898453523471,-18.114810870473757,-176.57037568374759
42.7,74620.28009057324,188.897857721387,4730.231030629762,-13.753369673664944,269.27703137081124,99211.43570681654,68.26153920847952,21.149017435071926,-18.107235445717254,-176.57076634899795
42.800000000000004,74507.83636152418,189.34607504167568,4730.239217113921,-13.749800365486132,272.01963007468964,99715.76326142179,68.26153920847952,21.14904681763848,-18.09965964282286,-176.5711569424209
42.900000000000006,74395.4210782107,189.7943147517306,4730.2466088668825,-13.746229119647618,274.78936573530075,100222.47303394106,68.26153920847952,21.14907264875858,-18.092083463030704,-176.5715474632845
43.0,74283.03427574364,190.24257677879183,4730.25319817074,-13.74265591936937,277.58649674185506,100731.57461339385,68.26153920847952,21.149094893931117,-18.08450690759269,-176.5719379108495
43.1,74170.6759895389,190.69086104937773,4730.258977234162,-13.739080747711265,280.411283803781,101243.07760781578,68.26153920847952,21.149113518326796,-18.07692997777263,-176.5723282843694
43.2,74058.34625532152,191.13916748930745,4730.263938191733,-13.735503587571637,283.2639899693711,101756.99164399419,68.26153920847952,21.149128486785138,-18.069352674846336,-176.5727185830904
43.300000000000004,73946.04510912718,191.5874960237222,4730.268073103294,-13.731924421685818,286.1448806446131,102273.32636721115,68.26153920847952,21.14913976381154,-18.06177500010176,-176.5731088062512
43.400000000000006,73833.77258730587,192.03584657701316,4730.271373953266,-13.728343232624665,289.0542236120746,102792.09144096979,68.26153920847952,21.14914731357429,-18.05419695483909,-176.57349895308306
43.5,73721.52872652467,192.48421907289045,4730.273832649978,-13.724760002793081,291.9922890499254,103313.29654671937,68.26153920847952,21.14915109990151,-18.04661854037087,-176.57388902280965
43.6,73609.31356377108,192.93261343430467,4730.275441024988,-13.721174714428509,294.9593495510622,103836.95138357258,68.26153920847952,21.149151086278152,-18.039039758022135,-176.57427901464706
43.7,73497.1271363548,193.38102958348864,4730.276190832393,-13.717587349599428,297.95568014238376,104363.06566802332,68.26153920847952,21.14914723584291,-18.0314606091305,-176.57466892780357
43.800000000000004,73384.96948191244,193.82946744193987,4730.276073748142,-13.713997890203839,300.9815583041054,104891.64913364573,68.26153920847952,21.14913951138515,-18.023881095046317,-176.57505876147982
43.900000000000006,73272.84063840937,194.27792693038901,4730.275081369337,-13.710406317967717,304.0372639892611,105422.71153079999,68.26153920847952,21.14912787534177,-18.01630121713276,-176.57544851486847
44.0,73160.74064414296,194.72640796883547,4730.273205213532,-13.70681261444348,307.1230796432814,105956.26262632568,68.26153920847952,21.149112289794083,-18.00872097676598,-176.57583818715435
44.1,73048.66953774542,195.17491047648997,4730.270436718021,-13.703216761008417,310.23929022369896,106492.31220323125,68.26153920847952,21.14909271646464,-18.001140375335194,-176.5762277775142
44.2,72936.62735818792,195.62343437183628,4730.266767239131,-13.69961873886313,313.3861832199258,107030.87006037022,68.26153920847952,21.14906911671404,-17.993559414242853,-176.57661728511678
44.300000000000004,72824.61414478254,196.07197957254144,4730.262188051496,-13.696018529029937,316.5640486732109,107571.94601212269,68.26153920847952,21.149041451537723,-17.98597809490472,-176.5770067091227
44.400000000000006,72712.6299371859,196.52054599551082,4730.256690347338,-13.692416112351284,319.773179196654,108115.54988806073,68.26153920847952,21.149009681562724,-17.97839641875004,-176.57739604868425
44.5,72600.67477540253,196.96913355686436,4730.250265235733,-13.68881146948813,323.0138699953514,108661.69153261068,68.26153920847952,21.148973767044417,-17.970814387221637,-176.5777853029455
44.6,72488.748699788,197.4177421718807,4730.242903741877,-13.685204580918327,326.2864188866453,109210.38080470721,68.26153920847952,21.148933667863204,-17.963232001776063,-176.5781744710421
44.7,72376.85175105184,197.8663717550974,4730.23459680634,-13.681595426934985,329.5911263205063,109761.62757744455,68.26153920847952,21.14888934352123,-17.955649263883714,-176.57856355210123
44.800000000000004,72264.98397026071,198.31502222017718,4730.225335284324,-13.677983987644815,332.92829540000764,110315.44173771753,68.26153920847952,21.148840753138995,-17.94806617502897,-176.57895254524158
44.900000000000006,72153.14539884264,198.76369347999545,4730.215109944904,-13.674370242966479,336.2982319018871,110871.83318585166,68.26153920847952,21.14878785545204,-17.940482736710326,-176.57934144957318
45.0,72041.33607858932,199.21238544661682,4730.203911470274,-13.670754172628905,339.7012442972725,111430.8118352357,68.26153920847952,21.14873060880751,-17.93289895044053,-176.5797302641974
45.1,71929.55605166033,199.66109803120185,4730.191730454977,-13.6671357561696,343.13764377246173,111992.38761193685,68.26153920847952,21.148668971160763,-17.925314817746713,-176.58011898820678
45.2,71817.80536058545,200.1098311441259,4730.178557405136,-13.663514972932944,346.60774424986886,112556.57045431923,68.26153920847952,21.148602900071893,-17.91773034017052,-176.58050762068504
45.300000000000004,71706.08404826885,200.55858469490505,4730.164382737678,-13.659891802068483,350.1118624090249,113123.37031264533,68.26153920847952,21.14853235270228,-17.910145519268262,-176.58089616070694
45.400000000000006,71594.39215799235,201.00735859216758,4730.149196779548,-13.65626622252919,353.6503177077124,113692.79714867454,68.26153920847952,21.148457285811084,-17.902560356611044,-176.58128460733818
45.5,71482.72973341867,201.4561527436892,4730.132989766922,-13.652638213069723,357.2234324032105,114264.86093525436,68.26153920847952,21.148377655751716,-17.894974853784905,-176.58167295963543
45.6,71371.09681859566,201.90496705636463,4730.1157518444115,-13.64900775224467,360.8315315736187,114839.57165589985,68.26153920847952,21.14829341846828,-17.887389012390965,-176.58206121664608
45.7,71259.49345795857,202.35380143620478,4730.097473064262,-13.645374818406776,364.4749431393437,115416.93930437377,68.26153920847952,21.148204529492002,-17.879802834045567,-176.58244937740827
45.800000000000004,71147.91969633475,202.80265578834027,4730.078143385547,-13.641739389705155,368.15399788462366,115996.9738842485,68.26153920847952,21.148110943937606,-17.872216320380417,-176.5828374409508
45.900000000000006,71036.3755789469,203.25153001695557,4730.057752673353,-13.638101444083496,371.86902947919737,116579.68540846588,68.26153920847952,21.148012616499702,-17.864629473042733,-176.58322540629297
46.0,70924.86115141585,203.7004240253624,4730.036290697961,-13.634460959278242,375.62037450009683,117165.08389889225,68.26153920847952,21.147909501449103,-17.857042293695383,-176.58361327244455
46.1,70813.37645976571,204.14933771594028,4730.01374713402,-13.630817912816767,379.40837245346887,117753.17938585351,68.26153920847952,21.14780155262914,-17.849454784017045,-176.5840010384057
46.2,70701.92155042663,204.59827099015956,4729.990111559718,-13.627172282015534,383.2333657965749,118343.98190767359,68.26153920847952,21.147688723451942,-17.841866945702346,-176.5843887031668
46.300000000000004,70590.49647023808,205.04722374853503,4729.965373455938,-13.623524043978236,387.09569995987806,118937.50151020226,68.26153920847952,21.1475709668947,-17.834278780462025,-176.5847762657085
46.400000000000006,70479.10126645397,205.49619589061146,4729.93952220542,-13.619873175593922,390.99572336917174,119533.74824632521,68.26153920847952,21.147448235495883,-17.826690290023066,-176.58516372500154
46.5,70367.73598674452,205.94518731502424,4729.912547091907,-13.616219653535113,394.9337874679194,120132.73217548261,68.26153920847952,21.147320481351432,-17.819101476128868,-176.58555108000658
46.6,70256.40067920228,206.3941979194159,4729.884437299289,-13.612563454255907,398.91024673954803,120734.46336315642,68.26153920847952,21.147187656110948,-17.811512340539384,-176.58593832967426
46.7,70145.09539234405,206.84322760045967,4729.855181910738,-13.608904553990055,402.92545872999,121338.9518803719,68.26153920847952,21.1470497109738,-17.803922885031294,-176.58632547294508
46.800000000000004,70033.82017511548,207.29227625386983,4729.824769907841,-13.605242928749037,406.97978407022396,121946.20780317517,68.26153920847952,21.146906596685277,-17.796333111398148,-176.58671250874917
46.900000000000006,69922.57507689577,207.74134377432583,4729.793190169723,-13.601578554320113,411.0735864989108,122556.2412121015,68.26153920847952,21.14675826353265,-17.788743021450536,-176.58709943600638
47.0,69811.36014749948,208.19043005556367,4729.760431472162,-13.597911406264366,415.2072328852301,123169.06219164998,68.26153920847952,21.14660466134122,-17.781152617016232,-176.58748625362605
47.1,69700.17543718312,208.63953499023853,4729.726482486704,-13.594241459914722,419.3810932516397,123784.68082972374,68.26153920847952,21.14644573947037,-17.773561899940372,-176.58787296050699
47.2,69589.02099664696,209.088658470053,4729.691331779765,-13.590568690373962,423.59554079690025,124403.10721708584,68.26153920847952,21.146281446809528,-17.765970872085607,-176.58825955553735
47.300000000000004,69477.89687704016,209.53780038564506,4729.65496781173,-13.586893072512726,427.8509519190748,125024.35144678861,68.26153920847952,21.146111731774173,-17.758379535332267,-176.58864603759451
47.400000000000006,69366.80312996497,209.9869606266118,4729.617378936044,-13.583214580967477,432.1477062386503,125648.42361359787,68.26153920847952,21.14593654230175,-17.750787891578533,-176.589032405545
47.5,69255.73980748001,210.43613908153242,4729.578553398295,-13.57953319013847,436.48618662178643,126275.33381341267,68.26153920847952,21.14575582584758,-17.743195942740606,-176.58941865824443
47.6,69144.70696210442,210.88533563787647,4729.5384793353,-13.575848874187704,440.86677920362297,126905.0921426713,68.26153920847952,21.145569529380747,-17.735603690752853,-176.5898047945373
47.7,69033.70464682346,211.33455018208784,4729.497144774165,-13.572161607036854,445.28987341160985,127537.7086977375,68.26153920847952,21.14537759937996,-17.728011137568007,-176.59019081325698
47.800000000000004,68922.73291509086,211.78378259952956,4729.45453763136,-13.568471362365182,449.75586198906143,128173.1935742969,68.26153920847952,21.145179981829347,-17.72041828515732,-176.59057671322566
47.900000000000006,68811.79182083439,212.23303277444688,4729.410645711773,-13.56477811360745,454.26514101866064,128811.55686672377,68.26153920847952,21.144976622214266,-17.71282513551074,-176.59096249325407
48.0,68700.88141845912,212.68230059002124,4729.365456707763,-13.56108183395179,458.8181099461404,129452.80866745088,68.26153920847952,21.144767465517067,-17.70523169063709,-176.59134815214153
48.1,68590.00176285254,213.1315859283156,4729.318958198203,-13.557382496337588,463.4151716039734,130096.95906631884,68.26153920847952,21.144552456212814,-17.697637952564232,-176.59173368867582
48.2,68479.1529093883,213.58088867025,4729.271137647524,-13.553680073453334,468.0567322351989,130744.01814992275,68.26153920847952,21.144331538265,-17.69004392333926,-176.59211910163296
48.300000000000004,68368.33491393086,214.0302086956439,4729.221982404737,-13.549974537734453,472.74320151728494,131393.9960009419,68.26153920847952,21.144104655121193,-17.682449605028673,-176.59250438977728
48.400000000000006,68257.54783283966,214.47954588314988,4729.171479702468,-13.546265861361135,477.4749925860923,132046.9026974627,68.26153920847952,21.14387174970871,-17.67485499971854,-176.59288955186116
48.5,68146.79172297381,214.9289001103194,4729.11961665597,-13.542554016256137,482.2525220598931,132702.74831228761,68.26153920847952,21.143632764430205,-17.66726010951471,-176.59327458662506
48.6,68036.06664169673,215.3782712534841,4729.066380262136,-13.538838974082573,487.07621006345744,133361.54291223217,68.26153920847952,21.143387641159254,-17.659664936542974,-176.59365949279726
48.7,67925.37264688034,215.82765918785674,4729.011757398502,-13.535120706241685,491.9464802522357,134023.29655741452,68.26153920847952,21.143136321235918,-17.65206948294926,-176.59404426909387
48.800000000000004,67814.70979690924,216.2770637874015,4728.955734822247,-13.531399183870606,496.86375983661054,134688.01930053358,68.26153920847952,21.142878745462237,-17.644473750899813,-176.59442891421872
48.900000000000006,67704.07815068634,216.7264849249587,4728.898299169183,-13.527674377840096,501.8284796061525,135355.72118612682,68.26153920847952,21.142614854097747,-17.636877742581394,-176.59481342686314
49.0,67593.47776763653,217.1759224721213,4728.839436952737,-13.523946258752261,506.84107395402293,136026.4122498281,68.26153920847952,21.14234458685491,-17.629281460201458,-176.5951978057059
49.1,67482.90870771138,217.6253762992769,4728.779134562928,-13.520214796938271,511.9019809014009,136700.10251760777,68.26153920847952,21.142067882894565,-17.621684905988356,-176.59558204941325
49.2,67372.3710313947,218.07484627559683,4728.717378265342,-13.51647996245604,517.0116421219287,137376.80200499608,68.26153920847952,21.141784680821306,-17.614088082191522,-176.59596615663847
49.300000000000004,67261.86479970627,218.5243322689844,4728.654154200087,-13.51274172508791,522.1705029662968,138056.52071630466,68.26153920847952,21.141494918678866,-17.60649099108166,-176.59635012602206
49.400000000000006,67151.39007420745,218.9738341461286,4728.589448380754,-13.509000054338296,527.3790124868041,138739.2686438254,68.26153920847952,21.14119853394542,-17.59889363495096,-176.5967339561915
49.5,67040.94691700488,219.42335177242944,4728.523246693368,-13.505254919431337,532.6376234620571,139425.05576702842,68.26153920847952,21.140895463528928,-17.59129601611329,-176.59711764576122
49.6,66930.53539075656,219.872885012034,4728.455534895323,-13.50150628930851,537.9467924216098,140113.89205173237,68.26153920847952,21.140585643762368,-17.583698136904378,-176.59750119333222
49.7,66820.155558676,220.32243372778566,4728.386298614324,-13.497754132626248,543.306979670743,140805.78744927497,68.26153920847952,21.140269010399,-17.576099999682036,-176.59788459749237
49.800000000000004,66709.8074845369,220.7719977812431,4728.3155233473135,-13.493998417753518,548.718649315268,141500.75189566697,68.26153920847952,21.139945498607574,-17.568501606826352,-176.59826785681588
49.900000000000006,66599.49123267923,221.22157703266453,4728.24319445939,-13.490239112769396,554.1822692863037,142198.79531072476,68.26153920847952,21.1396150429675,-17.560902960739906,-176.59865096986348
50.0,66489.20686801337,221.67117134095713,4728.169297182724,-13.486476185460626,559.6983113651867,142899.92759720155,68.26153920847952,21.139277577463982,-17.553304063847953,-176.5990339351821
50.1,66378.9544560248,222.12078056372565,4728.093816615466,-13.482709603319154,565.2672512083973,143604.1586399025,68.26153920847952,21.13893303548317,-17.54570491859866,-176.59941675130483
50.2,66268.73406278016,222.5704045572223,4728.016737720642,-13.478939333539644,570.8895683724537,144311.498304778,68.26153920847952,21.138581349807197,-17.538105527463298,-176.5997994167509
50.300000000000004,66158.5457549314,223.02004317632563,4727.938045325052,-13.475165343016995,576.5657463389261,145021.95643801452,68.26153920847952,21.138222452609266,-17.530505892936457,-176.6001819300253
50.400000000000006,66048.38959972141,223.4696962745662,4727.857724118154,-13.471387598343807,582.2962725394175,145735.54286510393,68.26153920847952,21.137856275448648,-17.522906017536265,-176.60056428961886
50.5,65938.26566499006,223.9193637040772,4727.775758650939,-13.467606065807864,588.0816383805378,146452.2673898948,68.26153920847952,21.13748274926569,-17.515305903804602,-176.6009464940081
50.6,65828.17401917744,224.36904531560825,4727.692133334808,-13.463820711389582,593.922339269051,147172.13979364885,68.26153920847952,21.137101804376744,-17.507705554307318,-176.60132854165505
50.7,65718.11473133089,224.81874095848255,4727.606832440435,-13.460031500759435,599.8188746368494,147895.16983405862,68.26153920847952,21.136713370469124,-17.500104971634435,-176.60171043100706
50.800000000000004,65608.08787111007,225.2684504806225,4727.519840096621,-13.456238399275374,605.7717479660362,148621.36724426292,68.26153920847952,21.136317376595972,-17.4925041584004,-176.60209216049688
50.900000000000006,65498.09350879071,225.71817372851245,4727.431140289149,-13.45244137198023,611.7814668141008,149350.74173185744,68.26153920847952,21.135913751171138,-17.48490311724429,-176.60247372854226
51.0,65388.13171527255,226.16791054717368,4727.340716859624,-13.448640383599084,617.8485428388782,150083.3029778627,68.26153920847952,21.13550242196399,-17.477301850830028,-176.6028551335461
51.1,65278.20256208256,226.6176607801898,4727.248553504311,-13.444835398536634,623.9734918237618,150819.06063570816,68.26153920847952,21.135083316094235,-17.469700361846623,-176.60323637389604
51.2,65168.30612138193,227.06742426965954,4727.154633772962,-13.44102638087454,630.1568337027214,151558.02433017705,68.26153920847952,21.134656360026668,-17.4620986530084,-176.60361744796452
51.300000000000004,65058.44246597076,227.51720085618288,4727.058941067642,-13.437213294368746,636.3990925854433,152300.2036563511,68.26153920847952,21.13422147956591,-17.45449672705522,-176.6039983541086
51.400000000000006,64948.611669293605,227.96699037889857,4726.961458641538,-13.433396102446796,642.7007967824153,153045.6081785342,68.26153920847952,21.13377859985111,-17.446894586752713,-176.60437909066977
51.5,64838.81380544603,228.41679267538066,4726.862169597773,-13.429574768205114,649.0624788299504,153794.24742915423,68.26153920847952,21.133327645350626,-17.439292234892527,-176.60475965597388
51.6,64729.048949178774,228.86660758171553,4726.7610568882,-13.425749254406282,655.484675515326,154546.13090766486,68.26153920847952,21.13286853985666,-17.431689674292546,-176.60514004833098
51.7,64619.317175904755,229.31643493243268,4726.658103312201,-13.421919523476298,661.9679279017506,155301.268079413,68.26153920847952,21.13240120647984,-17.42408690779714,-176.60552026603511
51.800000000000004,64509.61856170418,229.76627456048664,4726.553291515471,-13.418085537501796,668.5127813534115,156059.66837450283,68.26153920847952,21.131925567643833,-17.416483938277395,-176.6059003073643
51.900000000000006,64399.95318333013,230.21612629731123,4726.4466039887975,-13.414247258227288,675.1197855604723,156821.34118664058,68.26153920847952,21.131441545079873,-17.408880768631366,-176.60628017058033
52.0,64290.3211182151,230.66598997270123,4726.338023066833,-13.410404647052342,681.7894945639838,157586.29587195654,68.26153920847952,21.130949059821262,-17.401277401784313,-176.60665985392856
52.1,64180.722444476094,231.11586541490033,4726.22753092686,-13.406557665028773,688.5224667808433,158354.54174782077,68.26153920847952,21.130448032197883,-17.393673840688948,-176.6070393556379
52.2,64071.157240921166,231.56575245050007,4726.115109587549,-13.40270627285781,695.3192650286285,159126.0880916316,68.26153920847952,21.1299383818306,-17.38607008832568,-176.6074186739206
52.300000000000004,63961.62558705453,232.0156509045001,4726.000740907712,-13.398850430887228,702.1804565504767,159900.94413959843,68.26153920847952,21.129420027625724,-17.378466147702884,-176.60779780697206
52.400000000000006,63852.12756308401,232.46556060022985,4725.884406585041,-13.394990099108487,709.1066130397625,160679.11908548968,68.26153920847952,21.12889288776938,-17.370862021857118,-176.6081767529708
52.5,63742.66324992571,232.91548135937032,4725.766088154852,-13.391125237153839,716.0983106649038,161460.6220793847,68.26153920847952,21.128356879721853,-17.363257713853415,-176.60855551007813
52.6,63633.23272921005,233.3654130019533,4725.64576698881,-13.387255804293407,723.1561300940159,162245.46222639765,68.26153920847952,21.127811920211922,-17.355653226785506,-176.60893407643826
52.7,63523.836083289236,233.8153553462843,4725.523424293653,-13.383381759432266,730.2806565194142,163033.64858537432,68.26153920847952,21.127257925231156,-17.348048563776103,-176.6093124501779
52.800000000000004,63414.473395242356,234.26530820900285,4725.399041109912,-13.379503061107497,737.4724796821947,163825.19016758804,68.26153920847952,21.12669481002817,-17.340443727977146,-176.60969062940626
52.900000000000006,63305.144748881925,234.7152714049948,4725.272598310616,-13.37561966748522,744.7321938966484,164620.09593540718,68.26153920847952,21.126122489102855,-17.332838722570063,-176.61006861221477
53.0,63195.850228759926,235.1652447474635,4725.144076599993,-13.371731536357599,752.0603980746268,165418.37480094846,68.26153920847952,21.125540876200578,-17.325233550766054,-176.61044639667716
53.1,63086.589920173865,235.61522804780998,4725.0134565121725,-13.367838625139859,759.4576957498233,166220.0356247126,68.26153920847952,21.12494988430636,-17.317628215806323,-176.610823980849
53.2,62977.36390917422,236.0652211157208,4724.880718409867,-13.363940890867253,766.924695101863,167025.08721418996,68.26153920847952,21.124349425639007,-17.310022720962383,-176.6112013627678
53.300000000000004,62868.17228257004,236.51522375906507,4724.745842483056,-13.360038290192024,774.4620089804225,167833.5383224624,68.26153920847952,21.123739411645204,-17.302417069536308,-176.61157854045265
53.400000000000006,62759.01512793545,236.9652357839388,4724.608808747663,-13.356130779380353,782.0702549291849,168645.39764677986,68.26153920847952,21.12311975299362,-17.294811264860996,-176.6119555119043
53.5,62649.89253361616,237.41525699462227,4724.469597044221,-13.352218314309273,789.7500552096789,169460.67382711638,68.26153920847952,21.122490359568936,-17.287205310300468,-176.6123322751048
53.6,62540.80458873557,237.86528719354897,4724.328187036535,-13.348300850463584,797.5020368250407,170279.37544471273,68.26153920847952,21.12185114046587,-17.279599209250133,-176.61270882801733
53.7,62431.751383202616,238.31532618133895,4724.184558210339,-13.344378342932735,805.3268315435167,171101.51102058386,68.26153920847952,21.12120200398317,-17.271992965137063,-176.61308516858622
53.800000000000004,62322.73300771741,238.76537375673547,4724.038689871938,-13.340450746407695,813.2250759220024,171927.08901402567,68.26153920847952,21.120542857617547,-17.264386581420283,-176.61346129473665
53.900000000000006,62213.74955377774,239.21542971661725,4723.890561146855,-13.3365180151778,821.1974113293769,172756.11782109394,68.26153920847952,21.119873608057624,-17.25678006159104,-176.6138372043745
54.0,62104.801113686524,239.66549385595204,4723.740150978466,-13.332580103127587,829.2444839696371,173588.6057730584,68.26153920847952,21.119194161177838,-17.249173409173125,-176.61421289538617
54.1,61995.88778055832,240.1155659678036,4723.587438126622,-13.328636963733608,837.3669449049318,174424.56113484083,68.26153920847952,21.11850442203228,-17.241566627723106,-176.61458836563855
54.2,61887.00964832585,240.56564584332313,4723.43240116628,-13.324688550061218,845.5654500784585,175263.9921034364,68.26153920847952,21.117804294848586,-17.233959720830676,-176.61496361297864
54.300000000000004,61778.16681174701,241.01573327169763,4723.275018486111,-13.320734814761364,853.8406603371436,176106.9068063078,68.26153920847952,21.117093683021693,-17.226352692118894,-176.61533863523357
54.400000000000006,61669.359366412275,241.46582804016333,4723.115268287111,-13.31677571006733,862.1932414541304,176953.31329975775,68.26153920847952,21.116372489107647,-17.218745545244523,-176.61571343021032
54.5,61560.587408750784,241.9159299339865,4722.953128581205,-13.312811187791484,870.6238641511861,177803.21956729036,68.26153920847952,21.115640614817366,-17.211138283898304,-176.61608799569558
54.6,61451.85103603825,242.36603873640772,4722.788577189844,-13.308841199322,879.1332041207779,178656.63351793675,68.26153920847952,21.114897961010346,-17.203530911805252,-176.61646232945554
54.7,61343.150346403476,242.8161542286871,4722.621591742589,-13.304865695619553,887.7219420480673,179513.56298457144,68.26153920847952,21.11414442768837,-17.195923432724978,-176.61683642923586
54.800000000000004,61234.48543883534,243.26627619003312,4722.452149675703,-13.300884627214016,896.3907636326655,180374.01572220327,68.26153920847952,21.113379913989192,-17.188315850451975,-176.6172102927613
54.900000000000006,61125.85641319025,243.71640439761606,4722.280228230725,-13.296897944201117,905.1403596101378,181237.99940624097,68.26153920847952,21.112604318180132,-17.18070816881593,-176.61758391773571
55.0,61017.263370199595,244.16653862653448,4722.105804453039,-13.29290559623909,913.9714257732912,182105.52163073738,68.26153920847952,21.111817537651763,-17.17310039168204,-176.6179573018417
55.1,60908.70641147671,244.61667864980285,4721.928855190444,-13.288907532545306,922.8846629932705,182976.58990661486,68.26153920847952,21.111019468911426,-17.16549252295131,-176.61833044274061
55.2,60800.185639523435,245.06682423832336,4721.74935709171,-13.284903701892887,931.8807772404579,183851.21165987354,68.26153920847952,21.11021000757685,-17.157884566560877,-176.6187033380722
55.300000000000004,60691.701157739386,245.5169751608953,4721.567286605137,-13.280894052607298,940.9604796049008,184729.39422975367,68.26153920847952,21.109389048369657,-17.150276526484326,-176.61907598545463
55.400000000000006,60583.253070427105,245.96713118415545,4721.382619977097,-13.276878532562925,950.1244863168274,185611.14486691018,68.26153920847952,21.10855648510888,-17.142668406732003,-176.61944838248408
55.5,60474.84148280136,246.4172920725932,4721.195333250579,-13.272857089179633,959.3735187665523,186496.47073152964,68.26153920847952,21.107712210704452,-17.13506021135133,-176.61982052673474
55.6,60366.466500995215,246.8674575885336,4721.005402263726,-13.268829669419306,968.7083035243895,187385.37889145268,68.26153920847952,21.106856117150656,-17.12745194442715,-176.62019241575854
55.7,60258.12823206838,247.317627492079,4720.8128026483655,-13.26479621978237,978.1295723600759,188277.87632025208,68.26153920847952,21.105988095519567,-17.119843610082025,-176.62056404708497
55.800000000000004,60149.82678401517,247.76780154111933,4720.617509828536,-13.260756686304301,987.6380622619565,189173.96989529397,68.26153920847952,21.105108035954462,-17.112235212476588,-176.6209354182209
55.900000000000006,60041.562265770976,248.2179794913259,4720.419499019005,-13.256711014552106,997.2345154559787,190073.6663957849,68.26153920847952,21.1042158276632,-17.104626755809853,-176.62130652665044
56.0,59933.334787220694,248.66816109610468,4720.218745223787,-13.252659149620804,1006.9196794242184,190976.97250078165,68.26153920847952,21.10331135891159,-17.097018244319575,-176.62167736983466
56.1,59825.14445920708,249.11834610658582,4720.015223234648,-13.248601036129873,1016.6943069230847,191883.89478717593,68.26153920847952,21.102394517016727,-17.089409682282547,-176.62204794521148
56.2,59716.991393536795,249.56853427160812,4719.808907629617,-13.24453661821968,1026.5591560014059,192794.4397276764,68.26153920847952,21.101465188340303,-17.081801074014972,-176.62241825019538
56.300000000000004,59608.87570299022,250.0187253376935,4719.59977277148,-13.24046583954791,1036.5149900178258,193708.6136887329,68.26153920847952,21.100523258281907,-17.0741924238728,-176.6227882821774
56.400000000000006,59500.797501327936,250.4689190490422,4719.387792806276,-13.236388643285965,1046.5625776581608,194626.4229284662,68.26153920847952,21.099568611272296,-17.066583736252035,-176.6231580385247
56.5,59392.756903299596,250.91911514747693,4719.172941661785,-13.232304972115339,1056.7026929521667,195547.87359455213,68.26153920847952,21.09860113076664,-17.058975015589127,-176.62352751658062
56.6,59284.7540246509,251.36931337247427,4718.95519304602,-13.228214768223996,1066.9361152901122,196472.9717220977,68.26153920847952,21.097620699237755,-17.051366266361295,-176.6238967136642
56.7,59176.788982132915,251.81951346109406,4718.734520445698,-13.224117973302718,1077.2636294387491,197401.72323147178,68.26153920847952,21.096627198169305,-17.043757493086883,-176.62426562707023
56.800000000000004,59068.86189350905,252.2697151479855,4718.51089712472,-13.220014528541437,1087.686025557097,198334.1339261311,68.26153920847952,21.09562050804899,-17.03614870032571,-176.62463425406892
56.900000000000006,58960.97287756391,252.71991816537323,4718.284296122644,-13.215904374625554,1098.204099211658,199270.20949040574,68.26153920847952,21.09460050836173,-17.028539892679433,-176.62500259190577
57.0,58853.12205411121,253.17012224302806,4718.05469025315,-13.211787451732244,1108.8186513912824,200209.95548726566,68.26153920847952,21.093567077582783,-17.020931074791893,-176.6253706378013
57.1,58745.309544001706,253.62032710821293,4717.822052102501,-13.20766369952673,1119.5304885216224,201153.37735606372,68.26153920847952,21.0925200931709,-17.013322251349486,-176.6257383889509
57.2,58637.535469132476,254.0705324856948,4717.58635402801,-13.203533057158566,1130.3404224789867,202100.4804102392,68.26153920847952,21.09145943156144,-17.00571342708152,-176.62610584252465
57.300000000000004,58529.7999524544,254.52073809778213,4717.347568156482,-13.19939546325788,1141.2492706039322,203051.2698350121,68.26153920847952,21.09038496815943,-16.998104606760585,-176.62647299566697
57.400000000000006,58422.10311798053,254.97094366416516,4717.105666382679,-13.195250855931613,1152.2578557142945,204005.75068504442,68.26153920847952,21.089296577332693,-16.99049579520292,-176.6268398454966
57.5,58314.44509079447,255.42114890199917,4716.860620367758,-13.191099172759749,1163.3670061177343,204963.92788207377,68.26153920847952,21.08819413240487,-16.98288699726879,-176.62720638910628
57.6,58206.825997060165,255.8713535258768,4716.612401537718,-13.186940350791511,1174.5775556236435,205925.8062125084,68.26153920847952,21.087077505648477,-16.975278217862837,-176.6275726235626
57.7,58099.24596402887,256.32155724774026,4716.3609810818425,-13.182774326541553,1185.890343554835,206891.39032502158,68.26153920847952,21.085946568277947,-16.967669461934488,-176.62793854590572
57.800000000000004,57991.70512004895,256.7717597769494,4716.106329951136,-13.17860103598614,1197.3062147584171,207860.68472809345,68.26153920847952,21.08480119044264,-16.96006073447832,-176.62830415314926
57.900000000000006,57884.20359457284,257.22196082016467,4715.848418856757,-13.174420414559313,1208.8260196164272,208833.69378755108,68.26153920847952,21.083641241219844,-16.95245204053442,-176.62866944227994
58.0,57776.741518168245,257.67216008142054,4715.587218268452,-13.170232397149022,1220.4506140554752,209810.42172404416,68.26153920847952,21.082466588607748,-16.944843385188822,-176.6290344102576
58.1,57669.31902252417,258.122357262004,4715.322698412981,-13.166036918093273,1232.1808595563691,210790.87261054033,68.26153920847952,21.081277099518463,-16.937234773573827,-176.6293990540147
58.2,57561.936240461655,258.57255206052804,4715.054829272548,-13.161833911176235,1244.0176231626565,211775.05036974917,68.26153920847952,21.080072639770947,-16.92962621086845,-176.62976337045632
58.300000000000004,57454.5933059426,259.02274417284593,4714.783580583224,-13.157623309624348,1255.9617774887815,212762.95877153726,68.26153920847952,21.078853074083987,-16.92201770229877,-176.63012735645984
58.400000000000006,57347.29035407677,259.4729332920403,4714.508921833364,-13.153405046102417,1268.0142007278412,213754.60143033284,68.26153920847952,21.07761826606913,-16.914409253138366,-176.63049100887474
58.5,57240.02752113342,259.92311910841283,4714.230822262033,-13.149179052709675,1280.1757766581968,214749.98180245823,68.26153920847952,21.076368078223613,-16.90680086870868,-176.6308543245225
58.6,57132.804944547825,260.37330130945355,4713.949250857419,-13.144945260975861,1292.4473946500289,215749.1031834839,68.26153920847952,21.075102371923315,-16.899192554379425,-176.63121730019608
58.7,57025.62276293198,260.8234795798112,4713.6641763552525,-13.140703601857263,1304.8299496707584,216751.9687055134,68.26153920847952,21.073821007415663,-16.891584315569,-176.63157993266003
58.800000000000004,56918.48111608345,261.2736536012784,4713.375567237216,-13.13645400573275,1317.324342290021,217758.5813344592,68.26153920847952,21.072523843812533,-16.883976157744883,-176.63194221865012
58.900000000000006,56811.38014499331,261.7238230527813,4713.083391729364,-13.132196402399805,1329.931478684054,218768.9438672981,68.26153920847952,21.071210739083188,-16.87636808642405,-176.63230415487308
59.0,56704.31999185728,262.1739876103115,4712.787617800529,-13.127930721070534,1342.6522706390124,219783.05892926763,68.26153920847952,21.06988155004716,-16.868760107173376,-176.6326657380064
59.1,56597.300800083205,262.6241469469464,4712.488213160735,-13.123656890367663,1355.4876355540057,220800.9289710696,68.26153920847952,21.068536132367132,-16.861152225610052,-176.63302696469816
59.2,56490.32271430129,263.074300732805,4712.185145259607,-13.119374838320528,1368.4384964430606,221822.5562660176,68.26153920847952,21.067174340541875,-16.853544447402008,-176.63338783156675
59.300000000000004,56383.38588037342,263.5244486350446,4711.878381284785,-13.115084492361053,1381.5057819364567,222847.94290716553,68.26153920847952,21.065796027899108,-16.845936778268324,-176.63374833520064
59.400000000000006,56276.49044540245,263.97459031777845,4711.567888160325,-13.110785779319713,1394.6904262812827,223877.0908044061,68.26153920847952,21.064401046588404,-16.838329223979656,-176.63410847215815
59.5,56169.63655774109,264.4247254421359,4711.253632545118,-13.106478625421492,1407.993369341281,224910.0016815466,68.26153920847952,21.06298924757408,-16.830721790358652,-176.63446823896726
59.6,56062.82436700212,264.8748536661612,4710.935580831293,-13.102162956281822,1421.4155565956978,225946.6770733396,68.26153920847952,21.061560480628085,-16.823114483280403,-176.63482763212534
59.7,55956.05402406817,265.3249746448302,4710.613699142629,-13.097838696902521,1434.9579391373902,226987.11832249144,68.26153920847952,21.060114594322894,-16.815507308672842,-176.6351866480989
59.800000000000004,55849.325681100134,265.7750880300182,4710.287953332967,-13.093505771667715,1448.6214736702534,228031.326576653,68.26153920847952,21.0586514360244,-16.807900272517205,-176.63554528332344
59.900000000000006,55742.63949154783,266.225193470468,4709.958308984619,-13.089164104339755,1462.4071225055093,229079.30278535985,68.26153920847952,21.057170851884838,-16.800293380848444,-176.63590353420304
60.0,55635.995610159356,266.6752906117586,4709.624731406784,-13.084813618055119,1476.3158535572907,230131.04769695541,68.26153920847952,21.055672686835656,-16.792686639755686,-176.63626139711033
60.1,55529.39419299038,267.12537909631715,4709.287185633959,-13.080454235320305,1490.3486403373367,231186.56185548575,68.26153920847952,21.054156784580464,-16.785080055382654,-176.63661886838614
60.2,55422.83539741533,267.57545856333036,4708.945636424354,-13.07608587800773,1504.5064619485258,232245.84559754477,68.26153920847952,21.052622987587903,-16.777473633928125,-176.6369759443392
60.300000000000004,55316.31938213529,268.0255286487616,4708.600048258314,-13.071708467351595,1518.7903030779094,233308.8990491238,68.26153920847952,21.051071137084634,-16.769867381646378,-176.63733262124614
60.400000000000006,55209.846307189204,268.4755889853351,4708.2503853367325,-13.067321923943771,1533.2011539883586,234375.72212239742,68.26153920847952,21.049501073048212,-16.76226130484763,-176.6376888953509
60.5,55103.41633396316,268.92563920246715,4707.896611579479,-13.062926167729657,1547.7400105094914,235446.31451249932,68.26153920847952,21.047912634200085,-16.754655409898504,-176.63804476286475
60.6,54997.02962520113,269.37567892627,4707.538690623822,-13.058521118004036,1562.407874027417,236520.67569425324,68.26153920847952,21.046305657998538,-16.74704970322248,-176.63840021996597
60.7,54890.686345014255,269.8257077795217,4707.176585822853,-13.054106693406931,1577.2057514736491,237598.8049188883,68.26153920847952,21.044679980631635,-16.73944419130034,-176.63875526279963
60.800000000000004,54784.38665889064,270.27572538163236,4706.810260243923,-13.049682811919446,1592.134655312937,238680.70121072052,68.26153920847952,21.043035437010253,-16.731838880670647,-176.63910988747728
60.900000000000006,54678.13073370606,270.72573134860045,4706.439676667074,-13.045249390859611,1607.195603529908,239766.36336379382,68.26153920847952,21.04137186076106,-16.724233777930202,-176.63946409007667
61.0,54571.91873773467,271.175725293046,4706.064797583479,-13.040806346878213,1622.3896196146236,240855.78993849078,68.26153920847952,21.03968908421954,-16.716628889734494,-176.6398178666417
61.1,54465.75084065739,271.625706824101,4705.685585193883,-13.036353595954624,1637.7177325473804,241948.97925813883,68.26153920847952,21.037986938423035,-16.70902422279821,-176.6401712131819
61.2,54359.62721357355,272.0756755474569,4705.302001407051,-13.03189105339263,1653.1809767819293,243045.92940555164,68.26153920847952,21.036265253103807,-16.70141978389565,-176.64052412567247
61.300000000000004,54253.54802901158,272.5256310652611,4704.91400783822,-13.027418633816259,1668.780392227668,244146.63821954877,68.26153920847952,21.034523856682114,-16.69381557986126,-176.64087660005373
61.400000000000006,54147.51346093742,272.9755729761834,4704.521565807556,-13.022936251165584,1684.5170242310326,245251.10329147283,68.26153920847952,21.032762576259312,-16.686211617590065,-176.6412286322311
61.5,54041.52368476661,273.42550087529855,4704.124636338616,-13.018443818692555,1700.3919235551464,246359.32196163453,68.26153920847952,21.030981237610998,-16.678607904038174,-176.64158021807478
61.6,53935.578877374064,273.8754143540977,4703.723180156819,-13.013941248956803,1716.4061463586045,247471.29131575377,68.26153920847952,21.02917966518015,-16.671004446223247,-176.64193135341938
61.7,53829.679217104334,274.325313000474,4703.317157687915,-13.009428453821457,1732.5607541729576,248587.00818136532,68.26153920847952,21.02735768207031,-16.663401251225,-176.6422820340638
61.800000000000004,53723.824883782305,274.7751963986736,4702.906529056472,-13.004905344448956,1748.8568138788755,249706.4691241896,68.26153920847952,21.025515110038814,-16.655798326185675,-176.642632255771
61.900000000000006,53618.01605872437,275.2250641292498,4702.4912540843625,-13.000371831296853,1765.2953976809574,250829.6704444686,68.26153920847952,21.02365176949002,-16.64819567831054,-176.64298201426757
62.0,53512.2529247473,275.67491576907935,4702.071292289254,-12.995827824113633,1781.8775830815964,251956.6081732969,68.26153920847952,21.02176747946857,-16.640593314868376,-176.64333130524366
62.1,53406.535666180775,276.1247508913034,4701.646602883119,-12.991273231934521,1798.6044528529442,253087.27806888244,68.26153920847952,21.01986205765272,-16.632991243191984,-176.64368012435256
62.2,53300.86446887674,276.5745690653068,4701.2171447707415,-12.986707963077292,1815.4770950080376,254221.67561281388,68.26153920847952,21.017935320347686,-16.625389470678684,-176.64402846721057
62.300000000000004,53195.23952022055,277.02436985666935,4700.782876548235,-12.982131925138091,1832.4966027702426,255359.7960062761,68.26153920847952,21.015987082479015,-16.6177880047908,-176.64437632939672
62.400000000000006,53089.66100914171,277.47415282717316,4700.343756501576,-12.977545024987243,1849.664074541395,256501.63416624346,68.26153920847952,21.014017157585997,-16.61018685305619,-176.64472370645237
62.5,52984.129126124084,277.9239175347407,4699.899742605134,-12.972947168765076,1866.9806138685688,257647.18472164712,68.26153920847952,21.012025357815162,-16.602586023068735,-176.64507059388112
62.6,52878.644063217565,278.37366353343333,4699.450792520224,-12.968338261877747,1884.447329409185,258796.4420094982,68.26153920847952,21.010011493913737,-16.59498552248886,-176.64541698714845
62.7,52773.206014048774,278.8233903733901,4698.996863593661,-12.963718208993063,1902.065334894777,259949.4000709912,68.26153920847952,21.007975375223246,-16.587385359044028,-176.64576288168146
62.800000000000004,52667.81517383084,279.2730976008128,4698.537912856327,-12.959086914036313,1919.8357490934263,261106.0526475904,68.26153920847952,21.005916809673067,-16.579785540529294,-176.64610827286873
62.900000000000006,52562.4717393755,279.72278475795605,4698.07389702175,-12.954444280186115,1937.759695770282,262266.39317706,68.26153920847952,21.003835603774103,-16.57218607480778,-176.6464531560598
63.0,52457.175909103826,280.17245138304406,4697.60477248469,-12.949790209870256,1955.838303646736,263430.4147894802,68.26153920847952,21.00173156261246,-16.564586969811227,-176.64679752656514
63.1,52351.92788305646,280.62209701029775,4697.130495319747,-12.945124604761538,1974.0727063581326,264598.1103032427,68.26153920847952,20.999604489843207,-16.556988233540498,-176.64714137965578
63.2,52246.72786290571,281.0717211698799,4696.651021279965,-12.940447365773643,1992.4640424095105,265769.47222099296,68.26153920847952,20.997454187684177,-16.549389874066122,-176.64748471056308
63.300000000000004,52141.576051965356,281.5213233878582,4696.166305795466,-12.935758393057004,2011.013455130155,266944.49272557476,68.26153920847952,20.99528045690981,-16.54179189952881,-176.64782751447834
63.400000000000006,52036.47265520273,281.9709031861699,4695.676303972084,-12.931057585994674,2029.722092626042,268123.16367591603,68.26153920847952,20.9930830968451,-16.534194318139996,-176.64816978655273
63.5,51931.417879249435,282.4204600826082,4695.1809705900205,-12.926344843198219,2048.5911077308638,269305.47660290607,68.26153920847952,20.99086190535956,-16.526597138182364,-176.64851152189686
63.6,51826.411932412535,282.8699935907822,4694.680260102509,-12.921620062503614,2067.621657955239,270491.42270523735,68.26153920847952,20.988616678861238,-16.51900036801039,-176.64885271558055
63.7,51721.455024685245,283.3195032200864,4694.174126634498,-12.916883140967155,2086.814905434262,271680.99284522695,68.26153920847952,20.986347212290866,-16.51140401605087,-176.64919336263262
63.800000000000004,51616.54736775858,283.7689884756836,4693.662523981345,-12.912133974861376,2106.1720168731235,272874.17754459934,68.26153920847952,20.984053299116013,-16.50380809080349,-176.64953345804054
63.900000000000006,51511.68917503301,284.2184488584205,4693.14540560753,-12.907372459670993,2125.6941634909003,274070.96698024176,68.26153920847952,20.98173473132533,-16.49621260084133,-176.64987299675013
64.0,51406.88066162821,284.667883864875,4692.622724645385,-12.902598490088845,2145.382520962884,275271.35097995674,68.26153920847952,20.979391299422858,-16.488617554811444,-176.65021197366548
64.10000000000001,51302.12204439612,285.1172929872539,4692.0944338938325,-12.897811960011865,2165.238269360417,276475.3190181465,68.26153920847952,20.977022792422428,-16.4810229614354,-176.65055038364838
64.2,51197.41354193026,285.56667571340427,4691.560485817156,-12.893012762537056,2185.262593089557,277682.8602115195,68.26153920847952,20.97462899784213,-16.47342882950983,-176.65088822151827
64.3,51092.755374579225,286.01603152677126,4691.0208325437725,-12.88820078995749,2205.456680827023,278893.96331471833,68.26153920847952,20.972209701698855,-16.465835167906985,-176.6512254820519
64.4,50988.14776445599,286.4653599063421,4690.475425865031,-12.88337593375833,2225.821725454976,280108.61671597353,68.26153920847952,20.969764688502902,-16.458241985575285,-176.65156215998306
64.5,50883.59093545051,286.9146603266401,4689.924217234031,-12.878538084612847,2246.3589239932176,281326.80843269377,68.26153920847952,20.967293741252718,-16.450649291539897,-176.65189825000226
64.60000000000001,50779.08511324087,287.3639322576833,4689.367157764458,-12.873687132378487,2267.069477529623,282548.5261070471,68.26153920847952,20.96479664142969,-16.443057094903274,-176.6522337467565
64.7,50674.63052530447,287.8131751649607,4688.804198229438,-12.868822966092946,2287.954591148557,283773.7570015189,68.26153920847952,20.96227316899302,-16.43546540484574,-176.652568644849
64.8,50570.227400928736,288.26238850937364,4688.2352890604125,-12.86394547397025,2309.0154738572955,285002.487994451,68.26153920847952,20.959723102374692,-16.427874230626045,-176.65290293883882
64.9,50465.87597122416,288.7115717472397,4687.660380346038,-12.859054543396894,2330.253338509894,286234.7055755301,68.26153920847952,20.95714621847459,-16.420283581581938,-176.6532366232408
65.0,50361.576469134074,289.16072433022083,4687.079421831106,-12.854150060927962,2351.6694017295677,287470.39584129176,68.26153920847952,20.954542292655614,-16.41269346713073,-176.65356969252497
65.10000000000001,50257.32912944723,289.6098457053151,4686.492362915478,-12.849231912283305,2373.2648838283417,288709.5444905681,68.26153920847952,20.95191109873898,-16.405103896769887,-176.65390214111662
65.2,50153.13418880897,290.05893531482474,4685.899152653058,-12.84429998234373,2395.041008724801,289952.13681993086,68.26153920847952,20.94925240899958,-16.39751488007758,-176.65423396339574
65.3,50048.991885732394,290.5079925962823,4685.299739750773,-12.839354155147216,2416.999003859606,291198.157719113,68.26153920847952,20.946565994161467,-16.389926426713288,-176.6545651536969
65.4,49944.90246060956,290.9570169824903,4684.69407256759,-12.834394313885163,2439.140100108764,292447.5916664092,68.26153920847952,20.94385162339344,-16.38233854641836,-176.65489570630885
65.5,49840.86615572404,291.40600790140786,4684.08209911355,-12.829420340898663,2461.465531694293,293700.4227240379,68.26153920847952,20.94110906430472,-16.374751249016608,-176.65522561547442
65.60000000000001,49736.88321526162,291.85496477618216,4683.463767048827,-12.824432117674798,2483.976536092981,294956.63453350664,68.26153920847952,20.93833808294078,-16.36716454441489,-176.65555487539007
65.7,49632.95388532197,292.3038870250708,4682.839023682825,-12.819429524842993,2506.674353942585,296216.210310948,68.26153920847952,20.935538443779272,-16.359578442603688,-176.65588348020566
65.8,49529.07841392979,292.75277406140845,4682.2078159732855,-12.814412442171365,2529.560228945748,297479.1328424406,68.26153920847952,20.932709909726064,-16.35199295365771,-176.6562114240242
65.9,49425.25705104694,293.2016252936213,4681.570090525431,-12.80938074856313,2552.6354077712854,298745.38447930064,68.26153920847952,20.9298522421114,-16.34440808773648,-176.6565387009016
66.0,49321.49004858406,293.65044012512027,4680.925793591138,-12.804334322053046,2575.9011399531387,300014.94713336224,68.26153920847952,20.926965200686222,-16.336823855084912,-176.65686530484624
66.10000000000001,49217.77766041085,294.09921795433326,4680.274871068138,-12.799273039803868,2599.358677787152,301287.80227225926,68.26153920847952,20.924048543618568,-16.329240266033935,-176.65719122981892
66.2,49114.12014236953,294.54795817461644,4679.617268499241,-12.794196778102874,2623.0092762245813,302563.930914646,68.26153920847952,20.92110202749015,-16.32165733100106,-176.65751646973234
66.3,49010.517752284184,294.9966601742524,4678.952931071598,-12.789105412358397,2646.8541927640495,303843.3136254612,68.26153920847952,20.918125407293015,-16.314075060491,-176.65784101845105
66.4,48906.970749973785,295.44532333640996,4678.281803615994,-12.783998817096418,2670.894687340036,305125.9305111251,68.26153920847952,20.915118436426415,-16.30649346509627,-176.658164869791
66.5,48803.47939726291,295.8939470391034,4677.603830606166,-12.77887686595719,2695.1320222092927,306411.76121475344,68.26153920847952,20.912080866693746,-16.298912555497772,-176.65848801751932
66.60000000000001,48700.043957993854,296.3425306551358,4676.918956158161,-12.773739431691912,2719.567461834303,307700.78491134127,68.26153920847952,20.90901244829968,-16.29133234246542,-176.65881045535406
66.7,48596.66469803825,296.7910735521284,4676.227124029718,-12.768586386159427,2744.202272764154,308992.98030293797,68.26153920847952,20.905912929847428,-16.283752836858724,-176.65913217696394
66.8,48493.34188530734,297.2395750923989,4675.528277619698,-12.763417600322997,2769.037723513048,310288.3256138316,68.26153920847952,20.90278205833616,-16.27617404962743,-176.65945317596797
66.9,48390.07578976452,297.6880346329923,4674.822359967537,-12.758232944247096,2794.075084435506,311586.79858568957,68.26153920847952,20.89961957915858,-16.26859599181209,-176.6597734459352
67.0,48286.86668343609,298.136451525624,4674.109313752734,-12.753032287094257,2819.3156275992264,312888.3764727139,68.26153920847952,20.89642523609864,-16.261018674544715,-176.6600929803846
67.10000000000001,48183.71484042378,298.58482511662925,4673.389081294387,-12.74781549712198,2844.7606266547027,314193.03603676334,68.26153920847952,20.893198771329466,-16.253442109049352,-176.6604117727846
67.2,48080.62053691456,299.0331547469589,4672.661604550754,-12.742582441679676,2870.411356702686,315500.75354250503,68.26153920847952,20.889939925411394,-16.245866306642707,-176.66072981655284
67.3,47977.58405119367,299.48143975209047,4671.926825118858,-12.73733298720567,2896.2690941579326,316811.5047525121,68.26153920847952,20.886648437290212,-16.23829127873479,-176.66104710505599
67.4,47874.605663654394,299.92967946207625,4671.184684234127,-12.73206699922426,2922.335116610904,318125.26492240286,68.26153920847952,20.883324044295563,-16.230717036829482,-176.66136363160936
67.5,47771.68565681111,300.3778732014158,4670.435122770081,-12.726784342342818,2948.610702685648,319442.00879592594,68.26153920847952,20.879966482139505,-16.223143592525194,-176.66167938947675
67.60000000000001,47668.82431530906,300.82602028907525,4669.678081238049,-12.721484880248962,2975.0971318956067,320761.7106000905,68.26153920847952,20.87657548491531,-16.215570957515475,-176.6619943718701
67.7,47566.02192593692,301.2741200384375,4668.913499786937,-12.716168475707777,3001.7956844956125,322084.34404024814,68.26153920847952,20.87315078509638,-16.207999143589632,-176.6623085719492
67.8,47463.27877763659,301.7221717572659,4668.141318203029,-12.7108349905591,3028.707641331665,323409.88229521795,68.26153920847952,20.86969211353539,-16.200428162633344,-176.66262198282152
67.9,47360.59516151622,302.1701747476597,4667.361475909841,-12.705484285714858,3055.834283686692,324738.2980123588,68.26153920847952,20.86619919946361,-16.192858026629295,-176.6629345975418
68.0,47257.97137086,302.6181283060271,4666.573911968008,-12.700116221156483,3083.1768931241368,326069.563302691,68.26153920847952,20.862671770490433,-16.185288747657808,-176.66324640911188
68.10000000000001,47155.407701139804,303.0660317230621,4665.778565075228,-12.694730655932378,3110.73675132789,327403.6497359918,68.26153920847952,20.8591095526031,-16.177720337897448,-176.66355741048045
68.2,47052.90445002681,303.51388428365857,4664.975373566236,-12.689327448155453,3138.5151399390315,328740.5283358909,68.26153920847952,20.855512270166614,-16.170152809625666,-176.6638675945427
68.3,46950.46191740129,303.96168526694765,4664.164275412844,-12.683906455000718,3166.513340389916,330080.1695749983,68.26153920847952,20.851879645923884,-16.162586175219424,-176.66417695414006
68.4,46848.08040536521,304.4094339461826,4663.345208224008,-12.678467532702982,3194.732633734234,331422.54336999485,68.26153920847952,20.84821140099606,-16.155020447155824,-176.66448548206012
68.5,46745.76021825196,304.8571295887594,4662.518109245959,-12.673010536554566,3223.174300474614,332767.61907677003,68.26153920847952,20.8445072548831,-16.147455638012726,-176.66479317103602
68.60000000000001,46643.50166263804,305.30477145616584,4661.682915362374,-12.66753532090314,3251.839620386368,334115.36548553844,68.26153920847952,20.84076692546456,-16.139891760469386,-176.66510001374658
68.7,46541.305047354195,305.75235880390994,4660.839563094604,-12.662041739149599,3280.729872338077,335465.7508159717,68.26153920847952,20.836990129000593,-16.132328827307106,-176.6654060028157
68.8,46439.170683495235,306.1998908815457,4659.987988601948,-12.656529643746042,3309.846334109226,336818.7427123619,68.26153920847952,20.833176580133173,-16.124766851409824,-176.66571113081235
68.9,46337.098884431645,306.6473669325806,4659.128127681978,-12.650998886193802,3339.1902822038815,338174.3082387651,68.26153920847952,20.829325991887575,-16.117205845764794,-176.6660153902502
69.0,46235.08996582031,307.094786194464,4658.259915770925,-12.64544931704158,3368.7629916612605,339532.41387417464,68.26153920847952,20.825438075674082,-16.109645823463172,-176.66631877358736
69.10000000000001,46133.14424561523,307.5421478985547,4657.383287944109,-12.63988078588364,3398.5657358628487,340893.02550770703,68.26153920847952,20.82151254128993,-16.102086797700682,-176.6666212732261
69.2,46031.26204407727,307.98945127006317,4656.498178916431,-12.634293141358109,3428.599786336298,342256.1084338144,68.26153920847952,20.817549096921475,-16.09452878177824,-176.66692288151276
69.3,45929.44368378585,308.4366955280365,4655.60452304292,-12.628686231145332,3458.8664125552987,343621.62734749034,68.26153920847952,20.813547449146668,-16.08697178910258,-176.6672235907373
69.4,45827.68948964868,308.88387988529746,4654.702254319332,-12.62305990196635,3489.3668817364683,344989.54633951775,68.26153920847952,20.80950730293774,-16.0794158331869,-176.6675233931332
69.5,45725.999788912944,309.3310035484461,4653.791306382813,-12.617413999581439,3520.102458632244,346359.8288917178,68.26153920847952,20.80542836166414,-16.071860927651485,-176.6678222808771
69.60000000000001,45624.37491117511,309.77806571775807,4652.8716125126175,-12.611748368788747,3551.074405320636,347732.4378722403,68.26153920847952,20.801310327095784,-16.064307086224346,-176.6681202460886
69.7,45522.81518839067,310.2250655872202,4651.943105630888,-12.606062853423031,3582.283980991361,349107.3355308772,68.26153920847952,20.79715289940651,-16.056754322741853,-176.66841728083008
69.8,45421.3209548858,310.6720023444622,4651.005718303495,-12.600357296354488,3613.73244172777,350484.4834943728,68.26153920847952,20.79295577717785,-16.04920265114937,-176.6687133771064
69.9,45319.892547366675,311.11887517069346,4650.059382740942,-12.594631539487665,3645.4210402858025,351863.84276179475,68.26153920847952,20.788718657403077,-16.041652085501887,-176.66900852686464
70.0,45218.530304928776,311.5656832407017,4649.104030799325,-12.588885423760493,3677.351025869291,353245.3736999334,68.26153920847952,20.784441235491514,-16.034102639964654,-176.6693027219939
70.10000000000001,45117.23456906807,312.01242572280654,4648.139593981368,-12.583118789143407,3709.5236439009554,354629.03603870334,68.26153920847952,20.780123205273114,-16.02655432881381,-176.6695959543251
70.2,45016.00568369031,312.45910177882195,4647.1660034375145,-12.577331474638568,3741.9401357902198,356014.7888666031,68.26153920847952,20.775764259003406,-16.019007166437017,-176.66988821563072
70.3,44914.843995120376,312.90571056401023,4646.183189967087,-12.571523318279198,3774.601738697304,357402.59062620887,68.26153920847952,20.771364087368628,-16.0114611673341,-176.67017949762447
70.4,44813.749852113426,313.3522512270529,4645.191084019517,-12.56569415712902,3807.509685292898,358792.3991096751,68.26153920847952,20.766922379491266,-16.003916346117663,-176.67046979196127
70.5,44712.72360586282,313.79872291000953,4644.18961569564,-12.559843827281792,3840.665203515112,360184.1714543219,68.26153920847952,20.762438822935817,-15.996372717513728,-176.67075909023688
70.60000000000001,44611.76561001036,314.2451247483103,4643.178714749062,-12.553972163860985,3874.0695163218134,361577.86413822527,68.26153920847952,20.75791310371492,-15.98883029636237,-176.67104738398774
70.7,44510.87622065563,314.6914558706406,4642.158310587595,-12.54807900101953,3907.723841439449,362973.43297586264,68.26153920847952,20.753344906295755,-15.981289097618331,-176.6713346646907
70.8,44410.05579636479,315.1377153990203,4641.128332274763,-12.542164171939733,3941.629391108125,364370.83311380853,68.26153920847952,20.7487339136068,-15.973749136351659,-176.67162092376284
70.9,44309.30469818134,315.583902448649,4640.088708531383,-12.536227508833251,3975.7873718221704,365770.01902644476,68.26153920847952,20.744079807044887,-15.966210427748324,-176.6719061525613
71.0,44208.62328963261,316.03001612795595,4639.039367737219,-12.530268842941236,4010.198984068242,367170.94451178506,68.26153920847952,20.739382266482597,-15.95867298711086,-176.67219034238298
71.10000000000001,44108.01193674095,316.4760555385115,4637.98023793271,-12.52428800453458,4044.865422057885,368573.56268727325,68.26153920847952,20.73464097027599,-15.951136829858967,-176.67247348446443
71.2,44007.47100803163,316.92201977502896,4636.911246820774,-12.518284822914275,4079.7878734572823,369977.8259856857,68.26153920847952,20.729855595272678,-15.94360197153015,-176.67275556998163
71.3,43907.000874541234,317.3679079252929,4635.83232176869,-12.51225912641192,4114.967519112889,371383.6861510777,68.26153920847952,20.72502581682023,-15.936068427780327,-176.67303659004972
71.4,43806.60190982651,317.81371907014864,4634.743389810056,-12.506210742390346,4150.405532772938,372791.0942347786,68.26153920847952,20.72015130877494,-15.92853621438446,-176.67331653572288
71.5,43706.27448997274,318.25945228345586,4633.6443776468295,-12.50013949724438,4186.1030808051155,374200.0005914528,68.26153920847952,20.715231743510923,-15.921005347237166,-176.6735953979941
71.60000000000001,43606.0189936026,318.70510663205044,4632.535211651445,-12.494045216401723,4222.061321910053,375610.35487520945,68.26153920847952,20.710266791929616,-15.913475842353327,-176.67387316779508
71.7,43505.835801883135,319.15068117570627,4631.415817869015,-12.487927724323992,4258.281406831529,377022.10603580886,68.26153920847952,20.705256123469606,-15.905947715868711,-176.6741498359959
71.8,43405.72529853508,319.59617496713,4630.286122019612,-12.481786844507873,4294.764478061749,378435.2023148908,68.26153920847952,20.700199406116827,-15.89842098404058,-176.67442539340493
71.9,43305.687869839836,320.04158705185904,4629.146049500636,-12.475622399486445,4331.511669543486,379849.5912423104,68.26153920847952,20.69509630641515,-15.890895663248303,-176.67469983076873
72.0,43205.7239046474,320.48691646829275,4627.995525389265,-12.469434210830613,4368.52410636782,381265.2196325265,68.26153920847952,20.689946489477332,-15.88337176999395,-176.6749731387717
72.10000000000001,43105.83379438426,320.9321622476353,4626.834474444992,-12.463222099150713,4405.802904467848,382682.0335810606,68.26153920847952,20.684749618996396,-15.875849320902907,-176.67524530803604
72.2,43006.017933060415,321.3773234138228,4625.662821112253,-12.456985884098252,4443.34917030867,384099.97846104664,68.26153920847952,20.679505357257312,-15.868328332724479,-176.67551632912156
72.3,42906.27671727631,321.822398983555,4624.480489523134,-12.450725384367805,4481.164000573357,385518.9989198552,68.26153920847952,20.67421336514917,-15.860808822332475,-176.67578619252555
72.4,42806.61054623127,322.2673879662269,4623.287403500175,-12.444440417699058,4519.248481844279,386939.0388757738,68.26153920847952,20.66887330217768,-15.85329080672582,-176.67605488868256
72.5,42707.01982172858,322.71228936386865,4622.083486559265,-12.438130800879012,4557.603690281665,388360.0415148226,68.26153920847952,20.663484826478108,-15.845774303029133,-176.67632240796428
72.60000000000001,42607.50494818343,323.1571021711459,4620.868661912622,-12.431796349744344,4596.230691297014,389781.94928760757,68.26153920847952,20.658047594828627,-15.83825932849333,-176.67658874067942
72.7,42508.06633262988,323.60182537532796,4619.642852471872,-12.425436879183922,4635.130539222774,391204.70390627417,68.26153920847952,20.652561262664065,-15.830745900496197,-176.6768538770736
72.8,42408.70438472554,324.04645795620866,4618.405980851219,-12.419052203141495,4674.304276978947,392628.24634159124,68.26153920847952,20.647025484090086,-15.82323403654298,-176.67711780732907
72.9,42309.419516759925,324.4909988861428,4617.157969370709,-12.412642134618537,4713.752935734079,394052.51682006044,68.26153920847952,20.641439911897763,-15.815723754266967,-176.67738052156477
73.0,42210.21214365866,324.93544712994355,4615.8987400595925,-12.406206485677261,4753.477534563966,395477.45482119464,68.26153920847952,20.635804197578647,-15.808215071430057,-176.6776420098361
73.10000000000001,42111.08268299,325.3798016448918,4614.628214659783,-12.399745067443813,4793.4790801053305,396902.9990748509,68.26153920847952,20.630117991340192,-15.800708005923331,-176.67790226213475
73.2,42012.03155497089,325.824061380685,4613.346314629416,-12.393257690111621,4833.758566205645,398329.0875586714,68.26153920847952,20.624380942121693,-15.79320257576763,-176.67816126838875
73.3,41913.05918247206,326.2682252794234,4612.052961146503,-12.38674416294494,4874.316973569356,399755.65749564394,68.26153920847952,20.6185926976106,-15.785698799114106,-176.6784190184622
73.4,41814.16599102272,326.71229227551623,4610.748075112686,-12.380204294282557,4915.155269400268,401182.6453517737,68.26153920847952,20.612752904259338,-15.778196694244793,-176.67867550215527
73.5,41715.35240881657,327.1562612957662,4609.431577157104,-12.373637891541689,4956.274407039342,402609.98683384096,68.26153920847952,20.60686120730254,-15.770696279573144,-176.67893070920405
73.60000000000001,41616.618866716046,327.60013125919795,4608.103387640345,-12.36704476122206,4997.675325599327,404037.6168873001,68.26153920847952,20.60091725077478,-15.763197573644607,-176.67918462928046
73.7,41517.96579825692,328.0439010771308,4606.763426658521,-12.360424708910164,5039.358949595197,405465.46969428525,68.26153920847952,20.594920677528716,-15.755700595137151,-176.67943725199223
73.8,41419.393639652524,328.48756965310196,4605.411614047429,-12.353777539283714,5081.326188570882,406893.47867174057,68.26153920847952,20.588871129253768,-15.74820536286181,-176.67968856688273
73.9,41320.902829798404,328.93113588284143,4604.047869386833,-12.347103056116287,5123.57793672184,408321.57646966074,68.26153920847952,20.58276824649521,-15.740711895763228,-176.67993856343097
74.0,41222.49381027557,329.37459865423506,4602.672112004845,-12.340401062282158,5166.115072514372,409749.69496948,68.26153920847952,20.57661166867377,-15.733220212920177,-176.68018723105146
74.10000000000001,41124.16702535516,329.81795684730736,4601.28426098242,-12.333671359761338,5208.938458300412,411177.7652825609,68.26153920847952,20.570401034105736,-15.725730333546089,-176.6804345590942
74.2,41025.922922000755,330.2612093341772,4599.8842351579515,-12.326913749644797,5252.048939929544,412605.7177488523,68.26153920847952,20.564135980023476,-15.718242276989583,-176.68068053684465
74.3,40927.7619498726,330.70435497905254,4598.471953131985,-12.320128032139907,5295.447346356324,414033.48193564586,68.26153920847952,20.55781614259654,-15.710756062734964,-176.68092515352362
74.4,40829.68456132943,331.1473926381555,4597.047333272044,-12.313314006576075,5339.134489244931,415460.9866365109,68.26153920847952,20.551441156953217,-15.703271710402738,-176.68116839828724
74.5,40731.69121143175,331.590321159729,4595.610293717558,-12.30647147141058,5383.1111625693775,416888.1598703368,68.26153920847952,20.545010657202567,-15.695789239750116,-176.681410260227
74.60000000000001,40633.78235794511,332.0331393840007,4594.160752384917,-12.299600224234645,5427.378142209991,418314.9288805194,68.26153920847952,20.538524276457018,-15.688308670671514,-176.68165072836965
74.7,40535.95846134052,332.4758461431518,4592.698626972629,-12.292700061779689,5471.936185547585,419741.2201343411,68.26153920847952,20.531981646855424,-15.680830023199034,-176.68188979167715
74.8,40438.21998479823,332.91844026127694,4591.223834966604,-12.28577077992381,5516.78603105238,421166.9593224368,68.26153920847952,20.52538239958669,-15.67335331750295,-176.68212743904672
74.9,40340.5673942077,333.3609205543649,4589.736293645542,-12.27881217369849,5561.928397871154,422592.0713584791,68.26153920847952,20.518726164913854,-15.665878573892192,-176.6823636593109
75.0,40243.0011581704,333.80328583028984,4588.2359200864485,-12.271824037295513,5607.3639854094645,424016.48037896375,68.26153920847952,20.51201257219874,-15.6584058128148,-176.6825984412374
75.10000000000001,40145.521747999825,334.2455348887457,4586.722631170265,-12.264806164074098,5653.093472911754,425440.1097432042,68.26153920847952,20.505241249927145,-15.650935054858405,-176.68283177352913
75.2,40048.12963772239,334.6876665212459,4585.196343587617,-12.257758346568279,5699.117519037516,426862.8820334664,68.26153920847952,20.498411825734518,-15.64346632075067,-176.68306364482441
75.3,39950.82530407887,335.1296795111,4583.656973844684,-12.250680376494488,5745.436761433841,428284.71905525844,68.26153920847952,20.49152392643221,-15.63599963135975,-176.68329404369675
75.4,39853.60922652343,335.5715726333635,4582.104438269192,-12.24357204475939,5792.051816305772,429705.54183782794,68.26153920847952,20.484577178034254,-15.628535007694722,-176.683522958655
75.5,39756.48188722413,336.0133446548266,4580.5386530165215,-12.23643314146794,5838.963277982671,431125.270634803,68.26153920847952,20.47757120578469,-15.621072470906022,-176.6837503781434
75.60000000000001,39659.443771062884,336.4549943339988,4578.95953407595,-12.229263455931674,5886.171718481561,432543.82492501184,68.26153920847952,20.470505634185447,-15.613612042285869,-176.68397629054158
75.7,39562.49536563363,336.8965204210592,4577.366997277005,-12.222062776677248,5933.677687068321,433961.1234135157,68.26153920847952,20.463380087024763,-15.60615374326869,-176.68420068416472
75.8,39465.637161242776,337.33792165786423,4575.760958295954,-12.21483089145521,5981.481709814488,435377.0840327725,68.26153920847952,20.456194187406183,-15.598697595431512,-176.68442354726344
75.9,39368.86965090688,337.7791967778796,4574.141332662409,-12.207567587249018,6029.584289152542,436791.62394403626,68.26153920847952,20.448947557778094,-15.591243620494376,-176.68464486802407
76.0,39272.1933303508,338.2203445062219,4572.5080357660645,-12.200272650284305,6077.985903427956,438204.6595389333,68.26153920847952,20.44163981996384,-15.583791840320721,-176.68486463456856
76.10000000000001,39175.60869800672,338.66136355956087,4570.860982863562,-12.192945866038395,6126.687006447866,439616.1064412063,68.26153920847952,20.434270595192405,-15.576342276917769,-176.68508283495473
76.2,39079.11625501048,339.10225264615303,4569.200089085475,-12.185587019250065,6175.688027028431,441025.8795087047,68.26153920847952,20.426839504129664,-15.568894952436898,-176.68529945717626
76.3,38982.71650520014,339.5430104657897,4567.525269443436,-12.178195893929557,6224.989368538169,442433.8928355226,68.26153920847952,20.4193461669102,-15.561449889173996,-176.6855144891628
76.4,38886.40995511226,339.98363570980086,4565.836438837376,-12.170772273368865,6274.591408439941,443840.05975438084,68.26153920847952,20.4117902031697,-15.55400710956984,-176.68572791878023
76.5,38790.19711397821,340.4241270610068,4564.13351206291,-12.16331594015226,6324.494497830361,445244.292839209,68.26153920847952,20.404171232077964,-15.546566636210407,-176.68593973383057
76.60000000000001,38694.07849372225,340.8644831937181,4562.416403818842,-12.15582667616709,6374.698960975655,446646.5039078925,68.26153920847952,20.39648887237244,-15.53912849182724,-176.68614992205232
76.7,38598.05460895458,341.304702773703,4560.6850287148045,-12.14830426261483,6425.205094848039,448046.6040253304,68.26153920847952,20.3887427423924,-15.531692699297746,-176.68635847112046
76.80000000000001,38502.12597696995,341.74478445818727,4558.9393012790315,-12.140748480022415,6476.013168656625,449444.50350659003,68.26153920847952,20.380932460113662,-15.524259281645534,-176.6865653686467
76.9,38406.29311774019,342.1847268958024,4557.179135966263,-12.133159108253825,6527.123423379575,450840.11192039703,68.26153920847952,20.373057643183934,-15.516828262040697,-176.68677060217965
77.0,38310.55655391049,342.62452872661237,4555.404447165781,-12.125535926521955,6578.536071292042,452233.33809276496,68.26153920847952,20.365117908958744,-15.509399663800119,-176.68697415920494
77.10000000000001,38214.9168107938,343.0641885820545,4553.61514920958,-12.11787871340075,6630.2512954931435,453624.0901108829,68.26153920847952,20.357112874537968,-15.501973510387753,-176.68717602714543
77.2,38119.37441636436,343.5037050849471,4551.81115638067,-12.110187246837611,6682.269249431626,455012.2753272423,68.26153920847952,20.34904215680292,-15.494549825414886,-176.68737619336142
77.30000000000001,38023.929901252035,343.9430768494866,4549.992382921519,-12.102461304166093,6734.590056429193,456397.8003639732,68.26153920847952,20.340905372454124,-15.48712863264041,-176.68757464515087
77.4,37928.583798734006,344.38230248117685,4548.1587430426225,-12.094700662118871,6787.213809203827,457780.5711174622,68.26153920847952,20.3327021380496,-15.479709955971057,-176.6877713697496
77.5,37833.336644730065,344.8213805768858,4546.310150931216,-12.08690509684099,6840.140569389328,459160.49276312784,68.26153920847952,20.32443207004382,-15.47229381946164,-176.68796635433156
77.60000000000001,37738.18897779286,345.26030972478645,4544.446520760115,-12.079074383903404,6893.370367056497,460537.4697605334,68.26153920847952,20.316094784827214,-15.464880247315286,-176.68815958600896
77.7,37643.1413391009,345.6990885043421,4542.5677666966985,-12.071208298316794,6946.903200231333,461911.4058586809,68.26153920847952,20.307689898766355,-15.457469263883628,-176.68835105183263
77.80000000000001,37548.19427245064,346.13771548634065,4540.673802912024,-12.063306614545684,7000.739034412624,463282.20410156425,68.26153920847952,20.299217028244673,-15.45006089366702,-176.6885407387923
77.9,37453.34832424624,346.57618923280177,4538.76454359008,-12.055369106522845,7054.877802089866,464649.7668340103,68.26153920847952,20.290675789703826,-15.442655161314716,-176.68872863381677
78.0,37358.60404349165,347.014508297063,4536.839902937178,-12.047395547663974,7109.319402258913,466013.9957077229,68.26153920847952,20.282065799685697,-15.435252091625049,-176.6889147237743
78.10000000000001,37263.96198178083,347.45267122368324,4534.899795191473,-12.0393857108827,7164.063699937897,467374.79168760846,68.26153920847952,20.27338667487493,-15.427851709545576,-176.68909899547282
78.2,37169.42269328702,347.8906765484914,4532.944134632631,-12.031339368605861,7219.110525683155,468732.05505837523,68.26153920847952,20.26463803214218,-15.420454040173249,-176.68928143566032
78.30000000000001,37074.98673475301,348.3285227985534,4530.97283559163,-12.02325629278909,7274.45967510407,470085.6854313669,68.26153920847952,20.25581948858788,-15.41305910875453,-176.68946203102513
78.4,36980.65466547897,348.76620849215703,4528.985812460694,-12.015136254932694,7330.1109083789925,471435.58175169985,68.26153920847952,20.24693066158666,-15.405666940685517,-176.6896407681962
78.5,36886.42704731226,349.20373213884574,4526.982979703367,-12.006979026097843,7386.0639497698185,472781.64230562194,68.26153920847952,20.23797116883242,-15.398277561512046,-176.68981763374356
78.60000000000001,36792.30444463482,349.64109223934423,4524.964251864725,-11.99878437692306,7442.318487137977,474123.7647281807,68.26153920847952,20.228940628383928,-15.390890996929784,-176.68999261417858
78.7,36698.287424351554,350.078287285629,4522.929543581725,-11.990552077641016,7498.874171459924,475461.84601113724,68.26153920847952,20.219838658711105,-15.383507272784309,-176.69016569595448
78.80000000000001,36604.37655587634,350.5153157608576,4520.878769593687,-11.982281898095627,7555.730616344444,476795.7825111942,68.26153920847952,20.210664878741884,-15.37612641507116,-176.6903368654664
78.9,36510.57241111947,350.9521761394199,4518.81184475292,-11.973973607759469,7612.887397549446,478125.46995846514,68.26153920847952,20.201418907909684,-15.368748449935909,-176.69050610905222
79.0,36416.87556447461,351.3888668868791,4516.728684035473,-11.965626975751496,7670.344052499657,479450.8034652225,68.26153920847952,20.192100366201508,-15.361373403674154,-176.69067341299265
79.10000000000001,36323.28659280343,351.8253864600366,4514.629202552035,-11.95724177085507,7728.100079806627,480771.6775349701,68.26153920847952,20.182708874206632,-15.354001302731573,-176.6908387635117
79.2,36229.80607542116,352.2617333068809,4512.513315558962,-11.948817761536311,7786.154938789072,482087.9860717708,68.26153920847952,20.173244053165913,-15.346632173703904,-176.69100214677724
79.30000000000001,36136.43459408125,352.697905866593,4510.38093846944,-11.940354715962746,7844.508048994963,483399.62238987215,68.26153920847952,20.163705525021687,-15.339266043336933,-176.69116354890136
79.4,36043.1727329609,353.1339025695752,4508.2319868647855,-11.931852402022292,7903.158789724217,484706.47922358935,68.26153920847952,20.154092912468283,-15.331902938526461,-176.69132295594082
79.5,35950.02107864339,353.56972183741385,4506.066376505884,-11.923310587342543,7962.106499555176,486008.44873754395,68.26153920847952,20.144405839003152,-15.324542886318268,-176.6914803538975
79.60000000000001,35856.98022010131,354.0053620829173,4503.884023344753,-11.914729039310378,8021.350475872084,487305.422537161,68.26153920847952,20.13464392897855,-15.31718591390803,-176.69163572871898
79.7,35764.050748681184,354.4408217101077,4501.6848435362435,-11.906107525091885,8080.889974393408,488597.29167942493,68.26153920847952,20.12480680765387,-15.309832048641253,-176.69178906629895
79.80000000000001,35671.23325808393,354.876099114223,4499.468753449878,-11.897445811652616,8140.724208705192,489883.94668401,68.26153920847952,20.114894101248503,-15.302481318013164,-176.69194035247773
79.9,35578.52834434714,355.3111926817185,4497.235669681813,-11.888743665778142,8200.852349795325,491165.27754466067,68.26153920847952,20.104905436995374,-15.295133749668606,-176.69208957304286
80.0,35485.936605826486,355.74610079027605,4494.985509066938,-11.880000854094952,8261.273525590908,492441.17374088033,68.26153920847952,20.09484044319499,-15.287789371401894,-176.6922367137296
80.10000000000001,35393.45864317659,356.1808218088233,4492.718188691102,-11.871217143091656,8321.986820498627,493711.5242499235,68.26153920847952,20.084698749270103,-15.280448211156676,-176.69238176022145
80.2,35301.09505933104,356.6153540975354,4490.433625903472,-11.862392299140524,8382.991274948577,494976.21755909664,68.26153920847952,20.07447998582094,-15.27311029702575,-176.69252469815072
80.30000000000001,35208.84645948233,357.0496960078355,4488.131738329016,-11.85352608851934,8444.285884941257,496235.1416783571,68.26153920847952,20.064183784681024,-15.265775657250893,-176.6926655130992
80.4,35116.71345106,357.4838458824178,4485.81244388112,-11.844618277433579,8505.869601599117,497488.18415324466,68.26153920847952,20.053809778973555,-15.258444320222642,-176.69280419059865
80.5,35024.6966437106,357.91780205526203,4483.475660774324,-11.835668632038917,8567.741330720251,498735.23207806825,68.26153920847952,20.043357603168335,-15.251116314480074,-176.6929407161315
80.60000000000001,34932.79664927535,358.3515628516341,4481.12130753719,-11.826676918464052,8629.899932337525,499976.17210944084,68.26153920847952,20.032826893139326,-15.243791668710568,-176.69307507513136
80.7,34841.01408176683,358.78512658810445,4478.749303025288,-11.817642902833867,8692.344220282319,501210.89048013085,68.26153920847952,20.022217286222645,-15.236470411749542,-176.69320725298377
80.80000000000001,34749.34955734713,359.2184915725725,4476.359566434313,-11.808566351292898,8755.072961751377,502439.27301318175,68.26153920847952,20.011528421275226,-15.22915257258016,-176.69333723502683
80.9,34657.80369430315,359.6516561042917,4473.952017313312,-11.799447030029146,8818.084876880166,503661.2051363902,68.26153920847952,20.000759938733957,-15.22183818033305,-176.69346500655175
81.0,34566.37711302284,360.0846184738371,4471.526575578044,-11.790284705298195,8881.378638320122,504876.5718970629,68.26153920847952,19.989911480675353,-15.214527264285962,-176.69359055280373
81.10000000000001,34475.07043597149,360.51737696318577,4469.083161524449,-11.78107914344767,8944.952870820702,506085.25797707285,68.26153920847952,19.97898269087582,-15.207219853863453,-176.69371385898253
81.2,34383.88428766467,360.9499298457132,4466.621695842238,-11.77183011094201,9008.806150819093,507287.14770828467,68.26153920847952,19.967973214872362,-15.199915978636499,-176.69383491024317
81.30000000000001,34292.819294644054,361.3822753861908,4464.142099628602,-11.762537374387573,9072.937006032993,508482.12508821837,68.26153920847952,19.95688270002387,-15.192615668322127,-176.69395369169672
81.4,34201.876085449476,361.8144118408528,4461.644294402028,-11.75320070055805,9137.343915061954,509670.0737960956,68.26153920847952,19.94571079557287,-15.185318952783017,-176.69407018841102
81.5,34111.0552905933,362.2463374573829,4459.128202116231,-11.743819856420215,9202.025306992558,510850.8772091284,68.26153920847952,19.934457152707825,-15.17802586202707,-176.6941843854114
81.60000000000001,34020.35754253203,362.67805047496194,4456.593745174196,-11.734394609159994,9266.97956101197,512024.4184191727,68.26153920847952,19.92312142462589,-15.170736426206972,-176.69429626768155
81.7,33929.78347563837,363.1095491242832,4454.040846442331,-11.724924726208851,9332.205006027329,513190.58024966554,68.26153920847952,19.911703266596152,-15.163450675619716,-176.69440582016418
81.80000000000001,33839.3337261728,363.54083162757394,4451.469429264724,-11.715409975270498,9397.699920292072,514349.2452728714,68.26153920847952,19.90020233602338,-15.156168640706127,-176.6945130277619
81.9,33749.008932253346,363.97189619864554,4448.879417477502,-11.705850124347922,9463.462531040568,515500.2958274636,68.26153920847952,19.888618292512216,-15.148890352050355,-176.69461787533803
82.0,33658.80973382713,364.4027410429002,4446.2707354233,-11.696244941770733,9529.491014128229,516643.61403635977,68.26153920847952,19.876950797931823,-15.141615840379327,-176.6947203477174
82.10000000000001,33568.73677263828,364.8333643573838,4443.643307965821,-11.686594196222819,9595.783493682025,517779.08182493475,68.26153920847952,19.865199516481,-15.134345136562212,-176.6948204296873
82.2,33478.79069219809,365.26376433078497,4440.997060504504,-11.676897656770333,9662.338041756579,518906.58093947126,68.26153920847952,19.853364114753713,-15.127078271609843,-176.69491810599817
82.30000000000001,33388.97213775292,365.6939391435184,4438.33191898928,-11.66715509288998,9729.152678000008,520025.9929659557,68.26153920847952,19.841444261805094,-15.119815276674103,-176.69501336136466
82.4,33299.281756251585,366.1238869677061,4435.647809935425,-11.657366274497615,9796.225369328267,521137.1993491702,68.26153920847952,19.82943962921778,-15.112556183047328,-176.69510618046635
82.5,33209.720196313225,366.553605967263,4432.944660438507,-11.647530971977172,9863.554029607372,522240.08141206484,68.26153920847952,19.817349891168764,-15.105301022161646,-176.6951965479489
82.60000000000001,33120.28810819285,366.9830942978846,4430.222398189409,-11.637648956209864,9931.136519346195,523334.52037546266,68.26153920847952,19.805174724496545,-15.098049825588319,-176.6952844484247
82.7,33030.98614374874,367.41235010714877,4427.48095148946,-11.627719998603729,9998.97064539656,524420.3973780086,68.26153920847952,19.792913808768734,-15.090802625037046,-176.69536986647398
82.80000000000001,32941.81495640613,367.8413715344996,4424.720249265622,-11.617743871123452,10067.0541606656,525497.5934964811,68.26153920847952,19.780566826349972,-15.08355945235526,-176.69545278664577
82.9,32852.77520112274,368.27015671129925,4421.940221085784,-11.607720346320503,10135.384763835946,526565.9897663401,68.26153920847952,19.768133462470253,-15.076320339527374,-176.6955331934588
83.0,32763.867534352932,368.698703760915,4419.140797174113,-11.59764919736357,10203.960099096728,527625.4672025807,68.26153920847952,19.75561340529359,-15.069085318674038,-176.69561107140254
83.10000000000001,32675.09261401184,369.12701079870124,4416.321908426489,-11.587530198069288,10272.777755884483,528675.9068208578,68.26153920847952,19.743006345986963,-15.061854422051342,-176.69568640493813
83.2,32586.45109943673,369.5550759320922,4413.483486426016,-11.577363122933262,10341.835268636763,529717.1896589462,68.26153920847952,19.73031197878967,-15.054627682050006,-176.69575917849957
83.30000000000001,32497.943651350215,369.98289726063484,4410.6254634585885,-11.567147747161385,10411.130116554505,530749.1967984206,68.26153920847952,19.71753000108291,-15.047405131194555,-176.69582937649457
83.4,32409.570931822527,370.41047287601833,4407.747772528537,-11.55688384670144,10480.659723375915,531771.8093866188,68.26153920847952,19.704660113459713,-15.040186802142449,-176.6958969833057
83.5,32321.333604231477,370.8378008621787,4404.8503473743285,-11.546571198274984,10550.421457163488,532784.9086589193,68.26153920847952,19.69170201979511,-15.032972727683207,-176.69596198329145
83.60000000000001,32233.2323332238,371.2648792952686,4401.933122484326,-11.536209579409526,10620.412630100947,533788.3759612371,68.26153920847952,19.678655427316578,-15.025762940737499,-176.69602436078728
83.7,32145.267784674652,371.6917062437883,4398.996033112608,-11.525798768470967,10690.630498303459,534782.0927728168,68.26153920847952,19.665520046674768,-15.018557474356209,-176.69608410010676
83.80000000000001,32057.440625646617,372.1182797685923,4396.039015294833,-11.51533854469633,10761.072261640018,535765.9407292785,68.26153920847952,19.652295592014394,-15.01135636171947,-176.69614118554264
83.9,31969.75152434921,372.5445979229848,4393.062005864162,-11.504828688226752,10831.735063567425,536739.8016458962,68.26153920847952,19.638981781045405,-15.004159636135691,-176.6961956013681
84.0,31882.20115009602,372.9706587527325,4390.064942467218,-11.494268980140744,10902.615990978815,537703.5575411684,68.26153920847952,19.625578335114348,-14.996967331040548,-176.69624733183767
84.10000000000001,31794.790173262823,373.3964602961548,4387.047763580093,-11.483659202487713,10973.71207406381,538657.0906605957,68.26153920847952,19.612084979275863,-14.989779479995935,-176.69629636118862
84.2,31707.51926524425,373.8220005841668,4384.010408524383,-11.472999138321756,11045.02028618285,539600.2835007197,68.26153920847952,19.598501442364423,-14.982596116688919,-176.696342673642
84.30000000000001,31620.38909841003,374.24727764037175,4380.952817483274,-11.462288571735684,11116.537543755092,540533.0188333958,68.26153920847952,19.584827457066183,-14.975417274930637,-176.69638625340392
84.4,31533.400346060283,374.6722894810819,4377.874931517638,-11.45152728789532,11188.260706160516,541455.1797302999,68.26153920847952,19.571062759990937,-14.9682429886552,-176.69642708466665
84.5,31446.553682381287,375.0970341154206,4374.77669258217,-11.440715073074031,11260.186575655218,542366.6495876381,68.26153920847952,19.55720709174426,-14.961073291918536,-176.69646515161
84.60000000000001,31359.849782398902,375.5215095453621,4371.658043541537,-11.4298517146875,11332.311897302836,543267.3121511155,68.26153920847952,19.543260196999686,-14.953908218897237,-176.6965004384024
84.7,31273.289321933873,375.94571376582184,4368.518928186554,-11.418937001328738,11404.633358918214,544157.0515410559,68.26153920847952,19.529221824571003,-14.94674780388736,-176.69653292920228
84.80000000000001,31186.8729775534,376.36964476471604,4365.359291250366,-11.407970722803327,11477.147591029245,545035.7522778083,68.26153920847952,19.515091727484585,-14.939592081303214,-176.6965626081592
84.9,31100.601426525507,376.7933005230231,4362.179078424643,-11.396952670164886,11549.851166850376,545903.2993072658,68.26153920847952,19.500869663051777,-14.93244108567611,-176.69658945941538
85.0,31014.475346769672,377.2166790148794,4358.978236375778,-11.385882635750757,11622.740602274873,546759.5780266571,68.26153920847952,19.48655539294131,-14.92529485165309,-176.69661346710663
85.10000000000001,30928.495416808873,377.6397782076496,4355.7567127610855,-11.374760413217906,11695.81235588067,547604.4743104746,68.26153920847952,19.472148683251685,-14.918153413995627,-176.69663461536405
85.2,30842.662315721158,378.06259606196625,4352.514456245004,-11.363585797579038,11769.062828952112,548437.8745365804,68.26153920847952,19.457649304583608,-14.911016807578305,-176.69665288831507
85.30000000000001,30756.97672308935,378.485130531864,4349.251416515276,-11.352358585238902,11842.488365519119,549259.6656125123,68.26153920847952,19.4430570321123,-14.90388506738746,-176.696668270085
85.4,30671.439318950288,378.9073795648141,4345.9675442991265,-11.341078574030812,11916.0852524127,550069.7350019536,68.26153920847952,19.428371645659805,-14.8967582285198,-176.69668074479824
85.5,30586.050783744548,379.32934110183646,4342.662791379419,-11.329745563253345,11989.84971933605,550867.9707513343,68.26153920847952,19.413592929767226,-14.88963632618101,-176.69669029657976
85.60000000000001,30500.81179826567,379.75101307755364,4339.337110610792,-11.318359353707221,12063.777938952286,551654.2615165764,68.26153920847952,19.398720673766825,-14.882519395684294,-176.69669690955638
85.7,30415.723043607082,380.1723934203044,4335.990455935761,-11.306919747732376,12137.866026991254,552428.4965900247,68.26153920847952,19.383754671854014,-14.875407472448947,-176.69670056785833
85.80000000000001,30330.78520111041,380.5934800522064,4332.622782400802,-11.295426549245189,12212.110042371489,553190.5659274596,68.26153920847952,19.368694723159212,-14.86830059199883,-176.69670125562044
85.9,30245.998952311464,381.0142708892449,4329.234046172384,-11.28387956377589,12286.50598734162,553940.3601752814,68.26153920847952,19.353540631819556,-14.86119878996089,-176.69669895698385
86.0,30161.364978887606,381.434763841381,4325.824204552967,-11.272278598506112,12361.049807637335,554677.7706977547,68.26153920847952,19.338292207050344,-14.854102102063587,-176.69669365609715
86.10000000000001,30076.88396260375,381.8549568126251,4322.393215996952,-11.2606234623066,12435.737392657264,555402.6896043866,68.26153920847952,19.322949263216373,-14.847010564135346,-176.69668533711817
86.2,29992.55658525601,382.2748477011303,4318.941040126579,-11.248913965775065,12510.564575658864,556115.0097774419,68.26153920847952,19.30751161990299,-14.839924212102943,-176.6966739842151
86.30000000000001,29908.383528618608,382.69443439928796,4315.467637747766,-11.237149921274169,12585.527133968453,556814.6248994531,68.26153920847952,19.29197910198686,-14.83284308198989,-176.69665958156827
86.4,29824.36547438614,383.1137147938362,4311.9729708658915,-11.225331142969639,12660.620789214317,557501.4294809119,68.26153920847952,19.27635153970654,-14.825767209914789,-176.6966421133715
86.5,29740.503104118165,383.53268676592364,4308.457002701497,-11.213457446868507,12735.841207575297,558175.3188879562,68.26153920847952,19.26062876873264,-14.818696632089624,-176.69662156383362
86.60000000000001,29656.797099182848,383.9513481912361,4304.919697705932,-11.201528650857457,12811.184000048634,558836.1893701276,68.26153920847952,19.24481063023776,-14.81163138481809,-176.69659791718004
86.7,29573.248140698764,384.36969694010924,4301.361021576909,-11.189544574741273,12886.644722738372,559483.9380882116,68.26153920847952,19.22889697096602,-14.804571504493834,-176.69657115765426
86.80000000000001,29489.856909478083,384.78773087757367,4297.780941273981,-11.1775050402814,12962.218877160738,560118.4631420677,68.26153920847952,19.21288764330222,-14.797517027598703,-176.69654126951943
86.9,29406.624085966498,385.20544786352843,4294.179425033928,-11.165409871234571,13037.901910572,560739.6635985572,68.26153920847952,19.196782505340632,-14.790467990700954,-176.69650823705985
87.0,29323.55035018595,385.6228457528019,4290.556442386049,-11.15325889339153,13113.689216311986,561347.4395194073,68.26153920847952,19.180581420953324,-14.783424430453438,-176.6964720445827
87.10000000000001,29240.636381674558,386.03992239525314,4286.9119641673515,-11.141051934615817,13189.576134169827,561941.6919891373,68.26153920847952,19.164284259858086,-14.776386383591758,-176.6964326764194
87.2,29157.882859427482,386.4566756359077,4283.245962537642,-11.128788824882623,13265.55795076783,562522.3231429511,68.26153920847952,19.147890897685837,-14.769353886932395,-176.69639011692743
87.30000000000001,29075.290461835917,386.87310331505444,4279.558410994499,-11.116469396317692,13341.62989996672,563089.2361946424,68.26153920847952,19.13140121604757,-14.762326977370808,-176.69634435049178
87.4,28992.85986662656,387.28920326835873,4275.849284388131,-11.104093483236266,13417.78716328983,563642.335464458,68.26153920847952,19.114815102600765,-14.755305691879522,-176.69629536152667
87.5,28910.59175080061,387.7049733269678,4272.118558936112,-11.091660922182076,13494.024870367259,564181.5264069195,68.26153920847952,19.098132451115227,-14.748290067506165,-176.69624313447707
87.60000000000001,28828.486790572293,388.1204113176258,4268.366212237992,-11.079171551966347,13570.338099400253,564706.7156385994,68.26153920847952,19.08135316153841,-14.741280141371496,-176.69618765382052
87.7,28746.545661306474,388.5355150628101,4264.5922232897665,-11.066625213706821,13646.721877646352,565217.8109658476,68.26153920847952,19.06447714006007,-14.734275950667396,-176.69612890406856
87.80000000000001,28664.769037455786,388.9502823808181,4260.796572498217,-11.054021750866799,13723.171181924905,565714.72141245,68.26153920847952,19.047504299176385,-14.727277532654842,-176.69606686976857
87.9,28583.15759249823,389.36471108591485,4256.979241695093,-11.04136100929416,13799.680939141874,566197.3572471781,68.26153920847952,19.030434557753306,-14.720284924661847,-176.69600153550536
88.0,28501.71199887432,389.77879898841485,4253.140214151156,-11.028642837260387,13876.246026835111,566665.6300112464,68.26153920847952,19.01326784108935,-14.713298164081376,-176.69593288590283
88.10000000000001,28420.432927922346,390.1925438948575,4249.279474590058,-11.015867085499552,13952.861273741904,567119.4525457006,68.26153920847952,18.996004080977617,-14.706317288369233,-176.69586090562578
88.2,28339.321049815044,390.6059436080834,4245.39700920206,-11.003033607247295,14029.52146038481,567558.7390186373,68.26153920847952,18.978643215767118,-14.699342335041932,-176.69578557938144
88.30000000000001,28258.37703349488,391.0189959273951,4241.492805657582,-10.990142258279718,14106.221319679298,567983.404952322,68.26153920847952,18.961185190423326,-14.69237334167453,-176.6957068919213
88.4,28177.601546608843,391.4316986486443,4237.56685312058,-10.977192896952275,14182.955537562051,568393.3672501632,68.26153920847952,18.94362995658795,-14.685410345898443,-176.69562482804284
88.5,28096.995255443268,391.8440495643975,4233.619142261742,-10.964185384238558,14259.718753639401,568788.5442235211,68.26153920847952,18.925977472637936,-14.678453385399225,-176.6955393725911
88.60000000000001,28016.55882485863,392.25604646405395,4229.649665271499,-10.951119583769033,14336.505561855825,569168.8556183404,68.26153920847952,18.908227703743602,-14.671502497914336,-176.69545051046057
88.7,27936.292918224353,392.6676871339537,4225.658415872838,-10.937995361869678,14413.3105111826,569534.2226415907,68.26153920847952,18.890380621925917,-14.66455772123088,-176.69535822659694
88.80000000000001,27856.19819735037,393.07896935755224,4221.645389333932,-10.924812587600536,14490.128106330665,569884.56798759,68.26153920847952,18.872436206112926,-14.65761909318331,-176.69526250599867
88.9,27776.27532242285,393.489890915517,4217.610582480551,-10.911571132794151,14566.95280847825,570219.8158640062,68.26153920847952,18.85439444219524,-14.650686651651121,-176.6951633337189
89.0,27696.524951936677,393.90044958588385,4213.553993708272,-10.898270872093894,14643.779036022635,570539.8920177136,68.26153920847952,18.836255323080596,-14.643760434556512,-176.6950606948673
89.10000000000001,27616.947742627002,394.3106431441901,4209.475622994476,-10.884911682992163,14720.601165353266,570844.7237604366,68.26153920847952,18.818018848747478,-14.636840479862013,-176.69495457461147
89.2,27537.544349404052,394.72046936359385,4205.375471910119,-10.87149344586843,14797.41353164042,571134.239994056,68.26153920847952,18.79968502629772,-14.629926825568111,-176.69484495817917
89.30000000000001,27458.31542528374,395.1299260150533,4201.253543631279,-10.858016044027154,14874.210429649274,571408.3712357592,68.26153920847952,18.781253870008108,-14.62301950971084,-176.69473183085972
89.4,27379.26162132062,395.5390108674248,4197.109842950475,-10.844479363735525,14950.986114570771,571667.0496428545,68.26153920847952,18.76272540138098,-14.616118570359339,-176.69461517800605
89.5,27300.383586538956,395.94772168764644,4192.944376287739,-10.83088329426103,15027.734802874536,571910.2090373444,68.26153920847952,18.74409964919371,-14.609224045613399,-176.69449498503627
89.60000000000001,27221.68196786521,396.3560562408437,4188.757151701457,-10.817227727908843,15104.450673179621,572137.7849301603,68.26153920847952,18.725376649547123,-14.602335973600985,-176.6943712374357
89.7,27143.157410059124,396.7640122904953,4184.548178898948,-10.803512560059012,15181.127867146572,572349.7145451198,68.26153920847952,18.706556445912824,-14.595454392475734,-176.69424392075842
89.80000000000001,27064.8105556448,397.17158759857836,4180.317469246804,-10.789737689203443,15257.760490388855,572545.9368425597,68.26153920847952,18.687639089179363,-14.588579340414428,-176.6941130206293
89.9,26986.642044841312,397.57877992570917,4176.065035780953,-10.775903016982666,15334.34261340416,572726.3925426386,68.26153920847952,18.668624637697242,-14.581710855614443,-176.69397852274554
90.0,26908.652515494265,397.9855870313001,4171.790893216468,-10.76200844822236,15410.868272523534,572891.0241482675,68.26153920847952,18.64951315732273,-14.574848976291186,-176.69384041287879
90.10000000000001,26830.842603005935,398.3920066737109,4167.495057957106,-10.748053890969654,15487.331470881254,573039.7759677122,68.26153920847952,18.630304721460497,-14.567993740675508,-176.6936986768767
90.2,26753.21294026589,398.7980366103833,4163.177548104559,-10.73403925652915,15563.726179402982,573172.5941368077,68.26153920847952,18.61099941110496,-14.56114518701108,-176.69355330066477
90.30000000000001,26675.764157582074,399.2036745980203,4158.838383467439,-10.719964459498701,15640.046337811636,573289.4266407756,68.26153920847952,18.59159731488043,-14.554303353551775,-176.69340427024838
90.4,26598.496882610023,399.6089183927246,4154.477585569964,-10.705829417804903,15716.285855654374,573390.2233356863,68.26153920847952,18.572098529079938,-14.547468278559005,-176.69325157171426
90.5,26521.41174028348,400.0137657501306,4150.095177660358,-10.691634052738289,15792.438613345732,573474.9359694765,68.26153920847952,18.55250315770276,-14.54064000029905,-176.69309519123257
90.60000000000001,26444.509352745023,400.4182144256309,4145.691184718952,-10.67737828898824,15868.498463228723,573543.5182025426,68.26153920847952,18.532811312490626,-14.53381855704037,-176.69293511505867
90.7,26367.790339275263,400.822262174445,4141.265633465984,-10.663062054677567,15944.459230655591,573595.9256279346,68.26153920847952,18.51302311296257,-14.527003987050891,-176.69277132953482
90.80000000000001,26291.255316223018,401.2259067518437,4136.81855236909,-10.648685281396775,16020.314715084778,573632.1157910808,68.26153920847952,18.49313868644842,-14.520196328595272,-176.69260382109206
90.9,26214.904896935448,401.6291459132863,4132.349971650481,-10.634247904237979,16096.058691195054,573652.0482090513,68.26153920847952,18.473158168120847,-14.51339561993216,-176.6924325762521
91.0,26138.739691688213,402.03197741458183,4127.859923293811,-10.619749861828495,16171.6849100166,573655.6843893555,68.26153920847952,18.45308170102606,-14.506601899311415,-176.69225758162892
91.10000000000001,26062.76030761469,402.43439901203647,4123.348441050715,-10.605191096364045,16247.187100080171,573642.987848282,68.26153920847952,18.432909436113036,-14.49981520497133,-176.69207882393087
91.2,25986.967348636128,402.83640846265496,4118.815560447023,-10.5905715536416,16322.558968581216,573613.9241287204,68.26153920847952,18.412641532261265,-14.493035575135838,-176.69189628996224
91.30000000000001,25911.361415392254,403.2380035242505,4114.261318788644,-10.57589118309184,16397.79420255945,573568.4608174721,68.26153920847952,18.392278156307057,-14.486263048011669,-176.69170996662518
91.4,25835.943105169572,403.6391819556625,4109.685755167114,-10.561149937811217,16472.886470097557,573506.5675621044,68.26153920847952,18.37181948306832,-14.479497661785537,-176.69151984092144
91.5,25760.713011833373,404.03994151690324,4105.088910464804,-10.546347774593603,16547.829421529936,573428.2160871872,68.26153920847952,18.351265695367843,-14.472739454621276,-176.6913258999542
91.60000000000001,25685.67172575649,404.4402799692905,4100.470827359785,-10.53148465396152,16622.61669067131,573333.3802100791,68.26153920847952,18.330616984055002,-14.465988464656983,-176.69112813092983
91.7,25610.81983374944,404.84019507568706,4095.8315503303425,-10.51656054019696,16697.24189605801,573222.0358561322,68.26153920847952,18.30987354802596,-14.459244730002121,-176.6909265211598
91.80000000000001,25536.157918991987,405.2396846005842,4091.1711256591375,-10.501575401371715,16771.698642201638,573094.161073307,68.26153920847952,18.289035594242243,-14.452508288734633,-176.69072105806237
91.9,25461.68656096235,405.63874631034787,4086.4896014370165,-10.48652920937731,16845.980520860176,572949.7360462848,68.26153920847952,18.268103337747764,-14.445779178898027,-176.69051172916423
92.0,25387.406335367355,406.0373779733446,4081.7870275664563,-10.471421939954409,16920.08111232143,572788.7431099811,68.26153920847952,18.247077001684207,-14.43905743849846,-176.69029852210258
92.10000000000001,25313.317814074457,406.43557736011286,4077.063455764646,-10.456253572721801,16993.993986696827,572611.1667624286,68.26153920847952,18.225956817304784,-14.43234310550179,-176.69008142462667
92.2,25239.421565042343,406.83334224356247,4072.318939566201,-10.44102409120485,17067.712705230253,572416.9936771065,68.26153920847952,18.204743023986374,-14.425636217830629,-176.68986042459954
92.30000000000001,25165.71815225063,407.230670399125,4067.5535343255096,-10.425733482863478,17141.230821620717,572206.2127146911,68.26153920847952,18.18343586923999,-14.418936813361386,-176.68963551000002
92.4,25092.208135632332,407.62755960492547,4062.767297218698,-10.410381739119606,17214.5418833528,571978.8149341281,68.26153920847952,18.162035608719545,-14.41224492992128,-176.68940666892416
92.5,25018.892071005423,408.02400764196244,4057.960287245223,-10.394968855384095,17287.639433040033,571734.793603109,68.26153920847952,18.14054250622898,-14.40556060528538,-176.68917388958715
92.60000000000001,24945.770510003902,408.4200122942994,4053.132565229083,-10.379494831083148,17360.517009780266,571474.1442079382,68.26153920847952,18.118956833727648,-14.398883877173581,-176.6889371603251
92.7,24872.844000010286,408.8155713492049,4048.284193819644,-10.363959669684162,17433.168150519414,571196.8644627299,68.26153920847952,18.097278871334005,-14.392214783247622,-176.68869646959658
92.80000000000001,24800.11308408715,409.2106825973452,4043.4152374920786,-10.348363378721018,17505.586391426983,570902.9543179885,68.26153920847952,18.075508907327546,-14.38555336110806,-176.68845180598439
92.9,24727.578300911002,409.6053438329721,4038.5257625474173,-10.332705969818818,17577.765269277686,570592.4159684854,68.26153920847952,18.053647238149058,-14.378899648291252,-176.68820315819738
93.0,24655.24018470291,409.999552854101,4033.615837112206,-10.316987458718042,17649.698322847387,570265.2538605623,68.26153920847952,18.03169416839903,-14.372253682266322,-176.68795051507198
93.10000000000001,24583.09926516423,410.39330746264363,4028.685531137771,-10.3012078652981,17721.379094309865,569921.4746986474,68.26153920847952,18.009650010834402,-14.36561550043212,-176.68769386557398
93.2,24511.156067408156,410.7866054646368,4023.7349163990843,-10.285367213600317,17792.801130648357,569561.0874512095,68.26153920847952,17.987515086363445,-14.358985140114182,-176.6874331988001
93.30000000000001,24439.41111189453,411.1794446704014,4018.7640664932355,-10.269465531850273,17863.957985069846,569184.1033559603,68.26153920847952,17.96528972403895,-14.352362638561678,-176.6871685039798
93.4,24367.864914363716,411.5718228947313,4013.773056837497,-10.253502852479555,17934.843218427926,568790.5359244009,68.26153920847952,17.942974261049542,-14.345748032944343,-176.68689977047663
93.5,24296.517985771876,411.96373795705034,4008.7619646669887,-10.237479212146862,18005.45040065031,568380.4009456529,68.26153920847952,17.92056904270925,-14.339141360349426,-176.68662698779025
93.60000000000001,24225.370832225308,412.35518768159284,4003.7308690319423,-10.221394651758485,18075.77311217396,567953.7164896255,68.26153920847952,17.898074422445255,-14.332542657778621,-176.68635014555775
93.7,24154.42395491572,412.7461698976087,3998.6798507945546,-10.205249216488122,18145.804945384436,567510.5029094688,68.26153920847952,17.875490761783826,-14.325951962144986,-176.68606923355532
93.80000000000001,24083.677850056905,413.1366824395289,3993.608992625436,-10.18904295579605,18215.539506058074,567050.7828432958,68.26153920847952,17.852818430334413,-14.319369310269877,-176.68578424169988
93.9,24013.133008820936,413.52672314712805,3988.5183789996513,-10.172775923447631,18284.97041480948,566574.5812152181,68.26153920847952,17.83005780577196,-14.312794738879868,-176.68549516005066
94.0,23942.78991727438,413.9162898657444,3983.408096192352,-10.156448177531129,18354.091308543106,566081.9252356802,68.26153920847952,17.807209273817367,-14.306228284603664,-176.68520197881062
94.10000000000001,23872.649056317285,414.3053804464082,3978.278232273995,-10.140059780474859,18422.895841903606,565572.8444010181,68.26153920847952,17.784273228216087,-14.299669983969029,-176.6849046883282
94.2,23802.710901618935,414.69399274606707,3973.128877105156,-10.123610799063623,18491.377688734567,565047.370492395,68.26153920847952,17.761250070714958,-14.293119873399696,-176.68460327909864
94.30000000000001,23732.975923557766,415.08212462773344,3967.9601223309255,-10.107101304454472,18559.530543532506,564505.5375739186,68.26153920847952,17.738140211037123,-14.28657798921229,-176.68429774176568
94.4,23663.444587159436,415.46977396069803,3962.772061374901,-10.090531372191728,18627.3481229058,563947.381990099,68.26153920847952,17.714944066855182,-14.280044367613238,-176.68398806712284
94.5,23594.11735203769,415.85693862067023,3957.5647894327594,-10.073901082221308,18694.824167030063,563372.9423625208,68.26153920847952,17.691662063762426,-14.273519044695695,-176.6836742461151
94.60000000000001,23524.99467233289,416.2436164900012,3952.3384034654237,-10.057210518904315,18761.952441107947,562782.259585863,68.26153920847952,17.668294635242304,-14.267002056436459,-176.68335626984012
94.7,23456.07699665334,416.6298054578162,3947.0930021918152,-10.040459771029894,18828.726736824392,562175.3768231344,68.26153920847952,17.644842222636008,-14.260493438692894,-176.68303412954998
94.80000000000001,23387.364768017083,417.01550342023563,3941.8286860811977,-10.02364893182736,18895.140873800297,561552.3395001848,68.26153920847952,17.62130527510823,-14.253993227199862,-176.68270781665228
94.9,23318.858423792757,417.40070828054,3936.545557345107,-10.006778098977547,18961.188701046696,560913.1952995252,68.26153920847952,17.597684249611095,-14.247501457566644,-176.68237732271177
95.0,23250.55839564372,417.785417949342,3931.2437199288743,-9.989847374623444,19026.864098411523,560257.9941533552,68.26153920847952,17.57397961084625,-14.241018165273873,-176.68204263945154
95.10000000000001,23182.4651094703,418.16963034477396,3925.9232795027374,-9.972856865380033,19092.160978027165,559586.7882359253,68.26153920847952,17.550191831225114,-14.234543385670483,-176.68170375875457
95.2,23114.578985353466,418.5533433926591,3920.5843434525486,-9.955806682343379,19157.07328575265,558899.6319551544,68.26153920847952,17.526321390827356,-14.22807715397064,-176.6813606726649
95.30000000000001,23046.900437499862,418.93655502669645,3915.2270208700725,-9.938696941098938,19221.595002609865,558196.5819435072,68.26153920847952,17.502368777357482,-14.2216195052507,-176.68101337338908
95.4,22979.4298741878,419.31926318864845,3909.8514225428785,-9.921527761729088,19285.72014621386,557477.697048138,68.26153920847952,17.478334486099673,-14.21517047444617,-176.68066185329727
95.5,22912.167697712313,419.70146582849674,3904.4576609438327,-9.90429926881987,19349.442772200047,556743.0383203618,68.26153920847952,17.4542190198708,-14.208730096348662,-176.6803061049248
95.60000000000001,22845.11430433253,420.08316090463376,3899.045850220185,-9.887011591466939,19412.75697564189,555992.6690043616,68.26153920847952,17.43002288897161,-14.202298405602873,-176.6799461209731
95.7,22778.270084219053,420.4643463840263,3893.61610618226,-9.869664863280724,19475.656892462644,555226.6545252067,68.26153920847952,17.4057466111362,-14.195875436703568,-176.6795818943112
95.80000000000001,22711.635421402287,420.84502024242653,3888.1685462917458,-9.85225922239078,19538.136700838833,554445.0624761505,68.26153920847952,17.381390711479632,-14.189461223992577,-176.67921341797677
95.9,22645.210693722125,421.2251804645,3882.703289649592,-9.83479481144933,19600.190622594,553647.9626052104,68.26153920847952,17.356955722443836,-14.18305580165578,-176.6788406851773
96.0,22578.996272776276,421.6048250440225,3877.2204569835135,-9.817271777634007,19661.81292458721,552835.4268010983,68.26153920847952,17.332442183741747,-14.17665920372014,-176.67846368929133
96.10000000000001,22512.99252387276,421.9839519840832,3871.7201706351016,-9.799690272649777,19722.997920085694,552007.5290783702,68.26153920847952,17.307850642299673,-14.17027146405072,-176.6780824238696
96.2,22447.199805981014,422.3625592972003,3866.2025545465526,-9.78205045273004,19783.739970130948,551164.34556194,68.26153920847952,17.283181652197968,-14.163892616347717,-176.677696882636
96.30000000000001,22381.61847168347,422.7406450055281,3860.6677342470084,-9.764352478636914,19844.03348489451,550305.9544709157,68.26153920847952,17.25843577460997,-14.15752269414352,-176.67730705948887
96.4,22316.248867129907,423.11820714104755,3855.1158368385186,-9.746596515660693,19903.872925018433,549432.4361017077,68.26153920847952,17.23361357773924,-14.151161730799766,-176.6769129485018
96.5,22251.091331990436,423.4952437456895,3849.546990981624,-9.728782733618472,19963.252802947678,548543.8728105199,68.26153920847952,17.2087156367551,-14.14480975950443,-176.67651454392498
96.60000000000001,22186.14619941218,423.87175287154463,3843.9613268805665,-9.710911306851955,20022.167684244352,547640.348995104,68.26153920847952,17.18374253372653,-14.138466813268902,-176.6761118401859
96.7,22121.413795973174,424.24773258102465,3838.3589762681286,-9.692982414224414,20080.612188895135,546721.9510759452,68.26153920847952,17.15869485755438,-14.132132924925116,-176.6757048318905
96.80000000000001,22056.894441640936,424.62318094700726,3832.7400723901064,-9.674996239116822,20138.580992597817,545788.7674767043,68.26153920847952,17.133573203901964,-14.12580812712266,-176.67529351382407
96.9,21992.588449728675,424.9980960530438,3827.104749989421,-9.656952969423156,20196.068828039057,544840.8886040966,68.26153920847952,17.10837817512402,-14.119492452325927,-176.67487788095218
97.0,21928.496126855258,425.37247599349377,3821.4531452898714,-9.63885279754484,20253.070486151704,543878.406827066,68.26153920847952,17.083110380194093,-14.113185932811271,-176.67445792842156
97.10000000000001,21864.61777290376,425.74631887370356,3815.785395979532,-9.620695920384382,20309.580817360584,542901.4164553913,68.26153920847952,17.057770434630285,-14.10688860066419,-176.67403365156107
97.2,21800.953680982813,426.1196228101731,3810.1016411938062,-9.602482539338133,20365.594732808557,541910.0137176306,68.26153920847952,17.032358960419547,-14.100600487776518,-176.6736050458824
97.30000000000001,21737.504137387965,426.49238593070294,3804.402021498129,-9.584212860288249,20421.10720556724,540904.2967384814,68.26153920847952,17.006876585940287,-14.094321625843646,-176.67317210708092
97.4,21674.269421563018,426.86460637459203,3798.686678870335,-9.565887093593771,20476.113271832077,539884.365515566,68.26153920847952,16.981323945883606,-14.088052046361765,-176.67273483103654
97.5,21611.249806065578,427.2362822927566,3792.955756682689,-9.547505454080897,20530.60803209344,538850.3218955541,68.26153920847952,16.955701681172926,-14.08179178062511,-176.67229321381444
97.60000000000001,21548.445556529798,427.60741184792363,3787.209399683589,-9.529068161032395,20584.586652296075,537802.2695497989,68.26153920847952,16.930010438882224,-14.075540859723253,-176.67184725166575
97.7,21485.856931632385,427.97799321476947,3781.4477539789445,-9.510575438176188,20638.04436497526,536740.3139493525,68.26153920847952,16.904250872152765,-14.069299314538396,-176.67139694102823
97.80000000000001,21423.484183059074,428.34802458008454,3775.670967013237,-9.492027513673095,20690.976470374368,535664.5623394416,68.26153920847952,16.87842364010845,-14.063067175742706,-176.6709422785271
97.9,21361.327555472963,428.71750414292313,3769.8791875502648,-9.473424620103744,20743.378337540704,534575.1237133787,68.26153920847952,16.85252940776973,-14.056844473795651,-176.67048326097543
98.0,21299.387286481448,429.0864301147813,3764.072565653586,-9.454766994454637,20795.24540540522,533472.1087860022,68.26153920847952,16.826568845966175,-14.050631238941383,-176.67001988537504
98.10000000000001,21237.663606607355,429.454800719719,3758.2512526666546,-9.436054878103405,20846.573183835215,532355.6299665186,68.26153920847952,16.800542631247698,-14.044427501206126,-176.66955214891678
98.2,21176.156739258207,429.8226141945333,3752.4154011926644,-9.417288516803204,20897.357254670947,531225.8013309127,68.26153920847952,16.77445144579442,-14.0382332903956,-176.66908004898139
98.30000000000001,21114.866900698747,430.18986878888495,3746.5651650741033,-9.398468160666308,20947.59327273601,530082.738593807,68.26153920847952,16.748295977325302,-14.032048636092476,-176.6686035831397
98.4,21053.794300023932,430.5565627654895,3740.700699372025,-9.379594064146872,20997.276966826357,528926.5590798567,68.26153920847952,16.72207691900546,-14.025873567653838,-176.66812274915347
98.5,20992.939139132388,430.92269440022096,3734.8221603450443,-9.360666486022863,21046.404140677507,527757.3816946914,68.26153920847952,16.695794969352278,-14.019708114208692,-176.66763754497543
98.60000000000001,20932.301612700336,431.2882619822838,3728.9297054280605,-9.341685689377194,21094.97067390959,526575.3268954167,68.26153920847952,16.669450832140303,-14.01355230465549,-176.6671479687501
98.7,20871.881908159703,431.6532638143458,3723.0234932107214,-9.322651941578018,21142.972522942724,525380.5166606022,68.26153920847952,16.643045216304955,-14.007406167659694,-176.66665401881406
98.80000000000001,20811.68020567298,432.01769821269374,3717.1036834156284,-9.303565514258247,21190.405721896488,524173.07445994555,68.26153920847952,16.616578835845115,-14.001269731651346,-176.66615569369614
98.9,20751.696678113192,432.38156350734147,3711.1704368762917,-9.284426683294232,21237.266383457183,522953.1252234294,68.26153920847952,16.590052409724574,-13.995143024822697,-176.66565299211803
99.0,20691.931491042487,432.7448580422206,3705.2239155148436,-9.265235728783669,21283.550699724925,521720.7953101391,68.26153920847952,16.563466661772402,-13.989026075125846,-176.66514591299435
99.10000000000001,20632.38480269164,433.1075801752692,3699.2642823195188,-9.245992935022699,21329.2549430359,520476.2124767031,68.26153920847952,16.5368223205823,-13.982918910270406,-176.66463445543312
99.2,20573.05676394282,433.46972827859815,3693.291701321901,-9.226698590482217,21374.37546675475,519219.50584531086,68.26153920847952,16.510120119410846,-13.97682155772122,-176.66411861873587
99.30000000000001,20513.947518311907,433.8313007386206,3687.3063375739534,-9.207352987783414,21418.90870604418,517950.8058714169,68.26153920847952,16.48336079607487,-13.970734044696087,-176.6635984023979
99.4,20455.05720193172,434.1922959561575,3681.308357124832,-9.187956423672517,21462.851178608616,516670.2443111102,68.26153920847952,16.456545092847765,-13.964656398163543,-176.6630738061084
99.5,20396.385943537112,434.55271234662035,3675.2979269974967,-9.16850919899478,21506.199485409903,515377.95418814267,68.26153920847952,16.429673756354955,-13.958588644840642,-176.66254482975074
99.60000000000001,20337.933864451014,434.9125483400707,3669.2752151651184,-9.149011618667704,21548.950311356584,514074.0697606545,68.26153920847952,16.40274753746841,-13.952530811190803,-176.66201147340246
99.7,20279.701078571845,435.2718023814204,3663.2403905273004,-9.129463991653488,21591.10042596553,512758.7264876012,68.26153920847952,16.375767191200385,-13.94648292342167,-176.66147373733534
99.80000000000001,20221.687692361418,435.63047293049334,3657.1936228861127,-9.109866630930762,21632.646683997522,511432.0609949187,68.26153920847952,16.348733476596262,-13.940445007483014,-176.66093162201554
99.9,20163.89380483376,435.9885584621947,3651.135082921952,-9.09021985346553,21673.586026065706,510094.21104143286,68.26153920847952,16.32164715662665,-13.934417089064658,-176.66038512810357
100.0,20106.319507546723,436.34605746659355,3645.0649421692333,-9.070523980181427,21713.91547921292,508745.31548448565,68.26153920847952,16.294508998078722,-13.928399193594458,-176.6598342564543
100.10000000000001,20048.964884592686,436.7029684490791,3638.9833729919233,-9.05077933592922,21753.632157465167,507385.51424537814,68.26153920847952,16.267319771446857,-13.922391346236294,-176.6592790081169
100.2,19991.83001259202,437.05928993043676,3632.8905485589194,-9.030986249455596,21792.733262353588,506014.94827456516,68.26153920847952,16.24008025082256,-13.91639357188811,-176.65871938433477
100.30000000000001,19934.914960686117,437.4150204469949,3626.7866428192865,-9.011145053371239,21831.21608341124,504633.7595166867,68.26153920847952,16.21279121378379,-13.910405895179995,-176.65815538654545
100.4,19878.21979053365,437.7701585507305,3620.671830477356,-8.99125608411822,21869.077998637204,503242.0908753707,68.26153920847952,16.185453441283634,-13.904428340472284,-176.65758701638043
100.5,19821.74455630593,438.12470280936435,3614.5462869676985,-8.971319681936682,21906.31647493609,501840.08617791877,68.26153920847952,16.158067717538444,-13.898460931853712,-176.65701427566506
100.60000000000001,19765.489304683637,438.4786518064841,3608.410188429977,-8.951336190830842,21942.929068528272,500427.89013983635,68.26153920847952,16.130634829915422,-13.89250369313959,-176.6564371664183
100.7,19709.454074856825,438.8320041416451,3602.263711683686,-8.931305958534322,21978.913425327075,499005.64832918206,68.26153920847952,16.103155568819705,-13.886556647870027,-176.65585569085252
100.80000000000001,19653.638898523524,439.1847584304754,3596.107034202788,-8.911229336474827,22014.267281291937,497573.5071308582,68.26153920847952,16.075630727580986,-13.880619819308196,-176.6552698513732
100.9,19598.043799890205,439.5369133047819,3589.9403340902577,-8.891106679738153,22048.98846275113,496131.6137107839,68.26153920847952,16.04806110233973,-13.87469323043862,-176.6546796505786
101.0,19542.668795674108,439.888467412634,3583.763790052534,-8.870938347031561,22083.07488669391,494680.11597996793,68.26153920847952,16.02044749193297,-13.86877690396551,-176.6540850912596
101.10000000000001,19487.513895106502,440.2394194184791,3577.577581373898,-8.850724700646529,22116.52456103396,493219.1625585187,68.26153920847952,15.992790697779775,-13.862870862311143,-176.6534861763991
101.2,19432.579099935945,440.5897680032339,3571.3818878907746,-8.830466106420856,22149.335584845794,491748.9027396243,68.26153920847952,15.965091523766379,-13.85697512761426,-176.65288290917192
101.30000000000001,19377.864404433873,440.93951186436493,3565.1768899659783,-8.810162933700182,22181.50614856974,490269.4864534732,68.26153920847952,15.937350776131057,-13.851089721728542,-176.6522752929441
101.4,19323.369795401115,441.2886497159967,3558.9627684629,-8.789815555298894,22213.03453418802,488781.0642311562,68.26153920847952,15.909569263348738,-13.845214666221068,-176.65166333127266
101.5,19269.09525217535,441.63718028897216,3552.739704719648,-8.769424347460447,22243.919115372057,487283.787168569,68.26153920847952,15.881747796015432,-13.839349982370875,-176.65104702790498
101.60000000000001,19215.040746639017,441.9851023309719,3546.5078805231565,-8.748989689817105,22274.158357602068,485777.8068903413,68.26153920847952,15.853887186732464,-13.833495691167506,-176.65042638677843
101.7,19161.206243229564,442.33241460659167,3540.2674780832554,-8.728511965349128,22303.750818255052,484263.27551376336,68.26153920847952,15.825988249990594,-13.827651813309638,-176.64980141201974
101.80000000000001,19107.591698950157,442.67911589738947,3534.018680006727,-8.707991560343393,22332.69514666513,482740.3456127711,68.26153920847952,15.798051802054037,-13.821818369203719,-176.64917210794442
101.9,19054.197063381318,443.02520500200853,3527.761669271347,-8.687428864351473,22360.99008415534,481209.1701819924,68.26153920847952,15.770078660844424,-13.815995378962665,-176.6485384790562
102.0,19001.02227869397,443.37068073621913,3521.496629199916,-8.666824270147206,22388.63446404,479669.9026008589,68.26153920847952,15.742069645824746,-13.810182862404599,-176.64790053004646
102.10000000000001,18948.067279662937,443.7155419330266,3515.2237434343024,-8.646178173683724,22415.627211599716,478122.69659782026,68.26153920847952,15.714025577883287,-13.80438083905161,-176.64725826579343
102.2,18895.331993682776,444.05978744270794,3508.9431959094895,-8.625490974049988,22441.96734402526,476567.7062146344,68.26153920847952,15.685947279217658,-13.79858932812858,-176.64661169136167
102.30000000000001,18842.81634078361,444.4034161329045,3502.655170827644,-8.60476307342684,22467.65397033526,475005.08577079786,68.26153920847952,15.657835573218852,-13.792808348562037,-176.6459608120012
102.4,18790.520233648364,444.74642688868227,3496.359852632211,-8.58399487704256,22492.68629126504,473434.9898281033,68.26153920847952,15.629691284355477,-13.787037918979047,-176.6453056331469
102.5,18738.443577630445,445.08881861258413,3490.0574259820482,-8.563186793127969,22517.06359912858,471857.5731553558,68.26153920847952,15.601515238058107,-13.78127805770616,-176.6446461604177
102.60000000000001,18686.58627077425,445.43059022471317,3483.7480757255958,-8.54233923287107,22540.785277649084,470272.9906932128,68.26153920847952,15.573308260603852,-13.77552878276839,-176.64398239961568
102.7,18634.948203833774,445.771740662788,3477.4319868751027,-8.521452610371272,22563.850801767858,468681.3975192619,68.26153920847952,15.545071179001134,-13.769790111888229,-176.6433143567254
102.80000000000001,18583.52926029591,446.1122688821827,3471.1093445809097,-8.500527342593147,22586.259737418364,467082.9488132111,68.26153920847952,15.516804820874741,-13.764062062484728,-176.6426420379129
102.9,18532.32931640139,446.4521738559945,3464.7803341057984,-8.47956384931982,22608.011741279908,465477.79982235166,68.26153920847952,15.48851001435117,-13.758344651672589,-176.64196544952503
103.0,18481.348241169006,446.7914545750975,3458.4451407994156,-8.458562553105926,22629.10656049988,463866.1058271924,68.26153920847952,15.460187587944299,-13.752637896261325,-176.64128459808828
103.10000000000001,18430.585896418896,447.1301100481882,3452.103950072777,-8.437523879230206,22649.54403239323,462248.02210736065,68.26153920847952,15.431838370441431,-13.74694181275444,-176.64059949030806
103.2,18380.042136799544,447.4681393018332,3445.756947372861,-8.416448255647701,22669.324084109987,460623.7039076915,68.26153920847952,15.403463190789727,-13.741256417348673,-176.63991013306762
103.30000000000001,18329.716809812933,447.8055413805097,3439.404318157298,-8.395336112941626,22688.446732282504,458993.3064046299,68.26153920847952,15.375062877983067,-13.735581725933272,-176.63921653342715
103.4,18279.60975584248,448.1423153466649,3433.046247869167,-8.374187884274866,22706.912082643186,457356.98467286385,68.26153920847952,15.3466382609494,-13.729917754089309,-176.6385186986227
103.5,18229.72080818005,448.4784602807274,3426.6829219118977,-8.353004005341166,22724.720329620588,455714.89365227486,68.26153920847952,15.318190168438553,-13.724264517089036,-176.63781663606522
103.60000000000001,18180.04979305761,448.8139752811711,3420.3145256242933,-8.331784914315985,22741.871755902797,454067.18811510486,68.26153920847952,15.289719428910594,-13.7186220298953,-176.63711035333944
103.7,18130.596529674716,449.1488594645377,3413.94124425568,-8.310531051807065,22758.366731986465,452414.0226335322,68.26153920847952,15.261226870424746,-13.71299030716098,-176.63639985820282
103.80000000000001,18081.360830232035,449.48311196546956,3407.5632629411866,-8.289242860804695,22774.205715690907,450755.5515474568,68.26153920847952,15.232713320528896,-13.707369363228471,-176.6356851585844
103.9,18032.342499961145,449.81673193675243,3401.1807666771624,-8.26792078663172,22789.38925165754,449091.928932706,68.26153920847952,15.204179606149717,-13.701759212129224,-176.63496626258373
104.0,17983.541337159462,450.14971854930667,3394.793940296743,-8.246565276893271,22803.917970817016,447423.3085694914,68.26153920847952,15.175626553483449,-13.696159867583306,-176.63424317846972
104.10000000000001,17934.957133222837,450.482070992264,3388.4029684455672,-8.225176781426262,22817.792589839468,445749.8439112786,68.26153920847952,15.147054987887357,-13.690571342999027,-176.63351591467938
104.2,17886.58967268048,450.8137884729449,3382.008035557653,-8.20375575224865,22831.013910558915,444071.68805398437,68.26153920847952,15.118465733771902,-13.684993651472581,-176.6327844798167
104.30000000000001,17838.43873323081,451.14487021691434,3375.6093258314386,-8.182302643508473,22843.582819374915,442388.99370554055,68.26153920847952,15.08985961449365,-13.679426805787758,-176.6320488826514
104.4,17790.504085777793,451.4753154679694,3369.2070232059964,-8.160817911432703,22855.50028663285,440701.9131558424,68.26153920847952,15.061237452248957,-13.673870818415667,-176.6313091321177
104.5,17742.78549446771,451.8051234881736,3362.8013113374236,-8.139302014275879,22866.76736598317,439010.5982470907,68.26153920847952,15.032600067968431,-13.668325701514537,-176.6305652373131
104.60000000000001,17695.28271672828,452.1342935578598,3356.392373575416,-8.117755412268593,22877.385193716313,437315.200344499,68.26153920847952,15.003948281212224,-13.66279146692952,-176.62981720749693
104.7,17647.995503306855,452.4628249756561,3349.9803929400346,-8.09617856756581,22887.354988080264,435615.87030744104,68.26153920847952,14.975282910066197,-13.657268126192571,-176.62906505208923
104.80000000000001,17600.92359830998,452.79071705847787,3343.565552098665,-8.074571944195014,22896.6780485764,433912.75846099603,68.26153920847952,14.946604771038908,-13.651755690522346,-176.62830878066939
104.9,17554.066739244852,453.11796914152364,3337.148033343181,-8.052936008004272,22905.355755233217,432206.0145678957,68.26153920847952,14.917914678959562,-13.646254170824148,-176.62754840297472
105.0,17507.424657058902,453.44458057833,3330.7280185673117,-8.031271226610123,22913.389567865786,430495.7878009502,68.26153920847952,14.889213446876841,-13.640763577689917,-176.62678392889916
105.10000000000001,17460.99707618449,453.77055074068284,3324.3056892442246,-8.009578069345402,22920.781025307224,428782.226715823,68.26153920847952,14.860501885958703,-13.635283921398255,-176.6260153684918
105.2,17414.783714578953,454.09587901872726,3317.881226404326,-7.987857007206962,22927.53174463265,427065.47922435706,68.26153920847952,14.831780805393153,-13.629815211914499,-176.62524273195572
105.30000000000001,17368.784283769783,454.4205648208543,3311.4548106132816,-7.966108512803311,22933.64342035589,425345.6925682609,68.26153920847952,14.803051012290005,-13.62435745889083,-176.62446602964627
105.4,17322.99848889839,454.7446075737797,3305.026621950269,-7.944333060302194,22939.11782361292,423623.01329329447,68.26153920847952,14.77431331158368,-13.618910671666415,-176.62368527206976
105.5,17277.426028765738,455.0680067224886,3298.596839986462,-7.922531125378124,22943.956801325676,421897.5872238939,68.26153920847952,14.74556850593703,-13.613474859267605,-176.6229004698821
105.60000000000001,17232.06659587659,455.3907617302388,3292.1656437637503,-7.900703185159879,22948.16227535348,420169.559438303,68.26153920847952,14.716817395646231,-13.60805003040816,-176.62211163388722
105.7,17186.91987648746,455.7128720785458,3285.733211773706,-7.878849718177971,22951.736241621922,418439.0742441207,68.26153920847952,14.68806077854675,-13.602636193489515,-176.62131877503555
105.80000000000001,17141.985550652724,456.0343372671756,3279.299721936794,-7.8569712043121145,22954.680769241284,416706.2751543745,68.26153920847952,14.659299449920452,-13.597233356601093,-176.62052190442267
105.9,17097.26329227211,456.35515681410226,3272.8653515818346,-7.83506812473869,22956.99799960809,414971.30486406264,68.26153920847952,14.630534202403775,-13.591841527520646,-176.61972103328768
106.0,17052.75276914006,456.6753302555216,3266.430277425722,-7.813140961878236,22958.6901454895,413234.3052271604,68.26153920847952,14.601765825897095,-13.586460713714644,-176.61891617301163
106.10000000000001,17008.45364299277,456.9948571458097,3259.9946755534033,-7.791190199342965,22959.75949009947,411495.41723417427,68.26153920847952,14.572995107475236,-13.581090922338687,-176.61810733511606
106.2,16964.365569559857,457.3137370574894,3253.558721398118,-7.769216321884325,22960.20838615285,409754.78099011426,68.26153920847952,14.544222831299141,-13.575732160237989,-176.61729453126145
106.30000000000001,16920.488198613282,457.6319695812324,3247.1225897219097,-7.747219815340621,22960.03925491332,408012.53569303046,68.26153920847952,14.515449778528776,-13.570384433947853,-176.61647777324558
106.4,16876.821174018085,457.9495543257985,3240.6864545964054,-7.725201166584707,22959.254585225863,406268.8196130264,68.26153920847952,14.486676727237219,-13.565047749694216,-176.61565707300198
106.5,16833.36413378408,458.2664909180351,3234.25048938387,-7.703160863471759,22957.856932536368,404523.77007177065,68.26153920847952,14.457904452325971,-13.55972211339423,-176.6148324425983
106.60000000000001,16790.11671011662,458.5827790028078,3227.814866718541,-7.681099394787142,22955.848917902513,402777.5234225443,68.26153920847952,14.429133725441543,-13.554407530656862,-176.61400389423477
106.7,16747.0785294706,458.89841824300527,3221.3797584882414,-7.659017250194386,22953.233226987963,401030.2150307475,68.26153920847952,14.400365314893255,-13.549104006783542,-176.61317144024247
106.80000000000001,16704.249212601222,459.2134083194683,3214.945335816278,-7.636914920183288,22950.012609053614,399281.97925498715,68.26153920847952,14.371599985572352,-13.543811546768852,-176.61233509308184
106.9,16661.62837461941,459.5277489309766,3208.511769043629,-7.614792896018141,22946.189875930133,397532.949428602,68.26153920847952,14.342838498872371,-13.538530155301231,-176.61149486534086
107.0,16619.21562504396,459.8414397941843,3202.0792277114183,-7.592651669686107,22941.767900988652,395783.2578417721,68.26153920847952,14.314081612610815,-13.533259836763747,-176.6106507697335
107.10000000000001,16577.010567856953,460.15448064358793,3195.6478805436846,-7.570491733845751,22936.749618096525,394033.0357240921,68.26153920847952,14.285330080952145,-13.528000595234868,-176.6098028190981
107.2,16535.012801557314,460.4668712314916,3189.217895430446,-7.548313581775738,22931.138020569313,392282.41322770366,68.26153920847952,14.256584654332073,-13.522752434489293,-176.6089510263956
107.30000000000001,16493.221919217147,460.7786113279254,3182.78943941106,-7.526117707323718,22924.936160109777,390531.5194109031,68.26153920847952,14.227846079383202,-13.517515357998812,-176.6080954047079
107.4,16451.637508537155,461.0897007206393,3176.3626786578866,-7.503904604855391,22918.147145742103,388780.4822222908,68.26153920847952,14.199115098861999,-13.51228936893319,-176.60723596723614
107.5,16410.259151901584,461.4001392150098,3169.93777846025,-7.481674769203786,22910.774142740884,387029.4284854531,68.26153920847952,14.170392451577113,-13.507074470161097,-176.60637272729903
107.60000000000001,16369.08642643597,461.7099266340202,3163.5149032087047,-7.45942869561875,22902.820371548456,385278.4838841183,68.26153920847952,14.141678872319064,-13.501870664251062,-176.60550569833114
107.7,16328.118904062547,462.019062818188,3157.0942163796103,-7.4371668797166555,22894.28910669188,383527.77294787735,68.26153920847952,14.112975091791277,-13.496677953472462,-176.60463489388124
107.80000000000001,16287.356151558459,462.3275476255217,3150.6758805200084,-7.4148898174303515,22885.183675689274,381777.4190383771,68.26153920847952,14.084281836542512,-13.49149633979655,-176.60376032761042
107.9,16246.797730613034,462.63538093141,3144.2600572328124,-7.392598004959355,22875.50745795365,380027.54433605075,68.26153920847952,14.055599828900661,-13.486325824897502,-176.60288201329047
108.0,16206.443197884597,462.9425626286523,3137.8469071623063,-7.370291938720307,22865.263883693893,378278.26982737356,68.26153920847952,14.026929786907935,-13.481166410153504,-176.60199996480222
108.10000000000001,16166.29210506007,463.24909262730773,3131.4365899799527,-7.347972115297682,22854.456432806448,376529.71529258817,68.26153920847952,13.998272424257436,-13.476018096647875,-176.60111419613366
108.2,16126.343998912256,463.5549708546875,3125.029264370516,-7.325639031394787,22843.088633768857,374781.9992939837,68.26153920847952,13.969628450231138,-13.4708808851702,-176.60022472137828
108.30000000000001,16086.598421358969,463.8601972552498,3118.6250880184975,-7.30329318378504,22831.164062526885,373035.2391646556,68.26153920847952,13.94099856963925,-13.465754776217516,-176.59933155473328
108.4,16047.05490952218,464.1647717905738,3112.2242175948854,-7.280935069263544,22818.686341379584,371289.55099777493,68.26153920847952,13.912383482761014,-13.460639769995518,-176.59843471049786
108.5,16007.71299578622,464.4686944392341,3105.826808744219,-7.258565184598969,22805.65913786446,369545.0496363782,68.26153920847952,13.883783885286872,-13.455535866419789,-176.5975342030714
108.60000000000001,15968.57220785832,464.7719651967925,3099.4330160719674,-7.236184026485752,22792.086163636817,367801.848663623,68.26153920847952,13.855200468262078,-13.450443065117067,-176.59663004695182
108.7,15929.632068828214,465.0745840756593,3093.0429931322274,-7.213792091496612,22777.971173350055,366060.0603935587,68.26153920847952,13.826633918031687,-13.445361365426537,-176.5957222567337
108.80000000000001,15890.892097227275,465.3765511050895,3086.6568924157336,-7.191389876035403,22763.317963536603,364319.79586240125,68.26153920847952,13.798084916187003,-13.44029076640115,-176.59481084710657
108.9,15852.351807088591,465.6778663310376,3080.2748653381877,-7.168977876290311,22748.13037148692,362581.1648202842,68.26153920847952,13.769554139513389,-13.435231266808964,-176.5938958328531
109.0,15814.010708008427,465.97852981611834,3073.897062228901,-7.146556588187394,22732.412274126164,360844.2757234768,68.26153920847952,13.741042259939523,-13.430182865134528,-176.59297722884742
109.10000000000001,15775.868305205368,466.2785416395186,3067.5236323197582,-7.1241265073444815,22716.16758689638,359109.23572712415,68.26153920847952,13.712549944488073,-13.425145559580272,-176.5920550500533
109.2,15737.924099581316,466.5779018969234,3061.1547237344907,-7.1016881290254465,22699.40026263621,357376.150678437,68.26153920847952,13.68407785522776,-13.420119348067942,-176.5911293115223
109.30000000000001,15700.177587782033,466.8766107004122,3054.790483478272,-7.079241948094846,22682.114290463127,355645.12511036475,68.26153920847952,13.65562664922685,-13.415104228240041,-176.59020002839225
109.4,15662.6282622586,467.1746681783979,3048.431057427624,-7.056788458972935,22664.313694655862,353916.2622357245,68.26153920847952,13.627196978508046,-13.410100197461313,-176.5892672158851
109.5,15625.275611327495,467.4720744755327,3042.0765903206407,-7.034328155591089,22646.002533542036,352189.66394181893,68.26153920847952,13.598789490004803,-13.405107252820233,-176.58833088930552
109.60000000000001,15588.119119232055,467.7688297526093,3035.727225747523,-7.011861531347602,22627.18489838578,350465.43078549235,68.26153920847952,13.570404825519013,-13.400125391130546,-176.58739106403897
109.7,15551.158266203944,468.0649341864932,3029.3831061414303,-6.9893890790639,22607.86491227846,348743.6619886433,68.26153920847952,13.542043621680145,-13.395154608932794,-176.58644775554984
109.80000000000001,15514.392528523225,468.36038797000873,3023.0443727696425,-6.9669112909411615,22588.046729035796,347024.4554342094,68.26153920847952,13.513706509905715,-13.390194902495908,-176.58550097937993
109.9,15477.821378580295,468.6551913118893,3016.7111657250334,-6.944428658517347,22567.734532095048,345307.90766256774,68.26153920847952,13.485394116363208,-13.385246267818788,-176.58455075114645
110.0,15441.44428493781,468.94934443661816,3010.383623917854,-6.921941672624664,22546.932533416402,343594.1138683758,68.26153920847952,13.457107061933344,-13.380308700631915,-176.58359708654035
110.10000000000001,15405.260712390766,469.2428475844041,3004.061885067827,-6.899450823347449,22525.644972392714,341883.16789787426,68.26153920847952,13.428845962174755,-13.37538219639899,-176.58264000132462
110.2,15369.270122027956,469.53570101103804,2997.7460856965463,-6.876956599980494,22503.876114761304,340175.1622465971,68.26153920847952,13.40061142729001,-13.370466750318599,-176.58167951133248
110.30000000000001,15333.471971294843,469.82790498783424,2991.436361120184,-6.854459490987799,22481.630251518087,338470.18805748026,68.26153920847952,13.372404062093038,-13.365562357325874,-176.58071563246563
110.4,15297.865714052692,470.1194598014796,2985.1328454425034,-6.831959983961793,22458.911697844804,336768.3351194459,68.26153920847952,13.344224465977895,-13.360669012094208,-176.57974838069248
110.5,15262.450800640974,470.4103657540067,2978.8356715481727,-6.8094585655829825,22435.724792035544,335069.69186634466,68.26153920847952,13.316073232888884,-13.355786709036957,-176.57877777204646
110.60000000000001,15227.22667793883,470.70062316262863,2972.544971096382,-6.7869557215800675,22412.073894431134,333374.34537631593,68.26153920847952,13.287950951292038,-13.35091544230918,-176.5778038226243
110.7,15192.192789425142,470.9902323596819,2966.2608745147604,-6.764451936690523,22387.96338636298,331682.3813715673,68.26153920847952,13.259858204147928,-13.346055205809396,-176.57682654858422
110.80000000000001,15157.348575241398,471.2791936924965,2959.9835109935875,-6.7419476946216355,22363.3976690978,329993.8842185007,68.26153920847952,13.231795568885813,-13.34120599318135,-176.5758459661442
110.9,15122.693472251296,471.5675075233103,2953.7130084803066,-6.719443478012019,22338.38116279606,328308.9369282733,68.26153920847952,13.203763617379101,-13.336367797815809,-176.57486209158031
111.0,15088.226914102212,471.8551742291505,2947.449493674325,-6.6969397683936,22312.91830547381,326627.6211577062,68.26153920847952,13.175762915922132,-13.33154061285236,-176.57387494122503
111.10000000000001,15053.948331285734,472.1421942017637,2941.1930920221116,-6.67443704615408,22287.013551974018,324950.0172105792,68.26153920847952,13.147794025208267,-13.326724431181239,-176.57288453146552
111.2,15019.857151199132,472.428567847449,2934.9439277125803,-6.651935790499889,22260.67137294375,323276.2040392746,68.26153920847952,13.119857500309255,-13.321919245445168,-176.57189087874173
111.30000000000001,14985.952798205428,472.71429558700436,2928.7021236727614,-6.629436479419613,22233.89625382218,321606.2592467986,68.26153920847952,13.091953890655905,-13.317125048041204,-176.57089399954504
111.4,14952.23469369486,472.99937785560354,2922.4678015637596,-6.606939589647921,22206.692693834106,319940.2590891338,68.26153920847952,13.06408374002001,-13.312341831122614,-176.56989391041623
111.5,14918.702256143093,473.28381510267263,2916.2410817769924,-6.5844455966299815,22179.06520499846,318278.2784779812,68.26153920847952,13.036247586497554,-13.307569586600756,-176.5688906279441
111.60000000000001,14885.354901174549,473.56760779179695,2910.0220834307065,-6.561954974486369,22151.01831113528,316620.3909837636,68.26153920847952,13.008445962493143,-13.302808306146979,-176.56788416876358
111.7,14852.192041619215,473.8507564006197,2903.8109243667773,-6.539468195978479,22122.55654689465,314966.66883905407,68.26153920847952,12.980679394705708,-13.298057981194525,-176.56687454955411
111.80000000000001,14819.213087575044,474.1332614206908,2897.6077211477764,-6.516985732474437,22093.684456783645,313317.1829422453,68.26153920847952,12.952948404115405,-13.293318602940463,-176.56586178703807
111.9,14786.417446467094,474.41512335739947,2891.412589054315,-6.494508053915513,22064.406594209053,311672.00286158075,68.26153920847952,12.925253505971748,-13.28859016234762,-176.56484589797904
112.0,14753.804523105733,474.69634272984837,2885.225642082656,-6.472035628783045,22034.727520531564,310031.1968395076,68.26153920847952,12.89759520978294,-13.283872650146527,-176.56382689918013
112.10000000000001,14721.373719747644,474.9769200707125,2879.0469929425904,-6.449568924065867,22004.65180412404,308394.8317972905,68.26153920847952,12.869974019306392,-13.27916605683739,-176.5628048074825
112.2,14689.12443615403,475.2568559261817,2872.8767530555792,-6.4271084052282434,21974.184019445267,306762.97333995847,68.26153920847952,12.842390432540428,-13.274470372692045,-176.56177963976359
112.30000000000001,14657.05606964929,475.5361508557803,2866.7150325531547,-6.404654536178329,21943.32874612275,305135.68576153246,68.26153920847952,12.814844941717142,-13.269785587755953,-176.56075141293553
112.4,14625.168015180621,475.81480543230356,2860.561940275579,-6.382207779237122,21912.090568044026,303513.03205051896,68.26153920847952,12.787338033296408,-13.265111691850185,-176.5597201439436
112.5,14593.459665375762,476.0928202416702,2854.4175837707594,-6.359768595107948,21880.474072461868,301895.0738957025,68.26153920847952,12.759870187961042,-13.260448674573428,-176.5586858497646
112.60000000000001,14561.930410601664,476.3701958828442,2848.2820692934106,-6.337337442846452,21848.48384910827,300281.87169218925,68.26153920847952,12.732441880613063,-13.255796525303992,-176.55764854740522
112.7,14530.579639021307,476.6469329676597,2842.1555018044705,-6.314914779831111,21816.124489322687,298673.4845477366,68.26153920847952,12.705053580371102,-13.251155233201827,-176.55660825390052
112.80000000000001,14499.406736652367,476.92303212075916,2836.0379849707565,-6.292501061734259,21783.40058518739,297069.970289305,68.26153920847952,12.67770575056885,-13.246524787210555,-176.55556498631242
112.9,14468.411087424029,477.19849397943347,2829.929621164866,-6.2700967424936325,21750.316728677382,295471.38546988263,68.26153920847952,12.65039884875464,-13.241905176059515,-176.554518761728
113.0,14437.592073235195,477.4733191935487,2823.830511465316,-6.247702274284433,21716.877510818606,293877.785375525,68.26153920847952,12.623133326692068,-13.237296388265783,-176.55346959725804
113.10000000000001,14406.949074009433,477.74750842537304,2817.7407556569146,-6.225318107491914,21683.087520863606,292289.2240326707,68.26153920847952,12.59590963036167,-13.232698412136244,-176.55241751003558
113.2,14376.481467753183,478.0210623495078,2811.660452231371,-6.20294469068448,21648.951345472073,290705.75421563454,68.26153920847952,12.568728199963642,-13.228111235769639,-176.5513625172142
113.30000000000001,14346.188630610704,478.2939816527322,2805.5896983881266,-6.180582470587305,21614.473567909034,289127.42745436047,68.26153920847952,12.54158946992158,-13.223534847058625,-176.55030463596668
113.4,14316.069936920423,478.56626703389213,2799.5285900354174,-6.158231892056478,21579.658767251727,287554.2940423654,68.26153920847952,12.514493868887229,-13.21896923369185,-176.54924388348348
113.5,14286.124759271275,478.8379192038136,2793.4772217915547,-6.13589339805365,21544.511517607938,285986.4030448842,68.26153920847952,12.487441819746202,-13.214414383156022,-176.54818027697118
113.60000000000001,14256.35246855719,479.10893888512294,2787.4356869864255,-6.1135674296212175,21509.036387349486,284423.8023072348,68.26153920847952,12.460433739624715,-13.209870282737993,-176.54711383365105
113.7,14226.752434031107,479.37932681216716,2781.404077663209,-6.091254425858013,21473.2379383583,282866.53846337716,68.26153920847952,12.433470039897257,-13.205336919526834,-176.54604457075766
113.80000000000001,14197.324023361318,479.64908373088593,2775.3824845803038,-6.068954823895511,21437.120725279485,281314.65694462415,68.26153920847952,12.406551126195204,-13.200814280415926,-176.54497250553723
113.9,14168.066602684557,479.9182103986768,2769.370997213461,-6.046669058874552,21400.689294792635,279768.2019885685,68.26153920847952,12.37967739841638,-13.196302352105054,-176.5438976552465
114.0,14138.979536660016,480.18670758428516,2763.3697037581264,-6.024397563922582,21363.948184892884,278227.2166481667,68.26153920847952,12.352849250735515,-13.191801121102491,-176.54282003715102
114.10000000000001,14110.062188523356,480.45457606769435,2757.3786911319794,-6.002140770131403,21326.90192418392,276691.7428009842,68.26153920847952,12.32606707161561,-13.187310573727103,-176.5417396685239
114.2,14081.31392013887,480.72181663998197,2751.3980449776727,-5.979899106535433,21289.555031186337,275161.8211586186,68.26153920847952,12.299331243820184,-13.182830696110445,-176.54065656664437
114.30000000000001,14052.734092053957,480.9884301031821,2745.427849665764,-5.957673000090483,21251.91201365343,273637.4912762439,68.26153920847952,12.272642144426401,-13.178361474198857,-176.53957074879648
114.4,14024.322063549422,481.25441727022024,2739.4681882978384,-5.935462875653034,21213.977367906824,272118.7915623467,68.26153920847952,12.246000144839012,-13.17390289375557,-176.5384822322675
114.5,13996.077192692552,481.51977896475506,2733.5191427098193,-5.913269155960023,21175.755578178745,270605.75928856584,68.26153920847952,12.219405610805175,-13.169454940362813,-176.53739103434688
114.60000000000001,13967.998836389277,481.78451602102945,2727.5807934754594,-5.891092261609145,21137.251115967876,269098.43059967115,68.26153920847952,12.192858902430066,-13.16501759942391,-176.53629717232462
114.7,13940.08635043446,482.04862928380413,2721.6532199100147,-5.868932611039632,21098.468439410775,267596.84052369045,68.26153920847952,12.1663603741933,-13.160590856165385,-176.53520066349012
114.80000000000001,13912.339089563582,482.3121196081915,2715.7365000740942,-5.8467906205135645,21059.411992662463,266101.0229821349,68.26153920847952,12.139910374966153,-13.15617469563907,-176.53410152513078
114.9,13884.756407501642,482.574987859571,2709.8307107776786,-5.824666704097656,21020.08620529423,264611.0108003699,68.26153920847952,12.113509248029532,-13.151769102724211,-176.53299977453074
115.0,13857.337657015305,482.83723491342187,2703.9359275843135,-5.802561273645545,20980.495491697144,263126.8357180528,68.26153920847952,12.08715733109272,-13.147374062129565,-176.53189542896965
115.10000000000001,13830.082189961337,483.0988616552375,2698.052224815464,-5.780474738780576,20940.644250504494,261648.5283997133,68.26153920847952,12.060854956312852,-13.142989558395506,-176.53078850572123
115.2,13802.989357335959,483.359868980393,2692.179675555032,-5.75840750687908,20900.536864024296,260176.11844541712,68.26153920847952,12.03460245031511,-13.138615575896123,-176.5296790220521
115.30000000000001,13776.05850932328,483.62025779400295,2686.3183516540353,-5.736359983054129,20860.177697685373,258709.63440152816,68.26153920847952,12.008400134213641,-13.134252098841328,-176.5285669952206
115.4,13749.288995344657,483.8800290108403,2680.468323735434,-5.714332570139787,20819.571099493416,257249.10377154144,68.26153920847952,11.98224832363315,-13.129899111278943,-176.5274524424754
115.5,13722.680164105259,484.13918355516057,2674.629661199116,-5.6923256686758394,20778.721399504113,255794.55302702598,68.26153920847952,11.95614732873118,-13.1255565970968,-176.52633538105454
115.60000000000001,13696.231363643426,484.3977223606461,2668.8024322270267,-5.670339676893001,20737.63290930265,254346.00761860574,68.26153920847952,11.930097454221048,-13.121224540024828,-176.52521582818392
115.7,13669.94194137631,484.6556463702231,2662.986703788441,-5.648374990698603,20696.309921501917,252903.49198704996,68.26153920847952,11.90409899939542,-13.116902923637156,-176.52409380107628
115.80000000000001,13643.811244147364,484.9129565359616,2657.1825416453808,-5.626432003662748,20654.756709248755,251467.02957440188,68.26153920847952,11.878152258150529,-13.112591731354177,-176.52296931693002
115.9,13617.838618271518,485.16965381897944,2651.3900103581655,-5.604511107004944,20612.97752574616,250036.64283518988,68.26153920847952,11.852257519011,-13.108290946444649,-176.521842392928
116.0,13592.023409582209,485.42573918927377,2645.6091732910972,-5.582612689581193,20570.976603783398,248612.3532476664,68.26153920847952,11.826415065155256,-13.104000552027767,-176.52071304623638
116.10000000000001,13566.36496347608,485.6812136256496,2639.840092618278,-5.560737137871553,20528.758155281965,247194.18132511972,68.26153920847952,11.800625174441542,-13.09972053107523,-176.51958129400364
116.2,13540.862624957692,485.93607811555546,2634.0828293295517,-5.53888483596815,20486.32637085283,245782.1466272247,68.26153920847952,11.77488811943447,-13.095450866413318,-176.5184471533592
116.30000000000001,13515.51573868515,486.1903336549863,2628.33744323657,-5.5170561655636545,20443.685419363286,244376.26777141905,68.26153920847952,11.749204167432161,-13.091191540724957,-176.5173106414125
116.4,13490.323649012484,486.4439812483738,2622.603992978979,-5.495251505940207,20400.839447520983,242976.56244434635,68.26153920847952,11.723573580493886,-13.086942536551772,-176.5161717752519
116.5,13465.28570003435,486.69702190843617,2616.882536030722,-5.473471233958787,20357.79257946476,241583.04741329857,68.26153920847952,11.697996615468256,-13.082703836296146,-176.51503057194356
116.60000000000001,13440.401235628873,486.94945665607554,2611.173128706454,-5.451715724049037,20314.54891637007,240195.73853770108,68.26153920847952,11.672473524021896,-13.07847542222326,-176.51388704853036
116.7,13415.66959950002,487.2012865202636,2605.4758261680704,-5.429985348199514,20271.112536066074,238814.6507806194,68.26153920847952,11.647004552668637,-13.074257276463149,-176.51274122203094
116.80000000000001,13391.090135219973,487.4525125379176,2599.790682431336,-5.408280475948389,20227.48749266368,237439.7982202778,68.26153920847952,11.621589942799144,-13.070049381012721,-176.5115931094386
116.9,13366.662186271511,487.70313575377986,2594.117750372622,-5.386601474374573,20183.67781619435,236071.19406158692,68.26153920847952,11.596229930711043,-13.065851717737804,-176.51044272772023
117.0,13342.385096088052,487.953157220287,2588.4570817357435,-5.364948708089278,20139.687512263852,234708.85064770037,68.26153920847952,11.570924747639484,-13.061664268375148,-176.5092900938155
117.10000000000001,13318.258208095562,488.20257799749453,2582.808727138888,-5.343322539227988,20095.520561713147,233352.77947155005,68.26153920847952,11.545674619788127,-13.057487014534464,-176.50813522463574
117.2,13294.280865752604,488.4513991529059,2577.172736081645,-5.3217233274428715,20051.180920293205,232002.99118739876,68.26153920847952,11.520479768360552,-13.053319937700406,-176.50697813706287
117.30000000000001,13270.452412589919,488.6996217613914,2571.54915695212,-5.300151429895588,20006.672518351086,230659.49562238896,68.26153920847952,11.495340409592076,-13.049163019234596,-176.50581884794866
117.4,13246.772192250472,488.9472469050613,2565.9380370341405,-5.278607201250528,19961.999260525332,229322.3017880746,68.26153920847952,11.470256754781964,-13.045016240377599,-176.50465737411366
117.5,13223.239548527636,489.1942756731412,2560.339422514541,-5.257090993668442,19917.16502545502,227991.4178919571,68.26153920847952,11.445229010325999,-13.04087958225092,-176.50349373234627
117.60000000000001,13199.853825404774,489.4407091618788,2554.753358490534,-5.235603156800478,19872.173665496302,226666.85134898746,68.26153920847952,11.420257377749428,-13.036753025858973,-176.5023279394019
117.7,13176.614367092494,489.6865484744034,2549.1798889771553,-5.214144037782627,19827.029006453125,225348.60879307022,68.26153920847952,11.395342053740261,-13.032636552091054,-176.50116001200195
117.80000000000001,13153.520518066362,489.9317947206275,2543.619056914786,-5.192713981230552,19781.7348473169,224036.69608853542,68.26153920847952,11.370483230182879,-13.028530141723298,-176.49998996683306
117.9,13130.571623104159,490.17644901712026,2538.070904176747,-5.171313329234809,19736.29496001676,222731.11834158667,68.26153920847952,11.345681094192004,-13.024433775420635,-176.49881782054607
118.0,13107.767027323134,490.42051248700994,2532.5354715769595,-5.149942421356454,19690.713089179488,221431.8799117164,68.26153920847952,11.320935828146936,-13.020347433738722,-176.4976435897554
118.10000000000001,13085.106076214928,490.6639862598536,2527.012798877676,-5.128601594623032,19644.992951902972,220138.98442310767,68.26153920847952,11.296247609726112,-13.016271097125887,-176.49646729103796
118.2,13062.588115682825,490.9068714715479,2521.50292479727,-5.107291183524945,19599.138237535004,218852.43477597515,68.26153920847952,11.271616611941942,-13.012204745925048,-176.4952889409325
118.30000000000001,13040.212492075749,491.149169264186,2516.005887018091,-5.0860115200121765,19553.15260746705,217572.23315789516,68.26153920847952,11.247043003175907,-13.008148360375621,-176.49410855593874
118.4,13017.978552224115,491.3908807859674,2510.52172219437,-5.064762933491408,19507.039694933857,216298.3810550728,68.26153920847952,11.222526947213918,-13.004101920615435,-176.4929261525165
118.5,12995.88564347336,491.63200719108397,2505.050465960186,-5.043545750823471,19460.803104826202,215030.8792635845,68.26153920847952,11.198068603281916,-13.00006540668262,-176.49174174708503
118.60000000000001,12973.933113718405,491.8725496396047,2499.5921529374837,-5.022360296321179,19414.446413510886,213769.727900561,68.26153920847952,11.173668126081724,-12.996038798517487,-176.49055535602213
118.7,12952.120311437175,492.11250929738065,2494.1468167441344,-5.001206891747493,19367.973168661065,212514.92641532503,68.26153920847952,11.14932566582708,-12.992022075964416,-176.48936699566352
118.80000000000001,12930.446585723199,492.3518873358939,2488.714490002053,-4.980085856314055,19321.386889096946,211266.47360048478,68.26153920847952,11.12504136827992,-12.988015218773702,-176.48817668230197
118.9,12908.911286318209,492.5906849322184,2483.2952043453497,-4.958997506680044,19274.691064634862,210024.36760296655,68.26153920847952,11.100815374786825,-12.984018206603421,-176.4869844321866
119.0,12887.513763644733,492.8289032688354,2477.8889904285293,-4.937942156951389,19227.88915594484,208788.60593498874,68.26153920847952,11.076647822315667,-12.980031019021263,-176.48579026152225
119.10000000000001,12866.253368836828,493.0665435335901,2472.495877934726,-4.916920118680302,19180.98459441955,207559.18548498963,68.26153920847952,11.052538843492437,-12.97605363550637,-176.4845941864687
119.2,12845.129453771748,493.3036069195417,2467.115895583976,-4.895931700865152,19133.98078204983,206336.10252848154,68.26153920847952,11.028488566638211,-12.972086035451152,-176.48339622313998
119.30000000000001,12824.141371101141,493.540094624879,2461.7490711415217,-4.874977209950652,19086.881091308973,205119.35273884283,68.26153920847952,11.004497115806275,-12.968128198163098,-176.48219638760364
119.4,12803.288474280853,493.7760078528073,2456.39543142615,-4.854056949828372,19039.68886504727,203908.9311980526,68.26153920847952,10.980564610819416,-12.964180102866576,-176.48099469588027
119.5,12782.570117600728,494.0113478114578,2451.0550023185574,-4.833171221837573,18992.407416394304,202704.83240735476,68.26153920847952,10.956691167307294,-12.960241728704613,-176.47979116394274
119.60000000000001,12761.985656213947,494.2461157137566,2445.7278087697423,-4.812320324766335,18945.04002866963,201507.05029785327,68.26153920847952,10.932876896743974,-12.956313054740674,-176.47858580771543
119.7,12741.534446165897,494.4803127773367,2440.4138748094206,-4.791504554853008,18897.58995530171,200315.57824103642,68.26153920847952,10.909121906485543,-12.95239405996043,-176.4773786430739
119.80000000000001,12721.215844423044,494.7139402244424,2435.113223554464,-4.7707242057879435,18850.06041975414,199130.40905922392,68.26153920847952,10.885426299807834,-12.948484723273493,-176.47616968584404
119.9,12701.029208900873,494.9469992818133,2429.8258772173576,-4.74997956871555,18802.45461546073,197951.5350359449,68.26153920847952,10.861790175944225,-12.944585023515183,-176.47495895180157
120.0,12680.97389849089,495.17949118059425,2424.5518571146745,-4.729270932236607,18754.77570576921,196778.94792624377,68.26153920847952,10.838213630123533,-12.940694939448225,-176.47374645667145
120.10000000000001,12661.049273088574,495.4114171562274,2419.291183675565,-4.708598582410892,18707.02682389026,195612.63896689602,68.26153920847952,10.814696753607967,-12.936814449764485,-176.47253221612726
120.2,12641.254693619907,495.6427784483431,2414.043876450261,-4.687962802760072,18659.211072855735,194452.59888655329,68.26153920847952,10.791239633731124,-12.932943533086668,-176.4713162457908
120.30000000000001,12621.589522067457,495.8735763006988,2408.809954118588,-4.667363874270887,18611.33152548435,193298.817915809,68.26153920847952,10.767842353936063,-12.929082167970007,-176.47009856123134
120.4,12602.053121495992,496.10381196101804,2403.589434498489,-4.646802075398584,18563.391224354706,192151.28579718134,68.26153920847952,10.744504993813404,-12.925230332903942,-176.46887917796522
120.5,12582.644856079016,496.3334866809518,2398.3823345545525,-4.626277682070646,18515.393181783085,191009.99179500106,68.26153920847952,10.721227629139443,-12.921388006313792,-176.4676581114553
120.60000000000001,12563.364091122989,496.56260171595403,2393.1886704065473,-4.605790967690758,18467.340379811525,189874.92470523226,68.26153920847952,10.698010331914308,-12.9175551665624,-176.46643537711046
120.7,12544.210193091072,496.79115832518346,2388.0084573379595,-4.585342203143048,18419.235770202762,188746.07286520692,68.26153920847952,10.674853170400123,-12.913731791951777,-176.46521099028502
120.80000000000001,12525.182529629208,497.0191577714036,2382.8417098045297,-4.564931656796575,18371.08227443733,187623.42416324918,68.26153920847952,10.651756209159176,-12.90991786072474,-176.46398496627845
120.9,12506.280469588004,497.24660132092407,2377.688441442789,-4.544559594510067,18322.882783723475,186506.96604824398,68.26153920847952,10.628719509092067,-12.90611335106651,-176.46275732033465
121.0,12487.503383047413,497.4734902434492,2372.5486650785942,-4.524226279636902,18274.640159008286,185396.68553909007,68.26153920847952,10.60574312747587,-12.902318241106334,-176.46152806764175
121.10000000000001,12468.850641339086,497.6998258120322,2367.4223927356566,-4.503931973030325,18226.357230998237,184292.56923407866,68.26153920847952,10.582827118002257,-12.898532508919063,-176.46029722333148
121.2,12450.321617069189,497.92560930295906,2362.309635644064,-4.4836769330489155,18178.036800184505,183194.6033201751,68.26153920847952,10.559971530815591,-12.894756132526727,-176.4590648024788
121.30000000000001,12431.915684139356,498.15084199565916,2357.210404248797,-4.4634614155622625,18129.68163687671,182102.77358221996,68.26153920847952,10.537176412551,-12.890989089900115,-176.45783082010146
121.4,12413.632217769977,498.3755251726199,2352.1247082182326,-4.443285673956884,18081.294481238092,181017.0654120164,68.26153920847952,10.514441806372384,-12.887231358960307,-176.45659529115966
121.5,12395.470594520215,498.599660119301,2347.052556452638,-4.423149959142361,18032.87804333118,179937.46381734763,68.26153920847952,10.491767752010393,-12.883482917580228,-176.45535823055553
121.60000000000001,12377.430192309897,498.82324812401856,2341.993957092651,-4.403054519557683,17984.4350031654,178863.95343088245,68.26153920847952,10.469154285800327,-12.879743743586163,-176.45411965313286
121.7,12359.510390439536,499.0462904778832,2336.948917527745,-4.382999601177821,17935.968010752593,177796.51851899864,68.26153920847952,10.446601440719983,-12.876013814759274,-176.45287957367665
121.80000000000001,12341.710569609422,499.2687884747232,2331.9174444046803,-4.36298544752049,17887.479686168852,176735.14299051618,68.26153920847952,10.424109246427424,-12.872293108837102,-176.45163800691273
121.9,12324.030111941509,499.49074341093313,2326.899543635934,-4.343012299653129,17838.972619616397,175679.8104053094,68.26153920847952,10.40167772929868,-12.868581603515043,-176.4503949675075
122.0,12306.468400996644,499.71215658547425,2321.895220408114,-4.323080396200075,17790.449371497572,174630.503982858,68.26153920847952,10.379306912465339,-12.864879276447828,-176.44915047006748
122.10000000000001,12289.024821794592,499.93302929971105,2316.9044791903484,-4.303189973349931,17741.912472488682,173587.20661067663,68.26153920847952,10.356996815852066,-12.861186105250981,-176.44790452913907
122.2,12271.698760832194,500.15336285738414,2311.927323742659,-4.283341264863129,17693.36442362113,172549.9008526603,68.26153920847952,10.334747456214027,-12.857502067502265,-176.44665715920817
122.30000000000001,12254.489606101532,500.3731585644828,2306.963757124306,-4.263534502079673,17644.807696366734,171518.56895732947,68.26153920847952,10.312558847174186,-12.853827140743112,-176.44540837469987
122.4,12237.396747107618,500.5924177291978,2302.0137817021086,-4.24376991392707,17596.244732727766,170493.19286597968,68.26153920847952,10.290430999260515,-12.850161302480048,-176.44415818997822
122.5,12220.41957488656,500.8111416618072,2297.0773991587425,-4.224047726928435,17547.677945330288,169473.75422072728,68.26153920847952,10.268363919943067,-12.846504530186092,-176.44290661934582
122.60000000000001,12203.557482021395,501.02933167460714,2292.1546105010093,-4.204368165210774,17499.109717524956,168460.23437247385,68.26153920847952,10.246357613670952,-12.842856801302155,-176.4416536770436
122.7,12186.809862659778,501.24698908185104,2287.245416068074,-4.184731450513429,17450.542403488536,167452.61438875462,68.26153920847952,10.22441208190916,-12.839218093238417,-176.44039937725063
122.80000000000001,12170.176112529356,501.46411519962714,2282.349815539677,-4.165137802196701,17401.978328332767,166450.87506150597,68.26153920847952,10.202527323175262,-12.835588383375692,-176.4391437340837
122.9,12153.655628954526,501.6807113458066,2277.467807944314,-4.145587437250618,17353.419788214498,165454.9969147216,68.26153920847952,10.180703333075988,-12.831967649066785,-176.43788676159727
123.0,12137.24781087134,501.8967788399639,2272.5993916673815,-4.126080570303875,17304.86905045209,164464.9602120223,68.26153920847952,10.158940104343625,-12.828355867637825,-176.436628473783
123.10000000000001,12120.952058843337,502.1123190032774,2267.744564459294,-4.1066174136329225,17256.328353643657,163480.7449641193,68.26153920847952,10.13723762687231,-12.824753016389595,-176.4353688845697
123.2,12104.767775076441,502.3273331584962,2262.903323443562,-4.087198177171198,17207.799907789915,162502.33093618407,68.26153920847952,10.115595887754136,-12.821159072598848,-176.43410800782308
123.30000000000001,12088.694363432005,502.54182262981215,2258.0756651248385,-4.067823068518512,17159.285894423065,161529.69765513254,68.26153920847952,10.094014871315128,-12.817574013519598,-176.43284585734543
123.4,12072.731229443569,502.7557887428025,2253.2615853969264,-4.0484922929505744,17110.788466732665,160562.82441678154,68.26153920847952,10.072494559151025,-12.813997816384417,-176.43158244687558
123.5,12056.877780328039,502.96923282438115,2248.461079550753,-4.029206053428651,17062.309749703243,159601.690292948,68.26153920847952,10.051034930162933,-12.810430458405696,-176.43031779008857
123.60000000000001,12041.133425001055,503.1821562026925,2243.6741422823,-4.009964550609367,17013.851840247997,158646.2741384168,68.26153920847952,10.029635960592781,-12.806871916776917,-176.42905190059554
123.7,12025.49757408956,503.3945602070337,2238.900767700503,-3.990767982854623,16965.416807349575,157696.5545978316,68.26153920847952,10.008297624058613,-12.803322168673889,-176.42778479194354
123.80000000000001,12009.969639944378,503.60644616780894,2234.1409493351002,-3.9716165462416564,16917.006692203337,156752.5101124854,68.26153920847952,9.987019891589698,-12.799781191255988,-176.4265164776154
123.9,11994.549036653247,503.81781541644455,2229.394680144453,-3.9525104345732154,16868.623508362423,155814.11892701156,68.26153920847952,9.96580273166146,-12.796248961667375,-176.42524697102942
124.0,11979.235180051997,504.02866928531125,2224.661952523314,-3.93344983938785,16820.26924188796,154881.35909598763,68.26153920847952,9.944646110230229,-12.7927254570382,-176.42397628553954
124.10000000000001,11964.027487737127,504.239009107659,2219.942758310559,-3.914434949970326,16771.94585149946,153954.20849043393,68.26153920847952,9.923549990767784,-12.7892106544858,-176.42270443443482
124.2,11948.925379077904,504.44883621755787,2215.237088796873,-3.8954659533621427,16723.655268728086,153032.64480421698,68.26153920847952,9.902514334295718,-12.785704531115877,-176.42143143093958
124.30000000000001,11933.928275226615,504.65815194979524,2210.544934732396,-3.87654303437217,16675.399398074842,152116.6455603701,68.26153920847952,9.881539099419616,-12.78220706402367,-176.42015728821323
124.4,11919.03559912974,504.86695763985955,2205.866286334319,-3.8576663755873772,16627.180117169322,151206.18811731058,68.26153920847952,9.860624242363007,-12.7787182302951,-176.41888201935006
124.5,11904.24677553866,505.07525462382307,2201.201133294438,-3.838836157383676,16578.999276931077,150301.24967496493,68.26153920847952,9.839769717001136,-12.775238007007921,-176.41760563737918
124.60000000000001,11889.561231019907,505.2830442383003,2196.5494647866635,-3.8200525579368523,16530.85870173352,149401.80728080147,68.26153920847952,9.818975474894518,-12.771766371232845,-176.41632815526447
124.7,11874.9783939654,505.49032782039205,2191.91126947448,-3.801315753233597,16482.760189569544,148507.83783576902,68.26153920847952,9.798241465322302,-12.768303300034656,-176.41504958590443
124.80000000000001,11860.49769460177,505.69710670757826,2187.2865355183594,-3.7826259170826275,16434.705512220185,147619.31810014683,68.26153920847952,9.777567635315398,-12.764848770473312,-176.41376994213218
124.9,11846.118564999662,505.9033822377076,2182.675250583129,-3.7639832211258994,16386.696415424853,146736.2246993016,68.26153920847952,9.756953929689404,-12.761402759605044,-176.41248923671526
125.0,11831.840439083055,506.1091557488908,2178.0774018452885,-3.745387834849899,16338.734619053033,145858.534129351,68.26153920847952,9.736400291077334,-12.75796524448342,-176.41120748235574
125.10000000000001,11817.662752638571,506.3144285794603,2173.4929760002788,-3.726839925597018,16290.821817277441,144986.22276273515,68.26153920847952,9.715906659962094,-12.754536202160415,-176.40992469168992
125.2,11803.584943323396,506.5192020679039,2168.9219592697027,-3.7083396585770156,16242.95967875053,144119.26685370554,68.26153920847952,9.695472974708766,-12.751115609687467,-176.40864087728855
125.30000000000001,11789.606450673193,506.72347755279213,2164.3643374084954,-3.6898871968785407,16195.149846782213,143257.6425437224,68.26153920847952,9.675099171596655,-12.74770344411651,-176.40735605165654
125.4,11775.726716111414,506.9272563727221,2159.8200957120434,-3.6714827014807403,16147.393939516802,142401.32586675277,68.26153920847952,9.654785184851113,-12.744299682501,-176.40607022723307
125.5,11761.945182955358,507.1305398662929,2155.289219023255,-3.6531263312649305,16099.693550115744,141550.29275450003,68.26153920847952,9.634530946675149,-12.740904301896933,-176.40478341639158
125.60000000000001,11748.261296425015,507.33332937197457,2150.771691739577,-3.6348182430263365,16052.0502469373,140704.51904152564,68.26153920847952,9.614336387280783,-12.737517279363843,-176.40349563143965
125.7,11734.67450364912,507.5356262281182,2146.2674978199625,-3.6165585914858926,16004.465573721314,139863.98047030112,68.26153920847952,9.594201434920208,-12.734138591965793,-176.40220688461898
125.80000000000001,11721.18425367307,507.73743177284825,2141.776620791786,-3.5983475293021074,15956.941049772091,139028.65269615987,68.26153920847952,9.574126015916683,-12.730768216772352,-176.4009171881055
125.9,11707.789997464512,507.93874734404267,2137.299043757706,-3.580185207082985,15909.478170145509,138198.51129217685,68.26153920847952,9.554110054695217,-12.727406130859556,-176.39962655400925
126.0,11694.491187920794,508.13957427925055,2132.834749402474,-3.5620717733979994,15862.07840583416,137373.5317539503,68.26153920847952,9.534153473813012,-12.72405231131086,-176.3983349943744
126.10000000000001,11681.287279874086,508.33991391564973,2128.383719999693,-3.5440073747901226,15814.743203956532,136553.68950431223,68.26153920847952,9.514256193989661,-12.720706735218084,-176.3970425211794
126.2,11668.177730098367,508.53976758999,2123.9459374185226,-3.5259921557879035,15767.473987944182,135738.95989794322,68.26153920847952,9.494418134137128,-12.717369379682331,-176.39574914633675
126.30000000000001,11655.161997313611,508.73913663853506,2119.5213831303286,-3.5080262589175923,15720.27215773336,134929.31822591927,68.26153920847952,9.47463921138947,-12.71404022181491,-176.39445488169324
126.4,11642.239542192314,508.9380223970095,2115.1100382152804,-3.490109824715306,15673.139089953891,134124.73972016212,68.26153920847952,9.45491934113232,-12.710719238738239,-176.39315973902984
126.5,11629.409827364609,509.1364262005477,2110.711883368895,-3.472242991739242,15626.076138120452,133325.19955781513,68.26153920847952,9.435258437032152,-12.707406407586726,-176.3918637300618
126.60000000000001,11616.672317421995,509.33434938364366,2106.326898908527,-3.454425896581923,15579.084632826178,132530.672865546,68.26153920847952,9.415656411065283,-12.704101705507668,-176.39056686643872
126.7,11604.026478923857,509.531793280088,2101.955064779802,-3.436658673882487,15532.165881932668,131741.1347237517,68.26153920847952,9.39611317354663,-12.700805109662102,-176.38926915974446
126.80000000000001,11591.471780400258,509.72875922293457,2097.596360562999,-3.4189414563390024,15485.321170765457,130956.5601707056,68.26153920847952,9.376628633158239,-12.697516597225668,-176.3879706214974
126.9,11579.00769235706,509.9252485444359,2093.250765479377,-3.401274374720821,15438.551762306475,130176.92420661179,68.26153920847952,9.357202696977566,-12.694236145389453,-176.3866712631503
127.0,11566.633687279653,510.1212625759994,2088.918258397445,-3.3836575578809582,15391.858897388538,129402.2017975884,68.26153920847952,9.337835270505506,-12.690963731360824,-176.38537109609047
127.10000000000001,11554.349239636678,510.3168026481438,2084.598817839178,-3.3660911327684984,15345.243794889991,128632.36787957388,68.26153920847952,9.318526257694177,-12.687699332364247,-176.38407013163985
127.2,11542.153825883288,510.5118700904368,2080.292421986183,-3.3485752244410283,15298.707651930017,127867.39736215904,68.26153920847952,9.299275560974475,-12.684442925642102,-176.38276838105494
127.30000000000001,11530.046924465336,510.70646623146246,2075.9990486858005,-3.3311099560770865,15252.251644062642,127107.26513233744,68.26153920847952,9.280083081283358,-12.681194488455473,-176.38146585552715
127.4,11518.02801582124,510.900592398769,2071.7186754571594,-3.3136954489886414,15205.876925473922,126351.94605819402,68.26153920847952,9.260948718090905,-12.67795399808495,-176.38016256618258
127.5,11506.096582385711,511.0942499188106,2067.4512794971724,-3.2963318226335776,15159.584629176405,125601.41499250897,68.26153920847952,9.241872369427114,-12.674721431831385,-176.3788585240823
127.60000000000001,11494.25210859254,511.2874401169239,2063.1968376864775,-3.279019194628205,15113.375867204812,124855.6467762929,68.26153920847952,9.222853931908464,-12.671496767016672,-176.37755374022237
127.7,11482.494080876932,511.4801643172739,2058.9553265953236,-3.261757680759779,15067.251730812048,124114.6162422526,68.26153920847952,9.203893300764221,-12.668279980984495,-176.376248225534
127.80000000000001,11470.821987677366,511.6724238427935,2054.726722489402,-3.24454739499903,15021.213290665715,123378.29821818677,68.26153920847952,9.184990369862508,-12.665071051101075,-176.37494199088357
127.9,11459.23531943839,511.86422001516223,2050.511001335621,-3.2273884495127065,14975.261597042962,122646.6675303062,68.26153920847952,9.166145031736107,-12.661869954755895,-176.37363504707284
128.0,11447.733568611555,512.0555541547606,2046.3081388078274,-3.2102809546761217,14929.397680027641,121919.6990064938,68.26153920847952,9.147357177608047,-12.658676669362425,-176.37232740483893
128.1,11436.316229658201,512.2464275806215,2042.11811029247,-3.1932250190857046,14883.622549704463,121197.36747948483,68.26153920847952,9.128626697416909,-12.655491172358833,-176.37101907485456
128.20000000000002,11424.982799049933,512.4368416103716,2037.9408908942112,-3.1762207495715615,14837.937196355988,120479.64778999191,68.26153920847952,9.109953479841918,-12.652313441208683,-176.3697100677281
128.3,11413.732775271405,512.6267975602367,2033.77645544148,-3.159268251210028,14792.342590655951,119766.51478974902,68.26153920847952,9.091337412327753,-12.649143453401622,-176.36840039400371
128.4,11402.565658819396,512.8162967449445,2029.6247784919738,-3.142367627336232,14746.83968386716,119057.94334450984,68.26153920847952,9.072778381109153,-12.645981186454064,-176.3670900641615
128.5,11391.480952206068,513.0053404777324,2025.4858343381009,-3.125518979556647,14701.429408033227,118353.90833695624,68.26153920847952,9.054276271235231,-12.642826617909849,-176.36577908861764
128.6,11380.478159957565,513.1939300702817,2021.359597012372,-3.108722407761644,14656.112676175955,117654.38466956794,68.26153920847952,9.035830966593588,-12.639679725340914,-176.36446747772445
128.70000000000002,11369.556788616348,513.3820668326791,2017.246040292734,-3.0919780101380376,14610.890382487176,116959.34726740676,68.26153920847952,9.017442349934141,-12.636540486347922,-176.36315524177067
128.8,11358.716346741188,513.5697520733916,2013.1451377078513,-3.075285883181623,14565.763402523085,116268.77108085091,68.26153920847952,8.999110302892737,-12.633408878560918,-176.3618423909814
128.9,11347.95634490624,513.7569870992327,2009.056862542331,-3.058646121709708,14520.732593399074,115582.63108827085,68.26153920847952,8.980834706014505,-12.630284879639941,-176.36052893551852
129.0,11337.276295702904,513.9437732152926,2004.9811878418939,-3.0420588188736284,14475.798793980237,114900.9022986286,68.26153920847952,8.962615438776979,-12.62716846727565,-176.35921488548055
129.1,11326.675713738427,514.1301117249425,2000.9180864184923,-3.0255240661712564,14430.96282507544,114223.55975403378,68.26153920847952,8.94445237961296,-12.624059619189927,-176.3579002509031
129.20000000000002,11316.154115636833,514.3160039297787,1996.8675308553716,-3.0090419534594917,14386.22548962755,113550.57853222672,68.26153920847952,8.926345405933153,-12.620958313136471,-176.3565850417588
129.3,11305.711020037532,514.5014511295876,1992.8294935120803,-2.992612568966738,14341.587572905975,112881.93374901477,68.26153920847952,8.908294394148552,-12.617864526901393,-176.35526926795748
129.4,11295.345947594848,514.6864546223098,1988.803946529424,-2.976235999305364,14297.049842697104,112217.60056064505,68.26153920847952,8.890299219692592,-12.614778238303785,-176.35395293934656
129.5,11285.058420978487,514.8710157040151,1984.7908618343668,-2.959912329484142,14252.613049492798,111557.55416611476,68.26153920847952,8.87235975704305,-12.6116994251963,-176.3526360657109
129.6,11274.847964871675,515.0551356688569,1980.7902111448798,-2.94364164292067,14208.277926680954,110901.76980943685,68.26153920847952,8.854475879743722,-12.608628065465691,-176.3513186567733
129.70000000000002,11264.71410596976,515.2388158090664,1976.8019659747351,-2.9274240214537746,14164.045190734618,110250.2227818469,68.26153920847952,8.836647460425853,-12.605564137033376,-176.35000072219432
129.8,11254.656372980215,515.4220574148678,1972.826097638247,-2.9112595453558834,14119.915541398357,109602.88842394753,68.26153920847952,8.818874370829315,-12.602507617855977,-176.34868227157284
129.9,11244.674296620768,515.6048617745028,1968.8625772549606,-2.89514829334538,14075.889661876121,108959.74212780838,68.26153920847952,8.801156481823591,-12.599458485925835,-176.3473633144459
130.0,11234.767409618013,515.7872301741645,1964.911375754288,-2.8790903425989307,14031.96821901753,108320.75933900948,68.26153920847952,8.783493663428473,-12.596416719271549,-176.34604386028911
130.1,11224.935246706475,515.969163897988,1960.9724638800917,-2.8630857687637885,13988.151863502597,107685.91555862996,68.26153920847952,8.76588578483456,-12.593382295958476,-176.3447239185168
130.20000000000002,11215.17734462535,516.150664228002,1957.0458121952156,-2.8471346459700615,13944.44123002839,107055.18634519557,68.26153920847952,8.748332714423512,-12.590355194089238,-176.34340349848208
130.3,11205.493242118508,516.3317324441034,1953.1313910859644,-2.83123704684296,13900.836937490554,106428.5473165596,68.26153920847952,8.730834319788071,-12.587335391804213,-176.3420826094772
130.4,11195.882479931228,516.5123698240321,1949.229170766531,-2.815393042515007,13857.339589167912,105805.97415174861,68.26153920847952,8.713390467751845,-12.584322867282024,-176.34076126073367
130.5,11186.344600808807,516.692577643358,1945.3391212833728,-2.799602702638222,13813.949772903668,105187.44259274975,68.26153920847952,8.696001024388876,-12.581317598740014,-176.33943946142242
130.6,11176.879149494693,516.8723571754158,1941.4612125195363,-2.7838660953962693,13770.668061286102,104572.92844625138,68.26153920847952,8.678665855042969,-12.578319564434707,-176.3381172206541
130.70000000000002,11167.485672726762,517.0517096913118,1937.5954141989312,-2.7681832875165746,13727.4950118305,103962.40758534397,68.26153920847952,8.661384824346795,-12.575328742662274,-176.33679454747923
130.8,11158.163719236385,517.2306364598712,1933.7416958905535,-2.7525543442824025,13684.431167156517,103355.85595116085,68.26153920847952,8.644157796240767,-12.572345111758978,-176.33547145088835
130.9,11148.912839745171,517.409138747643,1929.9000270126583,-2.7369793295449036,13641.47705516726,102753.24955448274,68.26153920847952,8.626984633991695,-12.56936865010162,-176.33414793981228
131.0,11139.73258696217,517.5872178188364,1926.0703768368824,-2.721458305735121,13598.63318922671,102154.56447729455,68.26153920847952,8.609865200211205,-12.566399336107965,-176.33282402312244
131.1,11130.622515581083,517.7648749353211,1922.2527144923172,-2.7059913338759594,13555.900068335939,101559.77687429661,68.26153920847952,8.592799356873957,-12.56343714823718,-176.33149970963086
131.20000000000002,11121.582182277925,517.9421113565988,1918.447008969532,-2.6905784735941163,13513.278177307611,100968.86297436946,68.26153920847952,8.575786965335617,-12.560482064990232,-176.33017500809046
131.3,11112.611145707779,518.1189283397632,1914.6532291245476,-2.6752197831319737,13470.767986940464,100381.79908199924,68.26153920847952,8.558827886350622,-12.557534064910309,-176.3288499271954
131.4,11103.708966500591,518.2953271395021,1910.871343682762,-2.6599153193594454,13428.369954193666,99798.56157866394,68.26153920847952,8.541921980089727,-12.554593126583221,-176.32752447558113
131.5,11094.875207259785,518.4713090080361,1907.1013212428259,-2.644665137785786,13386.08452235665,99219.12692416502,68.26153920847952,8.525069106157332,-12.551659228637785,-176.32619866182463
131.6,11086.109432558063,518.6468751951395,1903.3431302804713,-2.629469292571359,13343.912121221072,98643.4716579299,68.26153920847952,8.508269123608585,-12.548732349746214,-176.32487249444478
131.70000000000002,11077.41120893322,518.8220269480984,1899.5967391522915,-2.614327836539357,13301.853167251556,98071.57240027335,68.26153920847952,8.491521890966288,-12.54581246862449,-176.32354598190244
131.8,11068.780104885343,518.9967655116562,1895.8621160994728,-2.5992408211874807,13259.908063753512,97503.40585361261,68.26153920847952,8.47482726623757,-12.542899564032739,-176.3222191326007
131.9,11060.215690874029,519.171092128055,1892.139229251479,-2.5842082966995688,13218.077201039714,96938.94880364282,68.26153920847952,8.45818510693036,-12.539993614775586,-176.32089195488516
132.0,11051.717539312784,519.3450080369678,1888.42804662969,-2.56923031195719,13176.360956598985,96378.17812048615,68.26153920847952,8.441595270069646,-12.53709459970251,-176.31956445704407
132.1,11043.285224566702,519.5185144754881,1884.728536150992,-2.5543069145511796,13134.759695259703,95821.07075978802,68.26153920847952,8.42505761221353,-12.534202497708192,-176.31823664730865
132.20000000000002,11034.918322947808,519.6916126781038,1881.0406656313226,-2.539438150793137,13093.273769354828,95267.60376378654,68.26153920847952,8.408571989469065,-12.531317287732852,-176.31690853385328
132.3,11026.616412711795,519.8643038767043,1877.3644027891676,-2.5246240657268664,13051.903518883986,94717.75426233822,68.26153920847952,8.392138257507892,-12.528438948762581,-176.31558012479573
132.4,11018.379074052908,520.0365893005372,1873.699715249015,-2.509864703139778,13010.64927167648,94171.49947391631,68.26153920847952,8.37575627158167,-12.525567459829661,-176.31425142819742
132.5,11010.205889100675,520.2084701761711,1870.0465705447618,-2.4951601055742323,12969.51134355082,93628.81670656518,68.26153920847952,8.359425886537311,-12.522702800012889,-176.31292245206367
132.6,11002.096441915259,520.3799477275331,1866.4049361230755,-2.4805103143388405,12928.490038474582,93089.68335882558,68.26153920847952,8.34314695683201,-12.51984494843788,-176.31159320434384
132.70000000000002,10994.050318482798,520.5510231758396,1862.774779346711,-2.4659153695197094,12887.585648722988,92554.07692062583,68.26153920847952,8.326919336548052,-12.51699388427737,-176.31026369293164
132.8,10986.067106712144,520.7216977395802,1859.1560674977843,-2.4513753099916378,12846.798455034548,92021.9749741334,68.26153920847952,8.310742879407462,-12.514149586751522,-176.30893392566546
132.9,10978.146396428812,520.8919726345537,1855.548767781,-2.436890173429262,12806.128726768648,91493.35519458518,68.26153920847952,8.294617438786425,-12.511312035128194,-176.30760391032842
133.0,10970.287779371254,521.0618490737703,1851.9528473268367,-2.4224599963181466,12765.576722059091,90968.19535107532,68.26153920847952,8.278542867729522,-12.508481208723245,-176.30627365464875
133.1,10962.490849187132,521.2313282675038,1848.3682731946888,-2.408084813965823,12725.142687966409,90446.47330731156,68.26153920847952,8.262519018963774,-12.50565708690079,-176.3049431663
133.20000000000002,10954.755201426335,521.4004114232446,1844.7950123759638,-2.393764660512778,12684.826860632515,89928.16702235353,68.26153920847952,8.24654574491249,-12.502839649073483,-176.3036124529013
133.3,10947.08043353865,521.5690997456696,1841.2330317971387,-2.379499568943383,12644.629465428763,89413.25455130133,68.26153920847952,8.230622897708924,-12.500028874702766,-176.3022815220175
133.4,10939.466144867241,521.7373944366732,1837.6822983227735,-2.3652895710967754,12604.550717107455,88901.7140459713,68.26153920847952,8.214750329209743,-12.497224743299135,-176.30095038115957
133.5,10931.911936643999,521.9052966953016,1834.1427787584819,-2.351134697677678,12564.590819949888,88393.52375553423,68.26153920847952,8.198927891008303,-12.494427234422387,-176.29961903778477
133.6,10924.417411984876,522.0728077177719,1830.6144398538613,-2.3370349782671687,12524.749967913116,87888.66202712512,68.26153920847952,8.183155434447762,-12.491636327681858,-176.2982874992969
133.70000000000002,10916.9821758857,522.2399286974357,1827.0972483053804,-2.3229904413333933,12485.028344774804,87387.10730642249,68.26153920847952,8.167432810633965,-12.48885200273666,-176.2969557730465
133.8,10909.605835215189,522.4066608247759,1823.5911707592277,-2.309001114242223,12445.426124279997,86888.838138211,68.26153920847952,8.151759870448188,-12.486074239295919,-176.29562386633125
133.9,10902.287998710759,522.5730052874072,1820.0961738141175,-2.2950670232678534,12405.943470283344,86393.8331669057,68.26153920847952,8.136136464559675,-12.483303017118986,-176.2942917863961
134.0,10895.02827697387,522.7389632700188,1816.612224024056,-2.281188193603346,12366.580536890537,85902.07113705123,68.26153920847952,8.120562443438004,-12.480538316015666,-176.29295954043343
134.1,10887.826282463502,522.9045359544168,1813.1392879010693,-2.2673646493711193,12327.337468600552,85413.53089380253,68.26153920847952,8.10503765736528,-12.477780115846427,-176.29162713558355
134.20000000000002,10880.68162949197,523.0697245194735,1809.677331917889,-2.253596413633376,12288.214400443927,84928.1913833702,68.26153920847952,8.08956195644814,-12.4750283965226,-176.29029457893478
134.3,10873.593934218865,523.2345301411193,1806.2263225106005,-2.2398835084024706,12249.211458121812,84446.03165344834,68.26153920847952,8.074135190629587,-12.472283138006587,-176.2889618775237
134.4,10866.562814645935,523.3989539923547,1802.7862260812526,-2.226225954651231,12210.32875814266,83967.03085361393,68.26153920847952,8.058757209700653,-12.469544320312055,-176.2876290383355
134.5,10859.58789061103,523.5629972431982,1799.3570090004278,-2.212623772323206,12171.566407958648,83491.16823570586,68.26153920847952,8.043427863311893,-12.466811923504117,-176.2862960683041
134.6,10852.668783783447,523.7266610607234,1795.9386376097746,-2.199076980342867,12132.924506099214,83018.42315417454,68.26153920847952,8.0281470009847,-12.464085927699525,-176.28496297431255
134.70000000000002,10845.805117656942,523.8899466090036,1792.5310782245022,-2.1855855966257454,12094.40314230587,82548.7750664175,68.26153920847952,8.012914472122452,-12.461366313066835,-176.28362976319318
134.8,10838.99651754601,524.0528550491368,1789.1342971358379,-2.172149638088507,12056.002397662107,82082.20353307991,68.26153920847952,7.9977301260215015,-12.458653059826593,-176.2822964417279
134.9,10832.242610578425,524.2153875391979,1785.7482606134477,-2.1587691206589774,12017.722344726102,81618.688218347,68.26153920847952,7.9825938118819915,-12.455946148251495,-176.28096301664843
135.0,10825.543025690597,524.3775452342679,1782.3729349078192,-2.145444059286101,11979.56304765903,81158.20889020391,68.26153920847952,7.96750537881851,-12.453245558666541,-176.2796294946366
135.1,10818.897393621039,524.5393292863918,1779.0082862526094,-2.1321744679498376,11941.524562354161,80700.74542068173,68.26153920847952,7.9524646758705755,-12.450551271449207,-176.2782958823245
135.20000000000002,10812.30534690572,524.7007408446019,1775.6542808669556,-2.11896035967101,11903.606936562579,80246.27778607536,68.26153920847952,7.937471552012973,-12.447863267029579,-176.2769621862949
135.3,10805.766519870609,524.8617810548711,1772.310884957751,-2.105801746521079,11865.810210020678,79794.78606715158,68.26153920847952,7.92252585616592,-12.445181525890511,-176.27562841308134
135.4,10799.280548626557,525.0224510601316,1768.978064721885,-2.09269863963187,11828.13441457384,79346.25044932836,68.26153920847952,7.90762743720509,-12.442506028567756,-176.2742945691685
135.5,10792.84707106417,525.1827520002665,1765.655786348449,-2.079651049205226,11790.579574298838,78900.65122283521,68.26153920847952,7.8927761439714565,-12.43983675565011,-176.2729606609924
135.6,10786.465726846363,525.3426850120707,1762.3440160209068,-2.066658984522615,11753.145705627452,78457.96878286214,68.26153920847952,7.877971825281003,-12.437173687779532,-176.2716266949407
135.70000000000002,10780.136157403234,525.5022512292827,1759.0427199192309,-2.0537224539546655,11715.832817466331,78018.18362968237,68.26153920847952,7.863214329934273,-12.434516805651283,-176.27029267735287
135.8,10773.858005926013,525.6614517825639,1755.7518642220057,-2.040841464970648,11678.640911316583,77581.27636875966,68.26153920847952,7.848503506725762,-12.431866090014035,-176.26895861452059
135.9,10767.63091736054,525.8202877994659,1752.4714151084963,-2.0280160241478913,11641.569981392575,77147.2277108395,68.26153920847952,7.833839204453171,-12.429221521669987,-176.26762451268786
136.0,10761.454538401216,525.9787604044682,1749.2013387606846,-2.0152461371811414,11604.620014739008,76716.01847202163,68.26153920847952,7.819221271926507,-12.42658308147499,-176.2662903780513
136.1,10755.32851748541,526.1368707189267,1745.9416013652722,-2.0025318088918573,11567.790991346243,76287.62957381344,68.26153920847952,7.804649557977032,-12.42395075033863,-176.26495621676048
136.20000000000002,10749.252504786942,526.2946198611064,1742.6921691156506,-1.989873043237449,11531.082884265357,75862.0420431703,68.26153920847952,7.7901239114660665,-12.421324509224359,-176.2636220349181
136.3,10743.22615221003,526.4520089461407,1739.4530082138406,-1.9772698433204492,11494.495659721484,75439.2370125181,68.26153920847952,7.775644181293664,-12.418704339149562,-176.26228783858022
136.4,10737.249113382306,526.6090390860552,1736.224084872398,-1.964722211397631,11458.02927722688,75019.19571976294,68.26153920847952,7.761210216407127,-12.416090221185675,-176.26095363375666
136.5,10731.321043650154,526.7657113897423,1733.005365316289,-1.9522301488890585,11421.683689690359,74601.89950827758,68.26153920847952,7.746821865809385,-12.413482136458258,-176.25961942641104
136.6,10725.441600070335,526.9220269629587,1729.7968157847345,-1.9397936563870803,11385.458843529339,74187.32982688518,68.26153920847952,7.732478978567239,-12.410880066147085,-176.2582852224612
136.70000000000002,10719.610441405792,527.0779869083312,1726.5984025330222,-1.9274127336652593,11349.354678776377,73775.46822981449,68.26153920847952,7.718181403819466,-12.408283991486224,-176.25695102777948
136.8,10713.827228117734,527.2335923253381,1723.4100918342901,-1.915087379687244,11313.371129188326,73366.29637665291,68.26153920847952,7.703928990784786,-12.405693893764115,-176.25561684819277
136.9,10708.09162236005,527.3888443103073,1720.2318499812789,-1.9028175926155757,11277.508122351892,72959.7960322779,68.26153920847952,7.689721588769689,-12.403109754323633,-176.25428268948303
137.0,10702.40328797279,527.5437439564236,1717.0636432880542,-1.8906033698204385,11241.76557978895,72555.94906677767,68.26153920847952,7.6755590471761455,-12.400531554562164,-176.25294855738727
137.1,10696.761890476104,527.6982923537129,1713.9054380917003,-1.8784447078883462,11206.143417060228,72154.73745535713,68.26153920847952,7.6614412155091625,-12.397959275931663,-176.25161445759807
137.20000000000002,10691.16709706327,527.8524905890283,1710.7572007539839,-1.8663416026307678,11170.64154386872,71756.14327823377,68.26153920847952,7.64736794338423,-12.395392899938718,-176.2502803957636
137.3,10685.618576594163,528.0063397460883,1707.618897662989,-1.8542940490926938,11135.259864161484,71360.1487205193,68.26153920847952,7.633339080534625,-12.392832408144601,-176.24894637748812
137.4,10680.11599959014,528.1598409054101,1704.4904952347244,-1.8423020415611404,11099.99827622886,70966.73607208465,68.26153920847952,7.619354476818593,-12.390277782165322,-176.24761240833192
137.5,10674.659038225655,528.3129951443635,1701.3719599147016,-1.8303655735735946,11064.856672805801,70575.88772742318,68.26153920847952,7.605413982226401,-12.387729003671675,-176.24627849381193
137.6,10669.247366323601,528.4658035371357,1698.2632581794855,-1.8184846379263973,11029.83494116834,70187.58618549022,68.26153920847952,7.591517446887276,-12.385186054389285,-176.24494463940164
137.70000000000002,10663.8806593474,528.618267154736,1695.1643565382176,-1.8066592266830648,10994.93296323214,69801.81404954183,68.26153920847952,7.5776647210762,-12.382648916098645,-176.24361085053158
137.8,10658.558594395407,528.770387065002,1692.075221534112,-1.7948893311825538,10960.150615647655,69418.55402695482,68.26153920847952,7.563855655220606,-12.380117570635154,-176.2422771325895
137.9,10653.280850193463,528.9221643325801,1688.995819745924,-1.7831749420474619,10925.487769895928,69037.78892904181,68.26153920847952,7.550090099906939,-12.37759199988915,-176.24094349092053
138.0,10648.047107089777,529.0736000189411,1685.9261177893934,-1.7715160491921698,10890.944292381038,68659.50167084862,68.26153920847952,7.536367905887105,-12.375072185805939,-176.23960993082767
138.1,10642.857047047466,529.2246951823657,1682.8660823186588,-1.7599126418309232,10856.520044523711,68283.67527094859,68.26153920847952,7.522688924084794,-12.372558110385818,-176.23827645757171
138.20000000000002,10637.710353638045,529.3754508779427,1679.8156800276493,-1.7483647084858556,10822.214882852912,67910.292851224,68.26153920847952,7.509053005601699,-12.370049755684105,-176.23694307637174
138.3,10632.606712034903,529.5258681575834,1676.7748776514486,-1.736872236994949,10788.028659096346,67539.33763663797,68.26153920847952,7.495460001723615,-12.367547103811152,-176.2356097924053
138.4,10627.545809006784,529.6759480699939,1673.7436419676335,-1.7254352145199376,10753.961220269874,67170.79295499662,68.26153920847952,7.4819097639264145,-12.365050136932359,-176.23427661080873
138.5,10622.527332911268,529.8256916607004,1670.721939797588,-1.7140536275541491,10720.01240876584,66804.64223670233,68.26153920847952,7.468402143881929,-12.362558837268196,-176.23294353667714
138.6,10617.550973688252,529.9750999720342,1667.709738007793,-1.7027274619302888,10686.182062440364,66440.86901449821,68.26153920847952,7.4549369934637095,-12.360073187094196,-176.231610575065
138.70000000000002,10612.616422853433,530.124174043135,1664.7070035110908,-1.6914567028281633,10652.47001469954,66079.45692320356,68.26153920847952,7.441514164752679,-12.35759316874098,-176.23027773098613
138.8,10607.723373491317,530.2729149099308,1661.7137032679252,-1.6802413347823457,10618.876094585046,65720.38969944269,68.26153920847952,7.4281335100426675,-12.355118764594243,-176.2289450094141
138.9,10602.871520249173,530.4213236051777,1658.7298042875589,-1.6690813416897814,10585.400126857814,65363.65118136268,68.26153920847952,7.414794881845865,-12.352649957094771,-176.2276124152825
139.0,10598.060559330042,530.569401158427,1655.7552736292662,-1.6579767068173359,10552.041932081564,65009.22530834602,68.26153920847952,7.401498132898145,-12.350186728738414,-176.22627995348492
139.1,10593.290188486222,530.7171485960365,1652.790078403503,-1.6469274128092817,10518.801326704852,64657.09612071426,68.26153920847952,7.388243116164295,-12.347729062076104,-176.22494762887555
139.20000000000002,10588.560107012745,530.8645669411617,1649.8341857730536,-1.6359334416947307,10485.678123142112,64307.247759424194,68.26153920847952,7.375029684843138,-12.345276939713829,-176.22361544626918
139.3,10583.87001574086,531.0116572137786,1646.8875629541546,-1.6249947748950049,10452.67212985369,63959.664465756876,68.26153920847952,7.361857692372566,-12.342830344312627,-176.22228341044146
139.4,10579.219617031049,531.1584204306581,1643.9501772175965,-1.61411139323095,10419.783151425305,63614.33058100108,68.26153920847952,7.34872699243445,-12.340389258588576,-176.22095152612934
139.5,10574.608614766505,531.3048576053793,1641.0219958898037,-1.6032832769301926,10387.010988646087,63271.230546128536,68.26153920847952,7.335637438959475,-12.337953665312764,-176.21961979803106
139.6,10570.03671434708,531.4509697483275,1638.1029863538915,-1.5925104056343369,10354.355438585191,62930.34890146147,68.26153920847952,7.322588886131864,-12.33552354731128,-176.21828823080654
139.70000000000002,10565.503622681834,531.5967578666955,1635.1931160507022,-1.5817927584061067,10321.816294668746,62591.670286337634,68.26153920847952,7.309581188394003,-12.333098887465178,-176.21695682907756
139.8,10561.009048183449,531.7422229644988,1632.29235247982,-1.5711303137364285,10289.393346754105,62255.17943876416,68.26153920847952,7.296614200450984,-12.330679668710468,-176.21562559742802
139.9,10556.552700760774,531.8873660425425,1629.4006632005648,-1.5605230495514606,10257.086381204857,61920.86119507066,68.26153920847952,7.28368777727504,-12.328265874038072,-176.21429454040418
140.0,10552.134291812312,532.0321880984628,1626.5180158329645,-1.5499709432195592,10224.89518096404,61588.700489554,68.26153920847952,7.270801774109896,-12.325857486493796,-176.21296366251494
140.1,10547.753534220159,532.1766901266972,1623.6443780587074,-1.5394739715581953,10192.819525625959,61258.682354116216,68.26153920847952,7.25795604647502,-12.3234544891783,-176.2116329682319
140.20000000000002,10543.41014234256,532.3208731184933,1620.7797176220745,-1.5290321108408094,10160.85919150838,60930.791917901144,68.26153920847952,7.245150450169793,-12.321056865247062,-176.21030246198987
140.3,10539.103832008317,532.4647380619442,1617.9240023308514,-1.5186453368036128,10129.013951722094,60605.01440692074,68.26153920847952,7.232384841277583,-12.318664597910336,-176.2089721481869
140.4,10534.83432050934,532.6082859419244,1615.077200057221,-1.5083136246523339,10097.283576241256,60281.33514368159,68.26153920847952,7.219659076169737,-12.31627767043311,-176.20764203118452
140.5,10530.601326594595,532.7515177401535,1612.2392787386354,-1.4980369490689052,10065.667831971528,59959.739546802644,68.26153920847952,7.206973011509474,-12.31389606613506,-176.20631211530815
140.6,10526.404570463113,532.8944344351789,1609.4102063786709,-1.4878152842181003,10034.166482818224,59640.21313063132,68.26153920847952,7.194326504255708,-12.311519768390514,-176.20498240484707
140.70000000000002,10522.243773758411,533.0370370023544,1606.5899510478607,-1.4776486037541094,10002.779289752227,59322.74150485103,68.26153920847952,7.181719411666768,-12.309148760628394,-176.2036529040549
140.8,10518.118659560103,533.1793264138757,1603.7784808845133,-1.4675368808270668,9971.506010877627,59007.31037409232,68.26153920847952,7.16915159130406,-12.30678302633217,-176.20232361714966
140.9,10514.028952379245,533.321303638772,1600.975764095508,-1.457480088089517,9940.346401495057,58693.905537529645,68.26153920847952,7.156622901035616,-12.304422549039803,-176.2009945483141
141.0,10509.974378150422,533.4629696429006,1598.1817689570755,-1.4474781977028313,9909.300214167155,58382.51288848329,68.26153920847952,7.144133199039582,-12.30206731234369,-176.19966570169586
141.1,10505.95466422569,533.6043253889552,1595.3964638155576,-1.4375311813435678,9878.367198781445,58073.1184140122,68.26153920847952,7.131682343807624,-12.299717299890617,-176.19833708140774
141.20000000000002,10501.96953936899,533.7453718364723,1592.6198170881526,-1.4276390102097773,9847.547102612001,57765.70819450249,68.26153920847952,7.119270194148245,-12.297372495381683,-176.1970086915279
141.3,10498.01873374777,533.8861099418343,1589.85179726364,-1.4178016550272596,9816.839670382757,57460.2684032595,68.26153920847952,7.106896609190033,-12.295032882572254,-176.19568053610013
141.4,10494.10197892785,534.0265406582673,1587.0923729030903,-1.4080190860557595,9786.24464432705,57156.78530608818,68.26153920847952,7.094561448384828,-12.292698445271888,-176.194352619134
141.5,10490.219007865991,534.1666649358592,1584.341512640556,-1.3982912730951158,9755.761764248442,56855.245260876334,68.26153920847952,7.082264571510814,-12.290369167344275,-176.19302494460524
141.6,10486.369554904755,534.3064837215251,1581.5991851837468,-1.3886181854913537,9725.390767578674,56555.63471716905,68.26153920847952,7.070005838675533,-12.288045032707169,-176.1916975164557
141.70000000000002,10482.553355764132,534.4459979590705,1578.8653593146887,-1.378999792142728,9695.131389437658,56257.94021574847,68.26153920847952,7.057785110318832,-12.285726025332321,-176.1903703385938
141.8,10478.770147536881,534.5852085891349,1576.1400038903653,-1.3694360615057086,9664.983362689418,55962.14838820144,68.26153920847952,7.04560224721573,-12.283412129245397,-176.18904341489474
141.9,10475.019668681081,534.7241165492413,1573.423087843344,-1.3599269616009215,9634.946417999694,55668.24595649162,68.26153920847952,7.0334571104792145,-12.281103328525921,-176.18771674920058
142.0,10471.301659014076,534.862722773779,1570.7145801823867,-1.3504724600190308,9605.02028389153,55376.21973252572,68.26153920847952,7.021349561562968,-12.278799607307187,-176.18639034532055
142.1,10467.61585970549,535.0010281940056,1568.0144499930439,-1.3410725239265748,9575.204686800922,55086.05661771983,68.26153920847952,7.009279462264031,-12.276500949776187,-176.18506420703127
142.20000000000002,10463.962013270706,535.139033738062,1565.3226664382335,-1.331727120071747,9545.499351131268,54797.74360256212,68.26153920847952,6.997246674725381,-12.274207340173534,-176.18373833807695
142.3,10460.339863566216,535.2767403309614,1562.6391987588054,-1.3224362147901279,9515.903999305478,54511.26776616916,68.26153920847952,6.985251061438459,-12.271918762793376,-176.18241274216967
142.4,10456.7491557803,535.4141488946276,1559.9640162740895,-1.3131997740103656,9486.418351821334,54226.6162758517,68.26153920847952,6.973292485245616,-12.269635201983323,-176.18108742298944
142.5,10453.189636429772,535.5512603478389,1557.2970883824305,-1.3040177632598067,9457.042127300914,53943.77638666373,68.26153920847952,6.961370809342503,-12.267356642144355,-176.17976238418456
142.6,10449.661053351127,535.6880756063103,1554.638384561707,-1.2948901476700783,9427.775042544092,53662.73544096363,68.26153920847952,6.949485897280397,-12.265083067730739,-176.1784376293718
142.70000000000002,10446.163155694958,535.8245955826288,1551.9878743698364,-1.285816891982616,9398.616812578468,53383.48086796557,68.26153920847952,6.9376376129684445,-12.26281446324994,-176.17711316213664
142.8,10442.695693920366,535.9608211862928,1549.3455274452667,-1.276797960554147,9369.567150708666,53106.000183289725,68.26153920847952,6.925825820675875,-12.260550813262546,-176.17578898603333
142.9,10439.258419787977,536.0967533237244,1546.7113135074526,-1.2678333173621217,9340.625768566035,52830.28098851428,68.26153920847952,6.9140503850341135,-12.258292102382155,-176.17446510458527
143.0,10435.851086353417,536.2323928982507,1544.0852023573193,-1.2589229260100974,9311.79237615732,52556.31097072516,68.26153920847952,6.902311171038863,-12.256038315275303,-176.17314152128523
143.1,10432.473447961267,536.3677408101162,1541.467163877712,-1.2500667497330709,9283.066681912185,52284.07790206347,68.26153920847952,6.890608044052109,-12.25378943666136,-176.17181823959544
143.20000000000002,10429.125260239001,536.5027979565048,1538.8571680338318,-1.241264751402767,9254.44839273009,52013.56963927178,68.26153920847952,6.878940869804067,-12.251545451312442,-176.17049526294778
143.3,10425.806280090474,536.6375652315157,1536.2551848736603,-1.2325168935328759,9225.937214026888,51744.77412324084,68.26153920847952,6.867309514395081,-12.24930634405331,-176.1691725947442
143.4,10422.516265689395,536.772043526191,1533.6611845283678,-1.2238231382842422,9197.532849780719,51477.67937855502,68.26153920847952,6.855713844297449,-12.247072099761276,-176.1678502383567
143.5,10419.254976473749,536.9062337285294,1531.0751372127122,-1.215183447470009,9169.23500257649,51212.273513035216,68.26153920847952,6.8441537263572005,-12.244842703366105,-176.16652819712763
143.6,10416.022173139267,537.0401367234531,1528.4970132254234,-1.2065977825607137,9141.043373650478,50948.544717282966,68.26153920847952,6.832629027795819,-12.24261813984991,-176.16520647436988
143.70000000000002,10412.817617632914,537.1737533928558,1525.926782949576,-1.198066104689338,9112.957662934261,50686.481264224116,68.26153920847952,6.821139616211903,-12.240398394247055,-176.16388507336708
143.8,10409.6410731473,537.3070846155838,1523.3644168529484,-1.1895883746563067,9084.97756909728,50426.0715086498,68.26153920847952,6.80968535958278,-12.238183451644053,-176.16256399737387
143.9,10406.492304113694,537.4401312674432,1520.8098854883729,-1.1811645529344477,9057.102789589871,50167.30388676024,68.26153920847952,6.798266126266055,-12.235973297179461,-176.161243249616
144.0,10403.371076196898,537.5728942212281,1518.2631594940706,-1.172794599673899,9029.333020684184,49910.16691570388,68.26153920847952,6.786881785001121,-12.233767916043774,-176.15992283329055
144.1,10400.27715628827,537.7053743466905,1515.7242095939764,-1.1644784747069756,9001.667957515987,49654.64919312064,68.26153920847952,6.775532204910603,-12.23156729347932,-176.1586027515662
144.20000000000002,10397.21031250013,537.8375725105698,1513.1930065980525,-1.156216137552986,8974.10729412473,49400.73939668177,68.26153920847952,6.764217255501761,-12.229371414780147,-176.15728300758332
144.3,10394.170314158779,537.969489576604,1510.66952140259,-1.1480075474230076,8946.650723494131,49148.426283632674,68.26153920847952,6.75293680666784,-12.227180265291926,-176.15596360445426
144.4,10391.156931800302,538.1011264055179,1508.153724990499,-1.1398526632246146,8919.297937589916,48897.698690329584,68.26153920847952,6.741690728689365,-12.224993830411831,-176.15464454526355
144.5,10388.169937162194,538.2324838550371,1505.6455884315903,-1.1317514435665643,8892.048627400356,48648.54553178571,68.26153920847952,6.730478892235393,-12.222812095588438,-176.153325833068
144.6,10385.209103178699,538.3635627798976,1503.1450828828422,-1.1237038467634357,8864.902482973199,48400.95580120896,68.26153920847952,6.719301168364716,-12.220635046321597,-176.15200747089696
144.70000000000002,10382.274203974754,538.4943640318492,1500.6521795886597,-1.115709830840226,8837.859193453178,48154.91856954322,68.26153920847952,6.708157428527009,-12.218462668162337,-176.1506894617525
144.8,10379.36501485994,538.6248884596564,1498.1668498811225,-1.107769353536904,8810.918447118927,47910.42298500975,68.26153920847952,6.697047544563946,-12.216294946712742,-176.14937180860966
144.9,10376.481312321499,538.7551369091215,1495.6890651802223,-1.0998823723129199,8784.079931420107,47667.45827265105,68.26153920847952,6.6859713887102545,-12.21413186762584,-176.14805451441651
145.0,10373.622874020133,538.8851102230763,1493.21879699409,-1.0920488443516705,8757.34333301173,47426.01373386897,68.26153920847952,6.674928833594733,-12.211973416605481,-176.14673758209454
145.1,10370.789478782099,539.0148092413799,1490.7560169192138,-1.0842687265649242,8730.708337790897,47186.07874597133,68.26153920847952,6.663919752241223,-12.209819579406231,-176.14542101453856
145.20000000000002,10367.980906595476,539.1442348009566,1488.3006966406458,-1.0765419755972008,8704.174630929683,46947.64276171016,68.26153920847952,6.652944018069537,-12.207670341833243,-176.14410481461718
145.3,10365.196938602254,539.2733877357725,1485.8528079322004,-1.0688685478301125,8677.74189691081,46710.69530882931,68.26153920847952,6.642001504896338,-12.205525689742146,-176.14278898517284
145.4,10362.437357093208,539.4022688768583,1483.412322656643,-1.0612483993866597,8651.409819560555,46475.22598960688,68.26153920847952,6.631092086935985,-12.203385609038921,-176.141473529022
145.5,10359.701945502311,539.5308790523065,1480.9792127658682,-1.0536814861354862,8625.17808208154,46241.22448039928,68.26153920847952,6.620215638801334,-12.201250085679785,-176.1401584489554
145.6,10356.990488401148,539.6592190872894,1478.5534503010704,-1.0461677636950952,8599.046367084997,46008.680531186066,68.26153920847952,6.609372035504492,-12.199119105671064,-176.13884374773818
145.70000000000002,10354.30277149193,539.7872898040563,1476.1350073929038,-1.0387071874380225,8573.014356623598,45777.58396511847,68.26153920847952,6.5985611524575365,-12.196992655069076,-176.13752942811004
145.8,10351.638581602369,539.9150920219398,1473.723856261635,-1.0312997124949679,8547.081732222365,45547.924678064905,68.26153920847952,6.587782865473193,-12.194870719980003,-176.13621549278557
145.9,10348.997706680559,540.0426265573786,1471.3199692172852,-1.0239452937588889,8521.248174909046,45319.69263815734,68.26153920847952,6.577037050765479,-12.192753286559777,-176.13490194445416
146.0,10346.37993578799,540.1698942239001,1468.923318659765,-1.0166438858890527,8495.513365245492,45092.877885342634,68.26153920847952,6.566323584950292,-12.190640341013943,-176.1335887857805
146.1,10343.785059094429,540.2968958321574,1466.5338770790006,-1.0093954433150483,8469.876983357068,44867.47053093076,68.26153920847952,6.555642345045986,-12.188531869597542,-176.1322760194045
146.20000000000002,10341.21286787279,540.4236321898949,1464.1516170550508,-1.0021999202407599,8444.338708961614,44643.46075714436,68.26153920847952,6.544993208473887,-12.186427858614984,-176.13096364794163
146.3,10338.663154491689,540.5501041020005,1461.7765112582165,-0.9950572706483012,8418.898221399708,44420.8388166739,68.26153920847952,6.534376053058783,-12.18432829441992,-176.12965167398303
146.4,10336.135712412186,540.676312370482,1459.408532449142,-0.9879674483019083,8393.555199661272,44199.59503222559,68.26153920847952,6.523790757029379,-12.182233163415113,-176.12834010009564
146.5,10333.630336179864,540.8022577944928,1457.0476534789086,-0.9809304067517987,8368.309322415265,43979.71979607985,68.26153920847952,6.5132371990187075,-12.180142452052317,-176.12702892882254
146.6,10331.14682142064,540.9279411703209,1454.6938472891197,-0.973946099337986,8343.160268036087,43761.20356964352,68.26153920847952,6.502715258064519,-12.178056146832143,-176.1257181626829
146.70000000000002,10328.684964834247,541.0533632914169,1452.347086911979,-0.9670144791940632,8318.1077146313,43544.03688300789,68.26153920847952,6.4922248136096234,-12.175974234303926,-176.12440780417228
146.8,10326.244564189576,541.1785249483846,1450.0073454703602,-0.960135499250941,8293.151340067508,43328.21033450439,68.26153920847952,6.481765745502202,-12.173896701065607,-176.12309785576284
146.9,10323.825418318622,541.3034269289908,1447.6745961778706,-0.9533091122405547,8268.290821996865,43113.714590264484,68.26153920847952,6.471337933996094,-12.171823533763591,-176.12178831990343
147.0,10321.427327110432,541.4280700181881,1445.3488123389063,-0.9465352706995313,8243.52583788311,42900.54038378062,68.26153920847952,6.4609412597510385,-12.169754719092623,-176.1204791990198
147.1,10319.050091506448,541.5524549981037,1443.0299673487004,-0.9398139269728184,8218.856065026182,42688.67851546611,68.26153920847952,6.450575603832894,-12.167690243795652,-176.11917049551474
147.20000000000002,10316.69351349445,541.6765826480437,1440.718034693365,-0.9331450332172787,8194.281180587448,42478.11985221918,68.26153920847952,6.440240847713822,-12.165630094663706,-176.11786221176828
147.3,10314.357396103442,541.8004537445426,1438.412987949925,-0.9265285414052478,8169.800861613788,42268.85532698636,68.26153920847952,6.429936873272441,-12.163574258535748,-176.11655435013785
147.4,10312.041543398052,541.9240690612988,1436.1148007863458,-0.9199644033280538,8145.414785061671,42060.87593832868,68.26153920847952,6.419663562793944,-12.16152272229856,-176.1152469129584
147.5,10309.745760472957,542.047429369265,1433.8234469615545,-0.9134525705995047,8121.1226278208005,41854.17274998914,68.26153920847952,6.409420798970202,-12.15947547288659,-176.11393990254268
147.6,10307.46985344775,542.1705354365741,1431.5389003254545,-0.9069929946593369,8096.924066737023,41648.73689046089,68.26153920847952,6.399208464899818,-12.157432497281835,-176.11263332118122
147.70000000000002,10305.21362946136,542.2933880286096,1429.2611348189332,-0.9005856267766306,8072.818778635196,41444.55955255793,68.26153920847952,6.389026444088168,-12.155393782513693,-176.11132717114268
147.8,10302.97689666599,542.4159879079863,1426.9901244738633,-0.8942304180531886,8048.806440341993,41241.63199298817,68.26153920847952,6.378874620447406,-12.15335931565884,-176.11002145467393
147.9,10300.75946422387,542.5383358345625,1424.7258434130983,-0.8879273194268811,8024.886728706303,41039.94553192304,68.26153920847952,6.368752878296439,-12.151329083841087,-176.10871617400016
148.0,10298.561142299324,542.6604325654432,1422.4682658504623,-0.8816762816749569,8001.059320622655,40839.49155257744,68.26153920847952,6.358661102360886,-12.149303074231245,-176.10741133132515
148.1,10296.381742055062,542.782278854994,1420.2173660907324,-0.8754772554173194,7977.323893051199,40640.26150078341,68.26153920847952,6.3485991777729955,-12.147281274046994,-176.10610692883137
148.20000000000002,10294.221075647045,542.9038754548486,1417.9731185296168,-0.8693301911197681,7953.680123038365,40442.24688456828,68.26153920847952,6.338566990071548,-12.14526367055274,-176.10480296868008
148.3,10292.07895621797,543.0252231139086,1415.735497653726,-0.8632350390972089,7930.127687738147,40245.43927373713,68.26153920847952,6.328564425201725,-12.143250251059484,-176.10349945301164
148.4,10289.955197893549,543.1463225783666,1413.5044780405387,-0.8571917495168282,7906.666264431033,40049.83029945169,68.26153920847952,6.318591369514962,-12.141241002924685,-176.10219638394548
148.5,10287.84961577598,543.2671745916916,1411.2800343583624,-0.8512002724012362,7883.29553054459,39855.411653816365,68.26153920847952,6.308647709768764,-12.139235913552115,-176.10089376358044
148.6,10285.7620259393,543.387779894667,1409.0621413662877,-0.8452605576315759,7860.015163672363,39662.175089462435,68.26153920847952,6.298733333126507,-12.137234970391727,-176.0995915939948
148.70000000000002,10283.692245424725,543.5081392253688,1406.8507739141382,-0.8393725549505993,7836.824841592427,39470.112419134224,68.26153920847952,6.288848127157211,-12.135238160939519,-176.0982898772464
148.8,10281.640092234593,543.6282533191976,1404.6459069424145,-0.8335362139657135,7813.724242286626,39279.215515279575,68.26153920847952,6.278991979835285,-12.133245472737395,-176.096988615373
148.9,10279.605385328177,543.7481229088656,1402.4475154822335,-0.8277514841519922,7790.713043958136,39089.47630963885,68.26153920847952,6.269164779540267,-12.131256893373017,-176.09568781039215
149.0,10277.587944615632,543.8677487244131,1400.2555746552616,-0.8220183148551574,7767.790925050015,38900.886792839025,68.26153920847952,6.259366415056511,-12.129272410479684,-176.09438746430163
149.1,10275.5875909538,543.9871314932282,1398.0700596736447,-0.8163366552945283,7744.957564262133,38713.43901398652,68.26153920847952,6.249596775572882,-12.127292011736175,-176.0930875790793
149.20000000000002,10273.604146140162,544.1062719400317,1395.8909458399312,-0.8107064545659395,7722.212640569084,38527.1250802651,68.26153920847952,6.23985575068241,-12.12531568486662,-176.0917881566835
149.3,10271.63743290864,544.2251707869119,1393.7182085469922,-0.8051276616446272,7699.555833236483,38341.9371565324,68.26153920847952,6.230143230381931,-12.12334341764036,-176.09048919905308
149.4,10269.687274924945,544.3438287533118,1391.5518232779352,-0.7996002253880871,7676.986821837274,38157.8674649193,68.26153920847952,6.220459105071703,-12.1213751978718,-176.08919070810754
149.5,10267.753496780526,544.4622465560345,1389.3917656060146,-0.7941240945388992,7654.5052862687235,37974.90828443356,68.26153920847952,6.210803265555005,-12.11941101342028,-176.08789268574722
149.6,10265.83592398744,544.580424909281,1387.238011194537,-0.7886992177275246,7632.110906768446,37793.05195056388,68.26153920847952,6.201175603037709,-12.117450852189924,-176.08659513385345
149.70000000000002,10263.934382975567,544.6983645246145,1385.090535796762,-0.7833255434750692,7609.803363928536,37612.29085488185,68.26153920847952,6.191576009127844,-12.115494702129508,-176.08529805428864
149.8,10262.048701084685,544.8160661110105,1382.949315255799,-0.7780030201960221,7587.582338712939,37432.61744465467,68.26153920847952,6.182004375835129,-12.11354255123232,-176.08400144889646
149.9,10260.178706562147,544.9335303748402,1380.8143255045,-0.7727315962009591,7565.447512470687,37254.02422245034,68.26153920847952,6.172460595570492,-12.111594387536005,-176.08270531950197
150.0,10258.324228556361,545.0507580198766,1378.6855425653466,-0.7675112196992236,7543.39856695174,37076.50374575199,68.26153920847952,6.1629445611455695,-12.109650199122449,-176.08140966791183
150.1,10256.4850971126,545.1677497473248,1376.5629425503357,-0.762341838801572,7521.435184320939,36900.04862657016,68.26153920847952,6.153456165772191,-12.107709974117613,-176.08011449591424
150.20000000000002,10254.661143168341,545.2845062558051,1374.4465016608583,-0.7572234015227939,7499.557047172006,36724.65153105807,68.26153920847952,6.143995303061837,-12.105773700691406,-176.0788198052794
150.3,10252.852198548615,545.401028241374,1372.336196187576,-0.7521558557843039,7477.763838541286,36550.305179128685,68.26153920847952,6.134561867025091,-12.103841367057548,-176.07752559775932
150.4,10251.058095959947,545.5173163975387,1370.2320025102938,-0.7471391494167045,7456.055241922154,36377.00234407637,68.26153920847952,6.125155752071066,-12.101912961473412,-176.07623187508815
150.5,10249.278668987099,545.6333714152423,1368.1338970978284,-0.7421732301623192,7434.430941277276,36204.73585219575,68.26153920847952,6.115776853006815,-12.0999884722399,-176.0749386389823
150.6,10247.513752087485,545.7491939828944,1366.0418565078726,-0.7372580456777018,7412.890621052179,36033.49858240658,68.26153920847952,6.106425065036727,-12.098067887701296,-176.07364589114053
150.70000000000002,10245.763180586975,545.8647847863729,1363.955857386857,-0.7323935435361142,7391.433966187629,35863.28346587833,68.26153920847952,6.097100283761907,-12.096151196245112,-176.0723536332441
150.8,10244.026790675242,545.9801445090264,1361.8758764698077,-0.7275796712299792,7370.060662132073,35694.08348565759,68.26153920847952,6.087802405179542,-12.094238386301969,-176.07106186695688
150.9,10242.30441940017,546.095273831697,1359.8018905802005,-0.7228163761733064,7348.77039485444,35525.89167629905,68.26153920847952,6.078531325682243,-12.09232944634544,-176.06977059392557
151.0,10240.59590466367,546.2101734326943,1357.7338766298117,-0.7181036057040893,7327.562850855793,35358.701123496256,68.26153920847952,6.069286942057384,-12.090424364891915,-176.06847981577968
151.1,10238.901085218415,546.3248439878515,1355.6718116185655,-0.7134413070866766,7306.4377171800925,35192.50496371304,68.26153920847952,6.060069151486417,-12.088523130500452,-176.0671895341319
151.20000000000002,10237.219800660852,546.4392861704991,1353.6156726343781,-0.7088294275141199,7285.39468142721,35027.29638382281,68.26153920847952,6.050877851544173,-12.086625731772644,-176.06589975057793
151.3,10235.551891428884,546.5535006514802,1351.5654368529997,-0.7042679141104905,7264.433431762637,34863.06862074269,68.26153920847952,6.041712940198159,-12.084732157352477,-176.06461046669685
151.4,10233.897198795341,546.6674880991584,1349.5210815378514,-0.6997567139331746,7243.553656929703,34699.814961076285,68.26153920847952,6.032574315807823,-12.082842395926178,-176.06332168405117
151.5,10232.25556486519,546.7812491794604,1347.4825840398607,-0.6952957739751394,7222.755046259143,34537.52874075263,68.26153920847952,6.023461877123826,-12.080956436222088,-176.0620334041869
151.6,10230.62683256995,546.8947845558083,1345.4499217972939,-0.6908850411671767,7202.037289680254,34376.203344671696,68.26153920847952,6.014375523287284,-12.079074267010512,-176.06074562863378
151.70000000000002,10229.010845663492,547.0080948891892,1343.4230723355838,-0.6865244623801191,7181.400077730938,34215.832206349674,68.26153920847952,6.005315153829006,-12.077195877103572,-176.05945835890532
151.8,10227.407448717393,547.1211808381665,1341.4020132671574,-0.6822139844270323,7160.843101567805,34056.408807567226,68.26153920847952,5.9962806686687165,-12.075321255355082,-176.058171596499
151.9,10225.81648711674,547.2340430588431,1339.3867222912586,-0.6779535540653816,7140.366052975797,33897.92667801898,68.26153920847952,5.987271968114261,-12.07345039066039,-176.0568853428963
152.0,10224.237807056401,547.3466822048952,1337.377177193769,-0.6737431179991754,7119.968624377268,33740.3793949644,68.26153920847952,5.978288952860819,-12.07158327195625,-176.05559959956292
152.1,10222.671255534515,547.459098927605,1335.3733558470265,-0.6695826228810839,7099.650508842686,33583.7605828852,68.26153920847952,5.969331523990072,-12.069719888220666,-176.05431436794888
152.20000000000002,10221.11668035062,547.5712938758146,1333.3752362096398,-0.6654720153145314,7079.411400098112,33428.06391313743,68.26153920847952,5.960399582969391,-12.067860228472767,-176.0530296494886
152.3,10219.573930100072,547.6832676959779,1331.3827963263022,-0.6614112418557684,7059.25099253489,33273.28310361163,68.26153920847952,5.951493031650992,-12.066004281772653,-176.051745445601
152.4,10218.042854168918,547.7950210321558,1329.3960143276022,-0.6574002490159181,7039.168981218838,33119.41191839419,68.26153920847952,5.942611772271101,-12.06415203722126,-176.0504617576898
152.5,10216.52330273157,547.9065545260103,1327.414868429831,-0.6534389832629975,7019.165061897443,32966.44416742658,68.26153920847952,5.933755707449078,-12.062303483960221,-176.04917858714333
152.6,10215.015126745217,548.0178688168396,1325.4393369347883,-0.6495273910239199,6999.238931008971,32814.37370617166,68.26153920847952,5.9249247401865635,-12.060458611171716,-176.04789593533502
152.70000000000002,10213.518177945167,548.1289645415667,1323.4693982295867,-0.64566541868647,6979.390285690774,32663.1944352806,68.26153920847952,5.916118773866594,-12.058617408078343,-176.04661380362316
152.8,10212.03230884159,548.2398423347436,1321.5050307864515,-0.6418530126012577,6959.618823786537,32512.900300259782,68.26153920847952,5.907337712252711,-12.056779863942964,-176.04533219335127
152.9,10210.557372714859,548.3505028285783,1319.5462131625209,-0.6380901190836501,6939.9242438542215,32363.485291141966,68.26153920847952,5.898581459488066,-12.054945968068578,-176.04405110584813
153.0,10209.093223611824,548.4609466529375,1317.592923999642,-0.6343766844156792,6920.306245173248,32214.943442158023,68.26153920847952,5.889849920094509,-12.053115709798174,-176.04277054242786
153.1,10207.639716340695,548.5711744353289,1315.6451420241665,-0.6307126548479304,6900.764527752382,32067.26883141291,68.26153920847952,5.881142998971674,-12.051289078514591,-176.04149050439008
153.20000000000002,10206.196706467774,548.6811868009636,1313.7028460467432,-0.6270979766014045,6881.298792336275,31920.45558056091,68.26153920847952,5.872460601396053,-12.049466063640377,-176.04021099302005
153.3,10204.764050312806,548.7909843726968,1311.7660149621083,-0.6235325958693625,6861.908740412704,31774.497854485002,68.26153920847952,5.863802633020056,-12.047646654637646,-176.03893200958868
153.4,10203.341604944784,548.9005677710941,1309.8346277488754,-0.6200164588191457,6842.594074219362,31629.38986097762,68.26153920847952,5.855168999871071,-12.04583084100795,-176.03765355535276
153.5,10201.929228178691,549.0099376144029,1307.9086634693213,-0.6165495115939745,6823.354496749888,31485.125850422097,68.26153920847952,5.846559608350513,-12.044018612292126,-176.03637563155502
153.60000000000002,10200.526778570376,549.1190945185783,1305.9881012691726,-0.6131317003147284,6804.1897117609315,31341.700115478965,68.26153920847952,5.837974365232861,-12.042209958070162,-176.03509823942423
153.70000000000002,10199.134115412831,549.228039097286,1304.072920377388,-0.609762971081702,6785.099423778123,31199.106990772078,68.26153920847952,5.829413177664692,-12.040404867961062,-176.03382138017534
153.8,10197.75109873293,549.3367719619123,1302.1631001059409,-0.6064432699763411,6766.083338101672,31057.340852576337,68.26153920847952,5.820875953163697,-12.038603331622694,-176.0325450550096
153.9,10196.377589286305,549.4452937215683,1300.258619849599,-0.6031725430629603,6747.141160812915,30916.396118510012,68.26153920847952,5.812362599617716,-12.036805338751668,-176.0312692651145
154.0,10195.013448554091,549.5536049831005,1298.359459085703,-0.5999507363904368,6728.272598779575,30776.26724722644,68.26153920847952,5.803873025283727,-12.035010879083185,-176.0299940116642
154.10000000000002,10193.658538738266,549.6617063510956,1296.4655973739436,-0.5967777959938857,6709.47735966173,30636.948738109728,68.26153920847952,5.795407138786862,-12.033219942390897,-176.0287192958194
154.20000000000002,10192.312722758856,549.7695984278914,1294.5770143561365,-0.5936536678963149,6690.755151916504,30498.435130969992,68.26153920847952,5.7869648491193955,-12.031432518486781,-176.02744511872748
154.3,10190.975864248816,549.8772818135892,1292.6936897559967,-0.5905782981102599,6672.105684804019,30360.721005743653,68.26153920847952,5.7785460656397385,-12.02964859722099,-176.02617148152262
154.4,10189.647827550769,549.9847571060621,1290.8156033789105,-0.5875516326394,6653.528668392075,30223.80098219333,68.26153920847952,5.770150698071416,-12.027868168481717,-176.02489838532597
154.5,10188.32847771328,550.0920249009397,1288.942735111707,-0.5845736174801529,6635.023813560987,30087.669719610323,68.26153920847952,5.761778656502045,-12.02609122219506,-176.02362583124568
154.60000000000002,10187.017680486199,550.1990857916549,1287.0750649224271,-0.5816441986232518,6616.590832008823,29952.321916520377,68.26153920847952,5.753429851382309,-12.02431774832488,-176.02235382037696
154.70000000000002,10185.715302317403,550.3059403694151,1285.2125728600931,-0.5787633220553022,6598.22943625569,29817.752310389573,68.26153920847952,5.745104193524916,-12.022547736872665,-176.02108235380234
154.8,10184.421210349072,550.4125892232404,1283.3552390544742,-0.57593093376032,6579.939339648139,29683.955677332706,68.26153920847952,5.736801594103556,-12.020781177877401,-176.01981143259167
154.9,10183.135272413492,550.5190329399499,1281.5030437158532,-0.5731469797212514,6561.72025636375,29550.926831824498,68.26153920847952,5.728521964651865,-12.019018061415421,-176.01854105780214
155.0,10181.857357029803,550.6252721041727,1279.6559671347914,-0.5704114059214728,6543.571901415006,29418.660626411314,68.26153920847952,5.720265217062358,-12.017258377600278,-176.01727123047854
155.10000000000002,10180.587333400268,550.7313072983776,1277.8139896818914,-0.5677241583462739,6525.493990653338,29287.15195142567,68.26153920847952,5.712031263585381,-12.01550211658261,-176.01600195165335
155.20000000000002,10179.325071405154,550.8371391028452,1275.9770918075603,-0.5650851829843216,6507.486240773859,29156.395734704394,68.26153920847952,5.7038200168280495,-12.013749268549992,-176.01473322234665
155.3,10178.070441600867,550.9427680957045,1274.1452540417704,-0.5624944258291059,6489.548369318054,29026.386941304478,68.26153920847952,5.695631389753173,-12.011999823726814,-176.01346504356644
155.4,10176.823315215297,551.0481948529347,1272.3184569938194,-0.5599518328803669,6471.680094677992,28897.12057322463,68.26153920847952,5.6874652956781935,-12.010253772374133,-176.01219741630865
155.5,10175.583564143628,551.1534199483484,1270.49668135209,-0.5574573501455063,6453.881136100161,28768.591669128036,68.26153920847952,5.679321648274098,-12.008511104789552,-176.0109303415572
155.60000000000002,10174.351060946472,551.2584439536471,1268.679907883808,-0.555010923640978,6436.151213687806,28640.795304064104,68.26153920847952,5.671200361564345,-12.006771811307068,-176.00966382028415
155.70000000000002,10173.12567884475,551.3632674383947,1266.8681174348,-0.5526124993936657,6418.490048405077,28513.72658919639,68.26153920847952,5.663101349923781,-12.005035882296953,-176.00839785344976
155.8,10171.907291715965,551.4678909700156,1265.0612909292495,-0.5502620234422393,6400.897362080225,28387.38067153052,68.26153920847952,5.655024528077544,-12.003303308165608,-176.00713244200261
155.9,10170.695774090942,551.572315113839,1263.2594093694522,-0.5479594418384954,6383.372877408438,28261.75273364349,68.26153920847952,5.64696981109998,-12.001574079355429,-176.00586758687976
156.0,10169.491001151036,551.6765404330787,1261.4624538355715,-0.545704700648681,6365.916317954293,28136.83799341428,68.26153920847952,5.6389371144135385,-11.99984818634468,-176.0046032890066
156.10000000000002,10168.29284872394,551.7805674888507,1259.6704054853922,-0.5434977459548016,6348.52740815491,28012.631703758158,68.26153920847952,5.630926353787676,-11.99812561964736,-176.00333954929732
156.20000000000002,10167.101193279494,551.8843968401839,1257.8832455540735,-0.5413385238559109,6331.205873323006,27889.12915236281,68.26153920847952,5.622937445337754,-11.996406369813055,-176.00207636865466
156.3,10165.915911926888,551.9880290440171,1256.1009553539016,-0.5392269804693842,6313.951439649026,27766.325661424606,68.26153920847952,5.614970305523929,-11.994690427426825,-176.00081374797017
156.4,10164.73688241141,552.0914646552154,1254.3235162740414,-0.5371630619321766,6296.763834203461,27644.21658738731,68.26153920847952,5.6070248511500465,-11.992977783109053,-175.9995516881243
156.5,10163.563983110711,552.1947042265867,1252.550909780288,-0.5351467144020642,6279.64278493933,27522.79732068332,68.26153920847952,5.599100999362523,-11.991268427515324,-175.99829018998648
156.60000000000002,10162.397093030624,552.2977483088515,1250.7831174148168,-0.5331778840588703,6262.588020694824,27402.063285477176,68.26153920847952,5.591198667649237,-11.989562351336287,-175.9970292544151
156.70000000000002,10161.236091802828,552.4005974507096,1249.0201207959335,-0.5312565171056739,6245.599271194792,27282.00993940876,68.26153920847952,5.583317773838403,-11.987859545297528,-175.9957688822578
156.8,10160.08085968066,552.5032521987994,1247.2619016178232,-0.529382559770004,6228.6762670532025,27162.632773340505,68.26153920847952,5.575458236097459,-11.98616000015943,-175.99450907435136
156.9,10158.931277535856,552.6057130977184,1245.5084416502996,-0.5275559583050183,6211.818739774974,27043.92731110538,68.26153920847952,5.5676199729319364,-11.984463706717047,-175.99324983152192
157.0,10157.787226855755,552.7079806900406,1243.7597227385525,-0.5257766589906661,6195.026421757464,26925.889109256026,68.26153920847952,5.559802903184337,-11.982770655799978,-175.99199115458504
157.10000000000002,10156.648589739576,552.8100555163203,1242.015726802896,-0.5240446081348359,6178.299046292389,26808.513756816938,68.26153920847952,5.552006946033003,-11.981080838272222,-175.99073304434575
157.20000000000002,10155.515248894226,552.9119381150888,1240.2764358385161,-0.5223597520744888,6161.636347567914,26691.79687503895,68.26153920847952,5.544232020990989,-11.979394245032061,-175.98947550159866
157.3,10154.38708763197,553.0136290228771,1238.541831915217,-0.5207220371767755,6145.038060669624,26575.73411715327,68.26153920847952,5.536478047904937,-11.977710867011925,-175.98821852712808
157.4,10153.263989867177,553.1151287742191,1236.8118971771676,-0.5191314098401393,6128.503921581923,26460.321168128383,68.26153920847952,5.528744946953925,-11.976030695178258,-175.986962121708
157.5,10152.14584011212,553.2164379016439,1235.0866138426475,-0.5175878164954054,6112.033667189869,26345.553744429893,68.26153920847952,5.521032638648345,-11.974353720531395,-175.98570628610227
157.60000000000002,10151.032523474656,553.317556935717,1233.365964203793,-0.5160912036068532,6095.627035279908,26231.427593779885,68.26153920847952,5.5133410438287695,-11.972679934105429,-175.98445102106473
157.70000000000002,10149.923925654497,553.4184864050009,1231.6499306263422,-0.5146415176732777,6079.283764541284,26117.938494919686,68.26153920847952,5.505670083664798,-11.971009326968083,-175.98319632733907
157.8,10148.819932940416,553.5192268361135,1229.93849554938,-0.5132387052290325,6063.00359456687,26005.082257373288,68.26153920847952,5.49801967965393,-11.96934189022058,-175.98194220565924
157.9,10147.720432206057,553.6197787536937,1228.2316414850827,-0.5118827128450635,6046.786265854694,25892.854721214153,68.26153920847952,5.490389753620417,-11.967677614997518,-175.98068865674918
158.0,10146.625310907606,553.7201426804354,1226.529351018463,-0.5105734871299246,6030.631519808352,25781.25175683152,68.26153920847952,5.482780227714123,-11.966016492466737,-175.97943568132322
158.10000000000002,10145.534457080532,553.8203191370818,1224.8316068071142,-0.5093109747307815,6014.539098737878,25670.26926469955,68.26153920847952,5.475191024409381,-11.9643585138292,-175.97818328008597
158.20000000000002,10144.44775933586,553.9203086424357,1223.1383915809536,-0.5080951223344017,5998.508745860779,25559.90317514876,68.26153920847952,5.467622066503848,-11.962703670318854,-175.97693145373242
158.3,10143.365106857847,554.0201117133723,1221.4496881419668,-0.5069258766681308,5982.540205302252,25450.1494481374,68.26153920847952,5.46007327711736,-11.961051953202512,-175.975680202948
158.4,10142.286389399786,554.119728864831,1219.7654793639515,-0.505803184500855,5966.633222096331,25341.004073026797,68.26153920847952,5.452544579690784,-11.959403353779726,-175.97442952840888
158.5,10141.211497282144,554.2191606098472,1218.0857481922606,-0.5047269926439508,5950.7875421857225,25232.463068355657,68.26153920847952,5.445035897984875,-11.957757863382652,-175.9731794307817
158.60000000000002,10140.140321388375,554.318407459534,1216.410477643546,-0.5036972479522217,5935.002912422817,25124.522481618726,68.26153920847952,5.437547156079124,-11.956115473375936,-175.97192991072387
158.70000000000002,10139.072753162589,554.4174699231119,1214.7396508055024,-0.5027138973248225,5919.27908056964,25017.17838904492,68.26153920847952,5.43007827837062,-11.954476175156582,-175.97068096888367
158.8,10138.008684605826,554.5163485078997,1213.073250836609,-0.5017768877061685,5903.6157952984895,24910.426895378754,68.26153920847952,5.422629189572888,-11.952839960153826,-175.96943260590012
158.9,10136.948008273728,554.6150437193282,1211.4112609658744,-0.500886166086834,5888.012806191751,24804.264133661793,68.26153920847952,5.415199814714753,-11.951206819829013,-175.96818482240334
159.0,10135.890617272817,554.7135560609474,1209.753664492578,-0.5000416795044377,5872.4698637424235,24698.686265017324,68.26153920847952,5.4077900791391835,-11.949576745675474,-175.96693761901437
159.10000000000002,10134.83640525816,554.8118860344349,1208.100444786015,-0.49924337504451494,5856.986719353811,24593.689478435124,68.26153920847952,5.400399908502147,-11.947949729218399,-175.96569099634542
159.20000000000002,10133.785266429652,554.9100341396031,1206.451585285238,-0.4984911998413798,5841.5631253399215,24489.26999055929,68.26153920847952,5.3930292287714625,-11.946325762014714,-175.96444495499983
159.3,10132.73709552968,555.0080008744037,1204.8070694988003,-0.49778510107897067,5826.19883492505,24385.42404547619,68.26153920847952,5.385677966225646,-11.944704835652958,-175.96319949557218
159.4,10131.691787840333,555.1057867349228,1203.1668810044998,-0.49712502599168823,5810.89360224358,24282.147914504618,68.26153920847952,5.3783460474527685,-11.943086941753162,-175.96195461864843
159.5,10130.649239179213,555.2033922154261,1201.5310034491217,-0.4965109218652196,5795.647182340422,24179.437895988827,68.26153920847952,5.371033399349304,-11.941472071966722,-175.96071032480594
159.60000000000002,10129.609345898032,555.3008178083236,1199.8994205481815,-0.4959427360373496,5780.459331169967,24077.2903150903,68.26153920847952,5.363739949118984,-11.939860217976277,-175.95946661461346
159.70000000000002,10128.572004878428,555.3980640041971,1198.272116085669,-0.49542041589876223,5765.329805596446,23975.701523584044,68.26153920847952,5.356465624271648,-11.938251371495591,-175.95822348863135
159.8,10127.537113530096,555.4951312918156,1196.6490739137912,-0.4949439088938283,5750.258363392996,23874.667899653872,68.26153920847952,5.349210352622098,-11.93664552426943,-175.95698094741158
159.9,10126.504569787066,555.5920201581085,1195.0302779527162,-0.4945131625213841,5735.244763241678,23774.185847691304,68.26153920847952,5.341974062288953,-11.93504266807344,-175.95573899149775
160.0,10125.474272105843,555.6887310882214,1193.4157121903165,-0.494128124335496,5720.288764732452,23674.25179809397,68.26153920847952,5.334756681693499,-11.933442794714022,-175.95449762142528
160.10000000000002,10124.446119461674,555.785264565478,1191.8053606819135,-0.49378874194621597,5705.390128363097,23574.86220706758,68.26153920847952,5.327558139558548,-11.93184589602822,-175.95325683772137
160.20000000000002,10123.420011345763,555.881621071415,1190.1992075500211,-0.4934949630203259,5690.548615538571,23476.013556428323,68.26153920847952,5.320378364907293,-11.930251963883592,-175.95201664090516
160.3,10122.39584776247,555.9778010857794,1188.5972369840897,-0.49324673528206775,5675.763988570339,23377.702353406836,68.26153920847952,5.313217287062162,-11.928660990178097,-175.95077703148766
160.4,10121.373529227916,556.0738050865373,1186.9994332402512,-0.4930440065138663,5661.036010674943,23279.92513045221,68.26153920847952,5.306074835643677,-11.92707296683997,-175.949538009972
160.5,10120.352956764866,556.1696335498773,1185.4057806410633,-0.49288672455704063,5646.364445974436,23182.678445041365,68.26153920847952,5.298950940569315,-11.925487885827614,-175.94829957685337
160.60000000000002,10119.334031901788,556.2652869502188,1183.8162635752544,-0.4927748373125027,5631.749059494619,23085.958879485515,68.26153920847952,5.2918455320523625,-11.923905739129461,-175.94706173261912
160.70000000000002,10118.316656669136,556.3607657602228,1182.2308664974687,-0.4927082927414474,5617.189617164666,22989.76304074103,68.26153920847952,5.284758540600777,-11.922326518763876,-175.94582447774886
160.8,10117.300733597483,556.4560704507943,1180.6495739280115,-0.49268703886603105,5602.685885815767,22894.087560219818,68.26153920847952,5.277689897016051,-11.920750216779023,-175.94458781271445
160.9,10116.286165713798,556.5512014910979,1179.072370452595,-0.4927110237700404,5588.23763318067,22798.929093603077,68.26153920847952,5.270639532392075,-11.919176825252755,-175.9433517379801
161.0,10115.272856539115,556.6461593485496,1177.499240722084,-0.49278019559955055,5573.844627892476,22704.284320655086,68.26153920847952,5.2636073781139965,-11.917606336292495,-175.94211625400254
161.10000000000002,10114.260710086208,556.7409444888382,1175.9301694522428,-0.4928945025635725,5559.5066394833875,22610.14994503832,68.26153920847952,5.256593365857093,-11.916038742035122,-175.94088136123094
161.20000000000002,10113.249630856793,556.835557375912,1174.3651414234803,-0.4930538929346908,5545.2234383836685,22516.522694130574,68.26153920847952,5.249597427585629,-11.914474034646844,-175.93964706010698
161.3,10112.239523838274,556.9299984720186,1172.8041414805984,-0.49325831504969314,5530.994795920805,22423.39931884398,68.26153920847952,5.242619495551736,-11.912912206323094,-175.93841335106504
161.4,10111.230294501875,557.0242682376826,1171.2471545325384,-0.4935077173101862,5516.820484317896,22330.776593443865,68.26153920847952,5.235659502294273,-11.911353249288416,-175.93718023453212
161.5,10110.221848800313,557.1183671317149,1169.6941655521284,-0.49380204818320544,5502.700276692288,22238.651315369643,68.26153920847952,5.2287173806377005,-11.909797155796333,-175.935947710928
161.60000000000002,10109.21409316361,557.2122956112414,1168.1451595758317,-0.49414125620181404,5488.633947055067,22147.020305058864,68.26153920847952,5.2217930636909555,-11.908243918129253,-175.93471578066524
161.70000000000002,10108.206934498157,557.3060541316827,1166.600121703495,-0.4945252899656904,5474.621270308925,22055.880405769425,68.26153920847952,5.214886484846326,-11.906693528598336,-175.93348444414934
161.8,10107.200280182995,557.3996431467842,1165.0590370980965,-0.49495409814170893,5460.66202224735,21965.228483405874,68.26153920847952,5.20799757777832,-11.90514597954339,-175.93225370177865
161.9,10106.194038067944,557.4930631085964,1163.5218909854957,-0.49542762946451,5446.7559795528805,21875.06142634526,68.26153920847952,5.201126276442556,-11.903601263332757,-175.93102355394453
162.0,10105.188116471283,557.5863144675114,1161.9886686541822,-0.49594583273706044,5432.902919795568,21785.376145264778,68.26153920847952,5.194272515074633,-11.902059372363196,-175.92979400103144
162.10000000000002,10104.182424176019,557.6793976722436,1160.459355455026,-0.4965086568312067,5419.102621432068,21696.16957297217,68.26153920847952,5.187436228189015,-11.900520299059771,-175.9285650434169
162.20000000000002,10103.176870428957,557.7723131698547,1158.933936801028,-0.4971160506882156,5405.354863803366,21607.438664234654,68.26153920847952,5.180617350577918,-11.898984035875744,-175.92733668147164
162.3,10102.171364936512,557.8650614057452,1157.4123981670698,-0.4977679633193102,5391.659427134033,21519.180395612348,68.26153920847952,5.173815817310189,-11.897450575292448,-175.92610891555958
162.4,10101.165817863774,557.9576428236805,1155.8947250896658,-0.4984643438061924,5378.016092529886,21431.391765289925,68.26153920847952,5.167031563730198,-11.895919909819193,-175.92488174603798
162.5,10100.160139830783,558.0500578657744,1154.3809031667147,-0.49920514130156113,5364.424641976987,21344.06979291218,68.26153920847952,5.160264525456732,-11.894392031993144,-175.9236551732574
162.60000000000002,10099.154241911136,558.1423069725059,1152.8709180572512,-0.4999903050296181,5350.884858339454,21257.21151941866,68.26153920847952,5.153514638381876,-11.89286693437921,-175.92242919756188
162.70000000000002,10098.148035628721,558.2343905827477,1151.364755481199,-0.5008197842865671,5337.396525358183,21170.814006881432,68.26153920847952,5.146781838669915,-11.891344609569938,-175.9212038192888
162.8,10097.141432955861,558.3263091337125,1149.8624012191233,-0.5016935284411048,5323.959427648845,21084.874338342706,68.26153920847952,5.140066062756228,-11.889825050185397,-175.91997903876918
162.9,10096.134346310515,558.4180630610373,1148.3638411119853,-0.5026114869349015,5310.573350700328,20999.389617654684,68.26153920847952,5.133367247346185,-11.888308248873075,-175.91875485632755
163.0,10095.126688553486,558.5096527987233,1146.869061060895,-0.5035736092830758,5297.238080873124,20914.356969320557,68.26153920847952,5.126685329414048,-11.88679419830776,-175.91753127228216
163.10000000000002,10094.11837298749,558.6010787791889,1145.3780470268673,-0.5045798450746576,5283.953405396845,20829.77353833515,68.26153920847952,5.120020246201874,-11.885282891191439,-175.9163082869448
163.20000000000002,10093.109313352965,558.6923414332498,1143.8907850305757,-0.5056301439730484,5270.719112369232,20745.636490029727,68.26153920847952,5.113371935218424,-11.883774320253186,-175.9150859006211
163.3,10092.099423827138,558.7834411901234,1142.4072611521083,-0.5067244557164667,5257.534990753609,20661.943009915034,68.26153920847952,5.106740334238061,-11.882268478249054,-175.91386411361054
163.4,10091.088619020768,558.8743784774616,1140.9274615307247,-0.5078627301183914,5244.400830377429,20578.690303527743,68.26153920847952,5.100125381299669,-11.880765357961963,-175.91264292620633
163.5,10090.07681397628,558.9651537213183,1139.4513723646116,-0.5090449170679939,5231.316421930113,20495.87559627679,68.26153920847952,5.09352701470556,-11.879264952201602,-175.9114223386957
163.60000000000002,10089.063924165443,559.0557673462033,1137.978979910641,-0.5102709665305634,5218.281556961118,20413.496133291374,68.26153920847952,5.086945173020393,-11.87776725380431,-175.91020235135971
163.70000000000002,10088.049865487032,559.1462197750382,1136.5102704841274,-0.511540828547924,5205.296027877964,20331.5491792701,68.26153920847952,5.080379795070086,-11.876272255632975,-175.90898296447358
163.8,10087.034554264043,559.2365114292023,1135.045230458586,-0.5128544532388462,5192.359627944467,20250.032018331796,68.26153920847952,5.073830819940737,-11.874779950576931,-175.9077641783065
163.9,10086.017907241825,559.326642728513,1133.5838462654922,-0.514211790799446,5179.472151278524,20168.941953866615,68.26153920847952,5.067298186977552,-11.873290331551843,-175.90654599312185
164.0,10084.999841586221,559.4166140912573,1132.126104394041,-0.5156127915035821,5166.6333928498725,20088.276308388333,68.26153920847952,5.060781835783763,-11.87180339149961,-175.90532840917706
164.10000000000002,10083.98027488077,559.5064259341577,1130.671991390907,-0.5170574057032428,5153.843148478269,20008.032423388646,68.26153920847952,5.054281706219559,-11.870319123388253,-175.90411142672392
164.20000000000002,10082.959125124384,559.5960786724255,1129.2214938600043,-0.5185455838289251,5141.101214831435,19928.20765919216,68.26153920847952,5.0477977384010115,-11.868837520211812,-175.90289504600844
164.3,10081.936310729943,559.6855727197419,1127.7745984622497,-0.5200772763900082,5128.407389422559,19848.799394811773,68.26153920847952,5.041329872699017,-11.867358574990243,-175.90167926727088
164.4,10080.91175052058,559.7749084882631,1126.331291915323,-0.5216524339751191,5115.761470608861,19769.805027807222,68.26153920847952,5.034878049738224,-11.865882280769313,-175.90046409074603
164.5,10079.88536372874,559.8640863886229,1124.8915609934295,-0.52327100725249,5103.163257588827,19691.221974142216,68.26153920847952,5.028442210395971,-11.864408630620495,-175.899249516663
164.60000000000002,10078.857069993857,559.9531068299593,1123.455392527064,-0.5249329469703107,5090.612550400117,19613.04766804404,68.26153920847952,5.022022295801232,-11.862937617640865,-175.8980355452454
164.70000000000002,10077.826789360028,560.0419702199092,1122.0227734027742,-0.5266382039570723,5078.109149917418,19535.27956186421,68.26153920847952,5.015618247333561,-11.861469234952997,-175.89682217671128
164.8,10076.79444227321,560.1306769645907,1120.5936905629244,-0.5283867291219058,5065.65285785053,19457.91512594062,68.26153920847952,5.0092300066220306,-11.860003475704863,-175.89560941127348
164.9,10075.7599495803,560.2192274686548,1119.1681310054616,-0.5301784734549112,5053.24347674156,19380.951848459226,68.26153920847952,5.002857515544192,-11.858540333069733,-175.89439724913922
165.0,10074.7232325254,560.3076221352601,1117.7460817836804,-0.5320133880274833,5040.880809963391,19304.387235319155,68.26153920847952,4.996500716225018,-11.857079800246066,-175.89318569051053
165.10000000000002,10073.684212749824,560.3958613660832,1116.3275300059895,-0.5338914239926269,5028.5646617164475,19228.218809995727,68.26153920847952,4.990159551035865,-11.855621870457414,-175.8919747355841
165.20000000000002,10072.6428122879,560.4839455613289,1114.9124628356783,-0.5358125325852704,5016.2948370273425,19152.444113408183,68.26153920847952,4.983833962593425,-11.854166536952315,-175.89076438455143
165.3,10071.598953566048,560.5718751197393,1113.500867490685,-0.5377766651225674,5004.071141746049,19077.060703785603,68.26153920847952,4.977523893758693,-11.852713793004204,-175.8895546375988
165.4,10070.552559400443,560.6596504385885,1112.092731243365,-0.5397837730041959,4991.893382543674,19002.066156535144,68.26153920847952,4.971229287635928,-11.851263631911293,-175.88834549490733
165.5,10069.50355299469,560.7472719137039,1110.6880414202585,-0.5418338077126492,4979.761366910238,18927.458064111266,68.26153920847952,4.964950087571611,-11.849816046996493,-175.8871369566531
165.60000000000002,10068.451857938431,560.8347399394515,1109.2867854018614,-0.5439267208135213,4967.674903152029,18853.234035885253,68.26153920847952,4.958686237153433,-11.848371031607298,-175.88592902300712
165.70000000000002,10067.397398204077,560.9220549087643,1107.888950622395,-0.5460624639557858,4955.633800389762,18779.39169801734,68.26153920847952,4.952437680209254,-11.846928579115692,-175.88472169413535
165.8,10066.34009814635,561.0092172131301,1106.4945245695772,-0.5482409888720685,4943.637868555503,18705.92869332748,68.26153920847952,4.946204360806081,-11.845488682918049,-175.8835149701989
165.9,10065.279882499017,561.0962272426165,1105.1034947843932,-0.5504622473789141,4931.686918390811,18632.84268116945,68.26153920847952,4.939986223249049,-11.844051336435035,-175.88230885135383
166.0,10064.2166763735,561.1830853858486,1103.715848860869,-0.5527261913770467,4919.7807614440635,18560.13133730452,68.26153920847952,4.933783212080404,-11.842616533111508,-175.8811033377514
166.10000000000002,10063.150405256078,561.269792030033,1102.3315744458434,-0.5550327728516247,4907.919210068379,18487.792353777142,68.26153920847952,4.927595272078484,-11.841184266416423,-175.87989842953806
166.20000000000002,10062.080995007418,561.3563475609817,1100.950659238742,-0.5573819438724888,4896.1020774185,18415.82343878981,68.26153920847952,4.921422348256709,-11.839754529842732,-175.87869412685546
166.3,10061.008371858858,561.4427523630765,1099.5730909913514,-0.5597736565944057,4884.3291774491245,18344.222316581538,68.26153920847952,4.915264385862574,-11.838327316907286,-175.87749042984052
166.4,10059.932462411467,561.5290068192968,1098.198857507594,-0.5622078632573049,4872.600324911984,18272.98672730504,68.26153920847952,4.90912133037664,-11.836902621150744,-175.87628733862547
166.5,10058.85319363419,561.6151113112335,1096.827946643305,-0.56468451618651,4860.915335353336,18202.11442690567,68.26153920847952,4.9029931275115315,-11.83548043613747,-175.87508485333785
166.60000000000002,10057.770492861047,561.7010662190811,1095.4603463060066,-0.5672035677929644,4849.274025111845,18131.603187002005,68.26153920847952,4.89687972321094,-11.834060755455436,-175.87388297410067
166.70000000000002,10056.684287790209,561.786871921643,1094.096044454687,-0.5697649705734513,4837.676211315665,18061.45079476596,68.26153920847952,4.890781063648625,-11.832643572716137,-175.87268170103232
166.8,10055.594506481662,561.8725287963526,1092.735029099577,-0.5723686771108094,4826.121711880101,17991.655052804937,68.26153920847952,4.884697095227419,-11.831228881554484,-175.8714810342466
166.9,10054.501077354886,561.9580372192576,1091.37728830193,-0.5750146400741413,4814.6103455052935,17922.21377904494,68.26153920847952,4.878627764578246,-11.829816675628713,-175.87028097385297
167.0,10053.40392918745,562.0433975650343,1090.0228101737996,-0.5777028122190172,4803.141931673466,17853.124806613836,68.26153920847952,4.872573018559121,-11.828406948620293,-175.86908151995638
167.10000000000002,10052.302991112694,562.1286102070065,1088.6715828778201,-0.5804331463876733,4791.716290646587,17784.3859837263,68.26153920847952,4.866532804254179,-11.82699969423383,-175.86788267265734
167.20000000000002,10051.198192618787,562.2136755171231,1087.3235946269879,-0.5832055955092054,4780.333243463431,17715.995173568626,68.26153920847952,4.8605070689726855,-11.82559490619697,-175.86668443205207
167.3,10050.089463545475,562.2985938659947,1085.9788336844422,-0.5860201125997564,4768.992611937625,17647.950254186228,68.26153920847952,4.854495760248065,-11.824192578260313,-175.8654867982324
167.4,10048.976734083612,562.3833656228726,1084.637288363247,-0.5888766507626996,4757.694218654494,17580.24911836983,68.26153920847952,4.848498825836926,-11.822792704197312,-175.864289771286
167.5,10047.859934772365,562.4679911556718,1083.2989470261748,-0.5917751631888158,4746.4378869689135,17512.88967354449,68.26153920847952,4.842516213718087,-11.821395277804184,-175.86309335129616
167.60000000000002,10046.738996497355,562.5524708309675,1081.963798085489,-0.594715603156467,4735.223441002751,17445.869841658678,68.26153920847952,4.836547872091609,-11.82000029289982,-175.86189753834202
167.70000000000002,10045.613850489724,562.6368050140075,1080.631830002729,-0.5976979240317617,4724.0507056418965,17379.187559073493,68.26153920847952,4.830593749377838,-11.818607743325686,-175.86070233249862
167.8,10044.484428323805,562.7209940686968,1079.303031288495,-0.6007220792687203,4712.919506533925,17312.840776454046,68.26153920847952,4.824653794216436,-11.817217622945739,-175.8595077338368
167.9,10043.350661914796,562.8050383576416,1077.977390502234,-0.603788022409432,4701.8296700857045,17246.827458661428,68.26153920847952,4.818727955465428,-11.81582992564633,-175.85831374242335
168.0,10042.212483517826,562.8889382421183,1076.6548962520255,-0.6068957070842065,4690.781023460458,17181.1455846447,68.26153920847952,4.812816182200245,-11.81444464533612,-175.857120358321
168.10000000000002,10041.069825726096,562.9726940821021,1075.33553719437,-0.6100450870117247,4679.7733945751825,17115.793147334312,68.26153920847952,4.806918423712773,-11.813061775945979,-175.8559275815885
168.20000000000002,10039.922621468082,563.056306236246,1074.0193020339761,-0.6132361159991804,4668.80661209849,17050.768153537185,68.26153920847952,4.801034629510407,-11.811681311428904,-175.85473541228063
168.3,10038.770804007072,563.1397750619285,1072.7061795235488,-0.6164687479424192,4657.880505447439,16986.06862383076,68.26153920847952,4.795164749315105,-11.810303245759927,-175.85354385044815
168.4,10037.614306938369,563.2231009152082,1071.3961584635802,-0.6197429368260741,4646.994904785366,16921.692592459778,68.26153920847952,4.7893087330624455,-11.808927572936028,-175.85235289613806
168.5,10036.453064188361,563.306284150865,1070.0892277021385,-0.6230586367236931,4636.149641018925,16857.638107232346,68.26153920847952,4.783466530900694,-11.807554286976037,-175.85116254939342
168.60000000000002,10035.28701001266,563.3893251223996,1068.7853761346598,-0.6264158017978656,4625.344545795526,16793.903229417643,68.26153920847952,4.777638093189862,-11.806183381920556,-175.84997281025346
168.70000000000002,10034.116078994237,563.4722241820307,1067.484592703739,-0.6298143863003435,4614.579451500756,16730.486033644374,68.26153920847952,4.771823370500778,-11.804814851831866,-175.8487836787537
168.8,10032.94020604156,563.554981680699,1066.186866398923,-0.6332543445721575,4603.854191255826,16667.38460780011,68.26153920847952,4.766022313614165,-11.803448690793836,-175.84759515492578
168.9,10031.759326386731,563.6375979680677,1064.892186256503,-0.6367356310437279,4593.168598914996,16604.597052931327,68.26153920847952,4.760234873519707,-11.802084892911841,-175.84640723879778
169.0,10030.573375584092,563.7200733925587,1063.600541359309,-0.640258200234973,4582.522509062825,16542.12148314399,68.26153920847952,4.754461001415132,-11.80072345231267,-175.84521993039397
169.10000000000002,10029.382289509289,563.8024083013228,1062.3119208365047,-0.6438220067554126,4571.91575701121,16479.956025504554,68.26153920847952,4.748700648705294,-11.799364363144441,-175.84403322973506
169.20000000000002,10028.186004356015,563.8846030402573,1061.0263138633816,-0.6474270053042669,4561.348178797415,16418.09881994344,68.26153920847952,4.742953767001262,-11.798007619576515,-175.8428471368381
169.3,10026.984456635546,563.9666579540094,1059.7437096611566,-0.6510731506705519,4550.819611180923,16356.54801915731,68.26153920847952,4.737220308119394,-11.796653215799406,-175.84166165171658
169.4,10025.777583175339,564.0485733859796,1058.4640974967683,-0.6547603977331697,4540.329891640702,16295.301788512741,68.26153920847952,4.7315002240804525,-11.7953011460247,-175.84047677438048
169.5,10024.565321115777,564.1303496783443,1057.1874666826745,-0.6584887014609968,4529.878858373204,16234.358305952028,68.26153920847952,4.725793467108677,-11.793951404484966,-175.83929250483624
169.60000000000002,10023.347607910167,564.2119871720337,1055.9138065766508,-0.6622580169129647,4519.466350289059,16173.715761897405,68.26153920847952,4.7200999896308975,-11.792603985433676,-175.83810884308684
169.70000000000002,10022.124381322414,564.2934862067533,1054.6431065815896,-0.6660682992381408,4509.09220701071,16113.3723591577,68.26153920847952,4.714419744275631,-11.79125888314511,-175.8369257891318
169.8,10020.895579425618,564.3748471209915,1053.3753561452997,-0.6699195036758021,4498.7562688696735,16053.326312835052,68.26153920847952,4.708752683872183,-11.789916091914277,-175.83574334296728
169.9,10019.66114060022,564.4560702519984,1052.1105447603081,-0.673811585555507,4488.458376904004,15993.57585023274,68.26153920847952,4.703098761449769,-11.788575606056838,-175.834561504586
170.0,10018.421003532596,564.537155935836,1050.8486619636599,-0.6777445002971619,4478.1983728555415,15934.119210763396,68.26153920847952,4.69745793023661,-11.787237419909008,-175.83338027397738
170.10000000000002,10017.175107213669,564.6181045073382,1049.589697336721,-0.6817182034110852,4467.976099167202,15874.954645857926,68.26153920847952,4.691830143659061,-11.785901527827484,-175.83219965112758
170.20000000000002,10015.923390937038,564.6989163001451,1048.3336405049815,-0.6857326504980669,4457.791398980431,15816.080418875563,68.26153920847952,4.686215355340723,-11.784567924189355,-175.8310196360194
170.3,10014.665794297121,564.7795916466991,1047.080481137859,-0.6897877972494242,4447.644116132674,15757.494805014561,68.26153920847952,4.680613519101569,-11.78323660339202,-175.82984022863243
170.4,10013.402257188689,564.8601308782363,1045.830208948502,-0.6938835994470544,4437.534095154281,15699.196091222648,68.26153920847952,4.675024588957064,-11.781907559853108,-175.82866142894304
170.5,10012.132719804533,564.9405343248167,1044.582813693597,-0.6980200129634827,4427.461181266177,15641.18257610953,68.26153920847952,4.669448519117302,-11.780580788010397,-175.82748323692442
170.60000000000002,10010.85712263314,565.0208023153085,1043.3382851731726,-0.7021969937619097,4417.425220377515,15583.452569860061,68.26153920847952,4.6638852639861295,-11.779256282321729,-175.82630565254667
170.70000000000002,10009.57540645916,565.100935177405,1042.0966132304072,-0.7064144978962495,4407.42605908224,15526.004394146166,68.26153920847952,4.658334778160288,-11.777934037264925,-175.82512867577668
170.8,10008.28751236014,565.1809332376196,1040.8577877514358,-0.7106724815111711,4397.463544657118,15468.83638204205,68.26153920847952,4.652797016428551,-11.776614047337713,-175.8239523065783
170.9,10006.993381706066,565.2607968212968,1039.6217986651586,-0.7149709008421304,4387.537525058694,15411.946877938199,68.26153920847952,4.647271933770861,-11.77529630705764,-175.82277654491227
171.0,10005.692956157029,565.3405262526203,1038.3886359430494,-0.719309712215404,4377.647848920946,15355.334237457244,68.26153920847952,4.641759485357483,-11.773980810961994,-175.82160139073645
171.10000000000002,10004.386177662294,565.4201218546008,1037.1582895989654,-0.7236888720481152,4367.79436555244,15298.99682736968,68.26153920847952,4.636259626548149,-11.772667553607723,-175.82042684400548
171.20000000000002,10003.07298845891,565.4995839491118,1035.930749688958,-0.7281083368482593,4357.976924933633,15242.933025510458,68.26153920847952,4.630772312891211,-11.771356529571355,-175.81925290467126
171.3,10001.753331069835,565.5789128568598,1034.7060063110835,-0.7325680632147247,4348.1953777144045,15187.141220696645,68.26153920847952,4.625297500122799,-11.770047733448918,-175.81807957268256
171.4,10000.427148303017,565.6581088974057,1033.4840496052145,-0.7370680078373113,4338.449575211181,15131.619812645025,68.26153920847952,4.619835144165974,-11.768741159855864,-175.81690684798536
171.5,9999.094383248594,565.737172389178,1032.2648697528539,-0.7416081274967457,4328.739369404844,15076.367211891718,68.26153920847952,4.614385201129899,-11.767436803426985,-175.81573473052276
171.60000000000002,9997.754979279824,565.8161036494604,1031.0484569769465,-0.7461883790646908,4319.064612937146,15021.38183970982,68.26153920847952,4.608947627308992,-11.766134658816341,-175.81456322023496
171.70000000000002,9996.408880049363,565.8949029943985,1029.8348015416948,-0.7508087195037576,4309.425159108986,14966.662128030965,68.26153920847952,4.603522379182111,-11.764834720697174,-175.8133923170593
171.8,9995.056029488798,565.9735707390236,1028.6238937523726,-0.7554691058675077,4299.820861877387,14912.206519365163,68.26153920847952,4.5981094134117155,-11.763536983761838,-175.81222202093045
171.9,9993.696371807251,566.0521071972308,1027.4157239551412,-0.7601694953004572,4290.251575852865,14858.013466722061,68.26153920847952,4.59270868684304,-11.762241442721713,-175.81105233178025
172.0,9992.32985148998,566.130512681803,1026.2102825368656,-0.7649098450380757,4280.717156296799,14804.081433532732,68.26153920847952,4.587320156503285,-11.760948092307133,-175.80988324953773
172.10000000000002,9990.956413296983,566.2087875044032,1025.0075599249317,-0.7696901124067823,4271.217459118804,14750.408893572117,68.26153920847952,4.5819437796007865,-11.759656927267313,-175.80871477412936
172.20000000000002,9989.576002261136,566.2869319755863,1023.8075465870636,-0.7745102548239392,4261.752340874287,14696.994330882406,68.26153920847952,4.576579513524208,-11.758367942370262,-175.8075469054788
172.3,9988.188563687261,566.3649464048077,1022.610233031143,-0.7793702297978432,4252.321658761667,14643.836239696395,68.26153920847952,4.57122731584173,-11.757081132402712,-175.8063796435071
172.4,9986.794043151196,566.442831100408,1021.4156098050278,-0.7842699949277113,4242.925270619577,14590.933124361482,68.26153920847952,4.565887144300237,-11.755796492170047,-175.80521298813272
172.5,9985.392386496998,566.5205863696376,1020.2236674963722,-0.7892095079036677,4233.563034924809,14538.28349926544,68.26153920847952,4.56055895682452,-11.754514016496216,-175.80404693927147
172.60000000000002,9983.983539837413,566.5982125186625,1019.0343967324479,-0.7941887265067238,4224.2348107890075,14485.885888760744,68.26153920847952,4.55524271151647,-11.753233700223673,-175.80288149683656
172.70000000000002,9982.56744955061,566.6757098525459,1017.8477881799654,-0.799207608608759,4214.940457956797,14433.738827091818,68.26153920847952,4.549938366654281,-11.751955538213286,-175.80171666073872
172.8,9981.144062280655,566.7530786752736,1016.6638325448959,-0.8042661121724958,4205.679836802491,14381.840858320502,68.26153920847952,4.5446458806916565,-11.75067952534427,-175.80055243088617
172.9,9979.71332493471,566.8303192897583,1015.4825205722947,-0.8093641952514748,4196.452808328057,14330.190536254271,68.26153920847952,4.539365212257017,-11.749405656514114,-175.79938880718458
173.0,9978.27518468257,566.907431997837,1014.3038430461248,-0.8145018159900248,4187.25923416019,14278.786424373406,68.26153920847952,4.534096320152715,-11.748133926638504,-175.79822578953713
173.10000000000002,9976.829588955268,566.9844171002572,1013.1277907890811,-0.8196789326232308,4178.098976547773,14227.627095759417,68.26153920847952,4.528839163354242,-11.74686433065125,-175.79706337784464
173.20000000000002,9975.376485443208,567.0612748967256,1011.954354662416,-0.8248955034769018,4168.971898359486,14176.711133024388,68.26153920847952,4.5235937010094585,-11.745596863504213,-175.7959015720054
173.3,9973.915822095703,567.1380056858674,1010.7835255657646,-0.8301514869675317,4159.877863080926,14126.03712823986,68.26153920847952,4.518359892437806,-11.744331520167231,-175.79474037191542
173.4,9972.447547118645,567.2146097652592,1009.6152944369724,-0.8354468416022621,4150.816734812417,14075.603682867575,68.26153920847952,4.513137697129537,-11.743068295628044,-175.79357977746827
173.5,9970.97160897404,567.2910874314341,1008.4496522519213,-0.8407815259788388,4141.78837826614,14025.409407689564,68.26153920847952,4.50792707474494,-11.74180718489223,-175.7924197885552
173.60000000000002,9969.487956378143,567.3674389798476,1007.2865900243588,-0.8461554987855681,4132.792658763781,13975.452922739625,68.26153920847952,4.502727985113575,-11.740548182983117,-175.79126040506517
173.70000000000002,9967.996538300999,567.4436647049474,1006.1260988057261,-0.8515687188012694,4123.8294422336785,13925.73285723454,68.26153920847952,4.497540388233501,-11.739291284941734,-175.7901016268848
173.8,9966.49730396457,567.519764900096,1004.968169684988,-0.8570211448952276,4114.898595208491,13876.247849506672,68.26153920847952,4.492364244270524,-11.738036485826713,-175.78894345389844
173.9,9964.990202841349,567.5957398576617,1003.8127937884628,-0.8625127360271404,4105.999984822708,13826.996546936829,68.26153920847952,4.487199513557429,-11.736783780714239,-175.7877858859882
174.0,9963.47518465342,567.6715898689529,1002.6599622796537,-0.8680434512470638,4097.133478809979,13777.977605887341,68.26153920847952,4.482046156593228,-11.735533164697964,-175.78662892303404
174.10000000000002,9961.952199371066,567.7473152242661,1001.5096663590797,-0.873613249695357,4088.2989455006477,13729.189691635991,68.26153920847952,4.476904134042408,-11.734284632888949,-175.7854725649136
174.20000000000002,9960.421197211836,567.8229162128634,1000.3618972641088,-0.8792220906026236,4079.4962538190966,13680.631478310179,68.26153920847952,4.471773406734179,-11.733038180415585,-175.7843168115024
174.3,9958.882128638681,567.8983931229884,999.2166462687908,-0.88486993328965,4070.7252732814673,13632.301648822166,68.26153920847952,4.466653935661731,-11.731793802423525,-175.78316166267388
174.4,9957.334944359027,567.9737462418685,998.0739046836908,-0.8905567371673431,4061.985873993025,13584.19889480428,68.26153920847952,4.461545681981491,-11.730551494075613,-175.78200711829922
174.5,9955.779595324304,568.0489758557201,996.9336638557239,-0.8962824617366637,4053.277926645378,13536.321916544324,68.26153920847952,4.456448607012379,-11.729311250551818,-175.78085317824755
174.60000000000002,9954.216032727156,568.1240822497593,995.7959151679909,-0.9020470665885614,4044.6013025145458,13488.669422922967,68.26153920847952,4.451362672235075,-11.728073067049161,-175.77969984238595
174.70000000000002,9952.64420800237,568.19906570819,994.6606500396132,-0.9078505114039016,4035.9558734576804,13441.240131349305,68.26153920847952,4.446287839291285,-11.72683693878165,-175.77854711057944
174.8,9951.064072823152,568.2739265142126,993.5278599255704,-0.9136927559533973,4027.341511911498,13394.032767699819,68.26153920847952,4.4412240699830114,-11.725602860980207,-175.77739498269094
174.9,9949.475579102058,568.348664950043,992.3975363165372,-0.9195737600975323,4018.758090889015,13347.046066254952,68.26153920847952,4.436171326271822,-11.724370828892598,-175.7762434585814
175.0,9947.878678988665,568.4232812968928,991.2696707387214,-0.9254934837864868,4010.205483977482,13300.278769638197,68.26153920847952,4.431129570278131,-11.723140837783376,-175.77509253810976
175.10000000000002,9946.273324869107,568.4977758350017,990.1442547537027,-0.9314518870600582,4001.683565335651,13253.72962875449,68.26153920847952,4.426098764280473,-11.721912882933799,-175.773942221133
175.20000000000002,9944.659469364211,568.5721488436144,989.0212799582723,-0.9374489300475829,3993.1922096915605,13207.39740273001,68.26153920847952,4.421078870714792,-11.720686959641773,-175.7727925075062
175.3,9943.037065328564,568.6464006009886,987.9007379842727,-0.9434845729678519,3984.731292339987,13161.280858851836,68.26153920847952,4.41606985217372,-11.719463063221777,-175.77164339708239
175.4,9941.406065850053,568.7205313844211,986.7826204984389,-0.9495587761290284,3976.3006891397367,13115.378772507818,68.26153920847952,4.411071671405868,-11.718241189004804,-175.7704948897128
175.5,9939.76642424753,568.7945414702418,985.6669192022395,-0.9556714999285614,3967.900276511624,13069.68992712806,68.26153920847952,4.406084291315119,-11.717021332338287,-175.7693469852467
175.60000000000002,9938.118094070349,568.8684311337861,984.5536258317193,-0.9618227048530975,3959.529931435786,13024.213114125725,68.26153920847952,4.401107674959919,-11.71580348858604,-175.76819968353155
175.70000000000002,9936.461029096972,568.9422006494503,983.4427321573419,-0.9680123514783909,3951.1895314493313,12978.94713283888,68.26153920847952,4.396141785552578,-11.71458765312818,-175.7670529844129
175.8,9934.7951833345,569.0158502906584,982.3342299838333,-0.9742404004692119,3942.878954643681,12933.890790472256,68.26153920847952,4.391186586458569,-11.71337382136108,-175.76590688773462
175.9,9933.120511016808,569.0893803298818,981.2281111500265,-0.9805068125792539,3934.59807966241,12889.042902040279,68.26153920847952,4.386242041195834,-11.712161988697279,-175.7647613933386
176.0,9931.436966604088,569.1627910386336,980.1243675287061,-0.9868115486510373,3926.34678569859,12844.40229030975,68.26153920847952,4.381308113434086,-11.71095215056544,-175.76361650106506
176.10000000000002,9929.744504780509,569.2360826874879,979.0229910264541,-0.9931545696158129,3918.1249524928267,12799.96778574404,68.26153920847952,4.376384766994127,-11.709744302410273,-175.7624722107524
176.20000000000002,9928.043080454692,569.3092555460695,977.9239735834958,-0.9995358364934622,3909.932460330284,12755.738226446112,68.26153920847952,4.3714719658471495,-11.708538439692472,-175.7613285222373
176.3,9926.33264875738,569.3823098830574,976.8273071735478,-1.005955310392398,3901.769190038738,12711.712458103651,68.26153920847952,4.366569674114064,-11.707334557888649,-175.76018543535477
176.4,9924.613165041432,569.4552459661976,975.7329838036643,-1.0124129525094598,3893.635022985797,12667.889333933204,68.26153920847952,4.361677856064813,-11.706132652491272,-175.75904294993802
176.5,9922.884584879503,569.5280640623015,974.6409955140866,-1.018908724129812,3885.529841076959,12624.267714626189,68.26153920847952,4.356796476117691,-11.704932719008607,-175.7579010658186
176.60000000000002,9921.146864064038,569.6007644372563,973.5513343780915,-1.025442586626837,3877.4535267528563,12580.84646829391,68.26153920847952,4.3519254988386695,-11.70373475296464,-175.7567597828265
176.70000000000002,9919.399958605412,569.6733473560055,972.463992501841,-1.032014501462027,3869.4059629871686,12537.624470414163,68.26153920847952,4.347064888940732,-11.702538749899027,-175.75561910078991
176.8,9917.643824731465,569.7458130825914,971.3789620242327,-1.0386244301848757,3861.387033284049,12494.600603777366,68.26153920847952,4.342214611283195,-11.701344705367024,-175.75447901953552
176.9,9915.878418886568,569.8181618801261,970.2962351167512,-1.0452723344327677,3853.39662167573,12451.773758433492,68.26153920847952,4.337374630871052,-11.70015261493943,-175.75333953888833
177.0,9914.103697729763,569.8903940108065,969.2158039833191,-1.0519581759308652,3845.4346127204603,12409.142831639847,68.26153920847952,4.332544912854298,-11.698962474202514,-175.75220065867182
177.10000000000002,9912.319618134294,569.9625097359225,968.1376608601499,-1.058681916491996,3837.500891499958,12366.706727808512,68.26153920847952,4.327725422527287,-11.697774278757965,-175.75106237870781
177.20000000000002,9910.52613718668,570.0345093158484,967.0617980156006,-1.0654435180165358,3829.595343617047,12324.464358454494,68.26153920847952,4.322916125328053,-11.696588024222823,-175.74992469881667
177.3,9908.72321218485,570.106393010069,965.9882077500255,-1.0722429424922926,3821.7178551936177,12282.414642144739,68.26153920847952,4.318116986837675,-11.695403706229417,-175.7487876188172
177.4,9906.910800638143,570.1781610771477,964.9168823956304,-1.0790801519943867,3813.868312867953,12240.556504446566,68.26153920847952,4.313327972779615,-11.694221320425308,-175.74765113852666
177.5,9905.088860266376,570.2498137747666,963.847814316328,-1.0859551086851327,3806.0466037923934,12198.888877877012,68.26153920847952,4.308549049019073,-11.693040862473223,-175.74651525776085
177.60000000000002,9903.257348997053,570.3213513597182,962.7809959075929,-1.0928677748139166,3798.252615631639,12157.410701853569,68.26153920847952,4.303780181562342,-11.691862328051,-175.74537997633405
177.70000000000002,9901.416224967223,570.3927740878862,961.716419596318,-1.0998181127170727,3790.4862365594736,12116.120922642795,68.26153920847952,4.2990213365561605,-11.690685712851517,-175.74424529405914
177.8,9899.565446519293,570.4640822142808,960.6540778406719,-1.1068060848177605,3782.747355257572,12075.018493312633,68.26153920847952,4.294272480287081,-11.689511012582644,-175.74311121074751
177.9,9897.70497220289,570.535275993028,959.5939631299557,-1.113831653625838,3775.035860912234,12034.10237368176,68.26153920847952,4.289533579180826,-11.688338222967174,-175.74197772620914
178.0,9895.834760772064,570.6063556773773,958.5360679844616,-1.1208947817377342,3767.3516432127362,11993.37153027195,68.26153920847952,4.284804599801658,-11.687167339742766,-175.74084484025258
178.10000000000002,9893.954771184362,570.6773215196926,957.4803849553318,-1.1279954318363217,3759.6945923490416,11952.824936259696,68.26153920847952,4.280085508851748,-11.68599835866189,-175.73971255268503
178.20000000000002,9892.06496260129,570.748173771476,956.4269066244178,-1.1351335666907851,3752.0645990090543,11912.461571427568,68.26153920847952,4.2753762731705445,-11.684831275491755,-175.7385808633123
178.3,9890.16529438598,570.8189126833536,955.3756256041406,-1.142309149156492,3744.4615543768327,11872.280422117374,68.26153920847952,4.270676859734151,-11.683666086014268,-175.73744977193883
178.4,9888.255726102274,570.8895385050955,954.3265345373511,-1.1495221421748585,3736.8853501303297,11832.280481182968,68.26153920847952,4.265987235654703,-11.682502786025957,-175.73631927836772
178.5,9886.336217514705,570.9600514855961,953.279626097192,-1.1567725087732161,3729.3358784388356,11792.460747942945,68.26153920847952,4.261307368179747,-11.681341371337924,-175.7351893824008
178.60000000000002,9884.406728586648,571.0304518729006,952.2348929869595,-1.1640602120646764,3721.8130319610577,11752.820228134688,68.26153920847952,4.256637224691623,-11.680181837775784,-175.7340600838385
178.70000000000002,9882.467219479382,571.1007399142046,951.1923279399657,-1.1713852152479953,3714.316703842894,11713.35793386825,68.26153920847952,4.251976772706855,-11.679024181179603,-175.73293138248002
178.8,9880.517650552094,571.1709158558344,950.1519237194024,-1.1787474816074348,3706.8467877149046,11674.072883580176,68.26153920847952,4.247325979875534,-11.677868397403847,-175.7318032781233
178.9,9878.557982359547,571.2409799432868,949.1136731182044,-1.1861469745126243,3699.403177690573,11634.964101988839,68.26153920847952,4.242684813980711,-11.676714482317319,-175.73067577056497
179.0,9876.588175652549,571.3109324211955,948.0775689589144,-1.1935836574184195,3691.985768363645,11596.030620048716,68.26153920847952,4.238053242937794,-11.675562431803103,-175.72954885960047
179.10000000000002,9874.60819137562,571.3807735333716,947.043604093548,-1.201057493864764,3684.5944548064035,11557.27147490643,68.26153920847952,4.233431234793941,-11.674412241758509,-175.728422545024
179.20000000000002,9872.617990667932,571.4505035227805,946.0117714034591,-1.2085684474765428,3677.2291325668753,11518.685709855505,68.26153920847952,4.228818757727463,-11.67326390809501,-175.7272968266285
179.3,9870.617534860037,571.5201226315487,944.9820637992067,-1.216116481963443,3669.889697667435,11480.272374293587,68.26153920847952,4.224215780047224,-11.672117426738197,-175.72617170420577
179.4,9868.60678547481,571.5896311009689,943.9544742204217,-1.2237015611198057,3662.576046602028,11442.030523677868,68.26153920847952,4.2196222701920485,-11.670972793627708,-175.72504717754643
179.5,9866.585704226047,571.6590291715139,942.9289956356744,-1.231323648824482,3655.28807633418,11403.959219482042,68.26153920847952,4.215038196730126,-11.669830004717188,-175.72392324643994
179.60000000000002,9864.554253017064,571.7283170828316,941.9056210423424,-1.2389827090406857,3648.025684295007,11366.057529153612,68.26153920847952,4.210463528358427,-11.668689055974212,-175.72279991067458
179.70000000000002,9862.51239394024,571.7974950737458,940.88434346648,-1.2466787058158448,3640.7887683809354,11328.324526071036,68.26153920847952,4.2058982339021105,-11.667549943380257,-175.72167717003748
179.8,9860.460089276079,571.8665633822542,939.865155962687,-1.2544116032814532,3633.577226951582,11290.75928950147,68.26153920847952,4.201342282313944,-11.666412662930618,-175.7205550243147
179.9,9858.397301492281,571.9355222455483,938.8480516139789,-1.2621813656529188,3626.39095882764,11253.360904558804,68.26153920847952,4.196795642673719,-11.665277210634375,-175.7194334732912
180.0,9856.323993242811,572.004371900007,937.8330235316574,-1.2699879572294146,3619.229863288786,11216.128462162074,68.26153920847952,4.192258284187679,-11.664143582514324,-175.71831251675084
180.10000000000002,9854.240127367433,572.0731125811999,936.8200648551817,-1.2778313423937249,3612.0938400714285,11179.061058993912,68.26153920847952,4.187730176187933,-11.663011774606932,-175.71719215447635
180.20000000000002,9852.145666890312,572.141744523886,935.8091687520401,-1.2857114856120926,3604.982789366783,11142.157797459826,68.26153920847952,4.183211288131892,-11.661881782962277,-175.71607238624946
180.3,9850.040575019084,572.210267962033,934.8003284176226,-1.2936283514340656,3597.896611818802,11105.417785647562,68.26153920847952,4.178701589601692,-11.660753603643993,-175.71495321185088
180.4,9847.92481514439,572.278683128797,933.7935370750932,-1.30158190449234,3590.835208521953,11068.840137286506,68.26153920847952,4.174201050303631,-11.65962723272922,-175.7138346310602
180.5,9845.798350838944,572.346990256547,932.7887879752644,-1.309572109502605,3583.7984810191724,11032.423971707703,68.26153920847952,4.169709640067598,-11.658502666308546,-175.71271664365608
180.60000000000002,9843.66114585707,572.4151895768495,931.7860743964704,-1.3175989312633853,3576.786331299673,10996.1684138039,68.26153920847952,4.165227328846517,-11.65737990048596,-175.71159924941614
180.70000000000002,9841.513164132368,572.4832813205006,930.7853896444425,-1.325662334655885,3569.7986617973525,10960.072593990844,68.26153920847952,4.160754086715778,-11.656258931378792,-175.710482448117
180.8,9839.354369778652,572.5512657174851,929.7867270521837,-1.3337622846438248,3562.8353753881756,10924.135648167276,68.26153920847952,4.156289883872691,-11.655139755117663,-175.70936623953435
180.9,9837.184727088083,572.6191429970193,928.790079979845,-1.3418987462732856,3555.896375388458,10888.356717676597,68.26153920847952,4.1518346906359165,-11.65402236784643,-175.70825062344284
181.0,9835.004200530704,572.686913387536,927.795441814602,-1.3500716846725456,3548.981565552707,10852.734949268164,68.26153920847952,4.147388477444929,-11.65290676572214,-175.7071355996162
181.10000000000002,9832.812754753511,572.7545771166933,926.8028059705312,-1.3582810650519197,3542.090850071628,10817.269495059092,68.26153920847952,4.142951214859454,-11.651792944914966,-175.70602116782734
181.20000000000002,9830.610354579985,572.822134411372,925.8121658884883,-1.3665268527035963,3535.2241335699905,10781.95951249615,68.26153920847952,4.138522873558927,-11.650680901608167,-175.70490732784808
181.3,9828.396965008229,572.8895854976857,924.8235150359858,-1.3748090130014752,3528.3813211049455,10746.804164318617,68.26153920847952,4.134103424341948,-11.649570631998031,-175.7037940794494
181.4,9826.172551211435,572.9569306009665,923.8368469070722,-1.383127511401001,3521.562318163614,10711.802618520298,68.26153920847952,4.129692838125739,-11.648462132293817,-175.70268142240147
181.5,9823.937078536488,573.0241699457991,922.8521550222107,-1.3914823134390013,3514.7670306612713,10676.95404831274,68.26153920847952,4.125291085945605,-11.647355398717718,-175.7015693564734
181.60000000000002,9821.690512503032,573.0913037559951,921.8694329281594,-1.3998733847335174,3507.995364939406,10642.257632088495,68.26153920847952,4.120898138954393,-11.646250427504793,-175.70045788143364
181.70000000000002,9819.432818803005,573.158332254613,920.8886741978519,-1.40830069098364,3501.247227763627,10607.712553384476,68.26153920847952,4.1165139684219625,-11.64514721490293,-175.6993469970496
181.8,9817.163963299245,573.2252556639496,919.9098724302776,-1.4167641979693417,3494.5225263218827,10573.318000846006,68.26153920847952,4.112138545734654,-11.644045757172792,-175.69823670308793
181.9,9814.883912025485,573.2920742055592,918.9330212503637,-1.4252638715513073,3487.8211682222386,10539.073168190493,68.26153920847952,4.107771842394747,-11.642946050587755,-175.69712699931446
182.0,9812.592631184962,573.3587881002265,917.9581143088574,-1.4337996776707658,3481.143061491124,10504.977254172061,68.26153920847952,4.103413830019954,-11.641848091433875,-175.69601788549426
182.10000000000002,9810.290087149944,573.4253975680142,916.9851452822077,-1.4423715823493206,3474.4881145712698,10471.029462545986,68.26153920847952,4.099064480342874,-11.640751876009825,-175.69490936139144
182.20000000000002,9807.976246461272,573.4919028282164,916.0141078724494,-1.4509795516887785,3467.8562363196797,10437.229002033442,68.26153920847952,4.094723765210486,-11.639657400626852,-175.6938014267694
182.3,9805.651075826958,573.5583040994028,915.0449958070865,-1.4596235518709801,3461.2473360058834,10403.575086286935,68.26153920847952,4.09039165658362,-11.638564661608726,-175.69269408139078
182.4,9803.31454212172,573.6246015993937,914.0778028389764,-1.468303549157626,3454.661323309921,10370.06693385557,68.26153920847952,4.086068126536442,-11.637473655291684,-175.69158732501745
182.5,9800.966612386052,573.6907955452848,913.1125227462147,-1.4770195098901058,3448.0981083204756,10336.703768150803,68.26153920847952,4.081753147255943,-11.636384378024392,-175.6904811574105
182.60000000000002,9798.607253825758,573.7568861534303,912.1491493320208,-1.485771400489323,3441.5576015328706,10303.484817412247,68.26153920847952,4.077446691041421,-11.63529682616789,-175.68937557833024
182.70000000000002,9796.236433810554,573.822873639455,911.1876764246231,-1.4945591874555233,3435.0397138473645,10270.409314674165,68.26153920847952,4.073148730303972,-11.634210996095538,-175.68827058753635
182.8,9793.854119874537,573.8887582182664,910.228097877146,-1.5033828373681182,3428.5443565668825,10237.476497731355,68.26153920847952,4.068859237565983,-11.63312688419298,-175.6871661847877
182.9,9791.460279714316,573.9545401040368,909.2704075674967,-1.5122423168855104,3422.0714413954756,10204.685609106422,68.26153920847952,4.064578185460628,-11.632044486858081,-175.6860623698425
183.0,9789.054881188553,574.0202195102214,908.3145993982528,-1.5211375927449182,3415.6208804363523,10172.035896016558,68.26153920847952,4.060305546731362,-11.630963800500892,-175.68495914245818
183.10000000000002,9786.637892317493,574.0857966495614,907.3606672965497,-1.5300686317621985,3409.1925861899235,10139.526610340678,68.26153920847952,4.056041294231421,-11.629884821543593,-175.68385650239162
183.20000000000002,9784.209281282034,574.1512717340757,906.4086052139697,-1.5390354008316691,3402.786471552007,10107.157008586968,68.26153920847952,4.051785400923327,-11.62880754642045,-175.68275444939894
183.3,9781.769016423263,574.2166449750712,905.4584071264312,-1.5480378669259327,3396.4024498118815,10074.9263518605,68.26153920847952,4.0475378398783874,-11.627731971577765,-175.68165298323555
183.4,9779.317066241056,574.2819165831471,904.5100670340775,-1.5570759970956964,3390.040434650651,10042.833905831467,68.26153920847952,4.043298584276202,-11.626658093473829,-175.68055210365634
183.5,9776.853399394546,574.3470867681967,903.5635789611673,-1.5661497584695951,3383.700340139039,10010.878940702889,68.26153920847952,4.039067607404174,-11.625585908578874,-175.67945181041546
183.60000000000002,9774.377984699793,574.4121557394055,902.6189369559659,-1.5752591182540103,3377.3820807360503,9979.060731179781,68.26153920847952,4.034844882657023,-11.624515413375029,-175.67835210326643
183.70000000000002,9771.890791130252,574.4771237052626,901.6761350906351,-1.5844040437328901,3371.0855712867847,9947.378556437303,68.26153920847952,4.030630383536289,-11.623446604356273,-175.6772529819622
183.8,9769.391787815839,574.5419908735533,900.7351674611257,-1.5935845022675683,3364.8107270206897,9915.8317000898,68.26153920847952,4.026424083649858,-11.622379478028384,-175.67615444625508
183.9,9766.880944042467,574.6067574513665,899.7960281870696,-1.602800461296585,3358.557463549679,9884.419450159863,68.26153920847952,4.022225956711474,-11.621314030908897,-175.6750564958968
184.0,9764.358229251113,574.6714236450995,898.8587114116721,-1.612051888335503,3352.3256968664004,9853.14109904782,68.26153920847952,4.018035976540265,-11.620250259527056,-175.67395913063848
184.10000000000002,9761.823613035958,574.7359896604631,897.9232113016052,-1.621338750976727,3346.1153433427967,9821.995943501906,68.26153920847952,4.013854117060254,-11.61918816042377,-175.67286235023067
184.20000000000002,9759.277065146249,574.8004557024656,896.9895220469015,-1.6306610168893192,3339.9263197275477,9790.983284586982,68.26153920847952,4.009680352299899,-11.618127730151562,-175.6717661544234
184.3,9756.718555483036,574.8648219754479,896.0576378608478,-1.6400186538188175,3333.7585431450625,9760.102427655753,68.26153920847952,4.005514656391605,-11.61706896527453,-175.67067054296606
184.4,9754.148054100107,574.9290886830578,895.1275529798803,-1.6494116295870516,3327.6119310932295,9729.352682318398,68.26153920847952,4.001357003571264,-11.6160118623683,-175.66957551560756
184.5,9751.565531203058,574.9932560282674,894.1992616634798,-1.658839912091957,3321.486401441726,9698.733362413208,68.26153920847952,3.9972073681777816,-11.614956418019975,-175.66848107209626
184.60000000000002,9748.970957147889,575.0573242133679,893.2727581940667,-1.6683034693073935,3315.3818724304765,9668.243785977673,68.26153920847952,3.99306572465261,-11.6139026288281,-175.66738721218
184.70000000000002,9746.364302440546,575.1212934399778,892.3480368768979,-1.6778022692829566,3309.2982626678477,9637.883275219383,68.26153920847952,3.9889320475392873,-11.61285049140261,-175.66629393560603
184.8,9743.745537737384,575.1851639090394,891.4250920399631,-1.6873362801437943,3303.2354911285643,9607.651156486743,68.26153920847952,3.9848063114829704,-11.611800002364784,-175.6652012421212
184.9,9741.114633843303,575.2489358208295,890.5039180338817,-1.6969054700904194,3297.193477152338,9577.546760240899,68.26153920847952,3.9806884912299796,-11.61075115834721,-175.66410913147186
185.0,9738.471561711282,575.3126093749639,889.584509231801,-1.7065098073985245,3291.1721404420814,9547.569421027336,68.26153920847952,3.9765785616273384,-11.60970395599373,-175.66301760340383
185.10000000000002,9735.816292442381,575.3761847703838,888.6668600292938,-1.716149260418794,3285.1714010619985,9517.71847744742,68.26153920847952,3.972476497622319,-11.608658391959404,-175.66192665766243
185.20000000000002,9733.14879728388,575.4396622053722,887.7509648442573,-1.7258237975767174,3279.191179436231,9487.99327213099,68.26153920847952,3.9683822742619896,-11.607614462910457,-175.66083629399256
185.3,9730.469047629274,575.5030418775547,886.8368181168119,-1.735533387372401,3273.2313963469614,9458.393151708375,68.26153920847952,3.964295866692762,-11.60657216552425,-175.6597465121386
185.4,9727.777015018277,575.566323983898,885.9244143092009,-1.7452779983803783,3267.291972932532,9428.91746678259,68.26153920847952,3.9602172501599417,-11.605531496489222,-175.65865731184462
185.5,9725.072671135422,575.6295087207125,885.0137479056905,-1.7550575992494248,3261.372830685975,9399.565571902358,68.26153920847952,3.9561464000072837,-11.604492452504854,-175.65756869285417
185.60000000000002,9722.355987809598,575.6925962836674,884.1048134124703,-1.7648721587023661,3255.4738914532863,9370.336825534952,68.26153920847952,3.9520832916765443,-11.603455030281625,-175.6564806549103
185.70000000000002,9719.626937013585,575.7555868677655,883.1976053575545,-1.7747216455358898,3249.5950774317007,9341.230590039222,68.26153920847952,3.9480279007070425,-11.602419226540967,-175.65539319775573
185.8,9716.885490862653,575.8184806673848,882.2921182906827,-1.784606028620356,3243.736311168251,9312.246231639223,68.26153920847952,3.9439802027352155,-11.601385038015229,-175.6543063211328
185.9,9714.13162161503,575.8812778762434,881.3883467832223,-1.7945252768996063,3237.8975155577928,9283.383120397271,68.26153920847952,3.9399401734941817,-11.600352461447622,-175.6532200247833
186.0,9711.365301670972,575.9439786874134,880.4862854280713,-1.8044793593907733,3232.078613841439,9254.640630187789,68.26153920847952,3.935907788813306,-11.599321493592193,-175.65213430844884
186.10000000000002,9708.586503571365,576.0065832933485,879.5859288395598,-1.8144682451840914,3226.279529605147,9226.018138671514,68.26153920847952,3.931883024617762,-11.598292131213766,-175.65104917187045
186.20000000000002,9705.795199998189,576.0690918858556,878.6872716533546,-1.8244919034427038,3220.500186777769,9197.515027269186,68.26153920847952,3.927865856928102,-11.597264371087912,-175.6499646147889
186.3,9702.991363773122,576.1315046560933,877.7903085263627,-1.8345503034024724,3214.740509629648,9169.130681136148,68.26153920847952,3.9238562618598274,-11.596238210000905,-175.6488806369446
186.4,9700.174967857543,576.1938217946148,876.8950341366346,-1.8446434143717845,3209.0004227708196,9140.864489136577,68.26153920847952,3.919854215622959,-11.595213644749677,-175.6477972380775
186.5,9697.345985351596,576.2560434913239,876.0014431832705,-1.8547712057313626,3203.279851149497,9112.71584381833,68.26153920847952,3.91585969452161,-11.594190672141778,-175.6467144179273
186.60000000000002,9694.50438949326,576.3181699355051,875.1095303863237,-1.86493364693407,3197.5787200505533,9084.684141387925,68.26153920847952,3.911872674953565,-11.593169288995334,-175.6456321762334
186.70000000000002,9691.650153658353,576.3802013158214,874.2192904867079,-1.8751307075047199,3191.896955093755,9056.76878168537,68.26153920847952,3.907893133409854,-11.592149492139008,-175.6445505127347
186.8,9688.783251359593,576.4421378203064,873.3307182461018,-1.8853623570398812,3186.2344822322607,9028.969168159543,68.26153920847952,3.903921046474336,-11.591131278411963,-175.64346942716992
186.9,9685.90365624614,576.5039796363783,872.4438084468565,-1.8956285652076856,3180.5912277510056,9001.284707843575,68.26153920847952,3.8999563908232786,-11.590114644663808,-175.6423889192774
187.0,9683.011342103127,576.5657269508491,871.5585558919017,-1.9059293017476342,3174.967118265081,8973.714811330408,68.26153920847952,3.8959991432249432,-11.589099587754575,-175.6413089887953
187.10000000000002,9680.106282850727,576.6273799498903,870.674955404654,-1.9162645364704025,3169.362080718274,8946.25889274876,68.26153920847952,3.8920492805391693,-11.588086104554664,-175.64022963546128
187.20000000000002,9677.188452544156,576.6889388190774,869.7930018289237,-1.9266342392576483,3163.7760423813243,8918.916369738836,68.26153920847952,3.8881067797169626,-11.58707419194481,-175.63915085901283
187.3,9674.257825372275,576.750403743384,868.9126900288236,-1.937038380061816,3158.2089308506092,8891.686663428845,68.26153920847952,3.884171617800088,-11.586063846816039,-175.63807265918715
187.4,9671.314375657588,576.8117749071606,868.0340148886776,-1.9474769289059424,3152.660674046433,8864.569198411089,68.26153920847952,3.8802437719206564,-11.585055066069637,-175.63699503572118
187.5,9668.358077855315,576.8730524941614,867.1569713129298,-1.957949855883461,3147.13120021158,8837.563402718639,68.26153920847952,3.8763232193007227,-11.5840478466171,-175.63591798835157
187.60000000000002,9665.388906553388,576.9342366875293,866.2815542260541,-1.9684571311580084,3141.620437909619,8810.668707801771,68.26153920847952,3.872409937251878,-11.583042185380096,-175.6348415168147
187.70000000000002,9662.40683647152,576.9953276698126,865.407758572464,-1.9789987249632275,3136.128316023482,8783.884548504997,68.26153920847952,3.8685039031748496,-11.582038079290434,-175.6337656208467
187.8,9659.411842460278,577.0563256229678,864.535579316423,-1.9895746076025727,3130.6547637540434,8757.210363044242,68.26153920847952,3.8646050945590997,-11.581035525290016,-175.63269030018353
187.9,9656.403899501078,577.1172307283371,863.6650114419558,-2.0001847494491143,3125.199710618455,8730.64559298383,68.26153920847952,3.8607134889824275,-11.580034520330802,-175.6316155545608
188.0,9653.382982706185,577.1780431666789,862.7960499527592,-2.010829120945341,3119.7630864484718,8704.189683213632,68.26153920847952,3.8568290641105696,-11.57903506137477,-175.630541383714
188.10000000000002,9650.34906731639,577.238763118175,861.9286898721138,-2.0215076926029667,3114.3448213894576,8677.842081927314,68.26153920847952,3.8529517976968095,-11.578037145393877,-175.6294677873783
188.20000000000002,9647.302128701936,577.2993907623927,861.0629262427964,-2.032220435002731,3108.9448458984807,8651.602240599488,68.26153920847952,3.849081667581582,-11.577040769370024,-175.62839476528882
188.3,9644.242142361589,577.3599262783281,860.1987541269922,-2.0429673187942035,3103.56309074292,8625.469613963704,68.26153920847952,3.8452186516920825,-11.576045930295013,-175.62732231718027
188.4,9641.16908392217,577.4203698443803,859.3361686062079,-2.053748314695589,3098.199486998979,8599.44365999048,68.26153920847952,3.8413627280418785,-11.57505262517051,-175.6262504427873
188.5,9638.082929137629,577.4807216383779,858.4751647811852,-2.064563393493527,3092.853966050315,8573.523839865675,68.26153920847952,3.837513874730521,-11.57406085100801,-175.62517914184434
188.60000000000002,9634.983653889038,577.5409818375671,857.6157377718141,-2.075412526042898,3087.5264595864232,8547.709617968607,68.26153920847952,3.83367206994316,-11.573070604828798,-175.6241084140856
188.70000000000002,9631.871234183665,577.6011506186117,856.7578827170476,-2.0862956832666244,3082.21689960129,8522.00046185078,68.26153920847952,3.829837291950163,-11.572081883663907,-175.62303825924516
188.8,9628.745646154508,577.6612281576025,855.9015947748159,-2.0972128361554723,3076.925218391923,8496.395842214499,68.26153920847952,3.8260095191067283,-11.571094684554085,-175.62196867705697
188.9,9625.606866059825,577.7212146300564,855.0468691219418,-2.1081639557678558,3071.651348556885,8470.895232891728,68.26153920847952,3.8221887298525083,-11.570109004549758,-175.62089966725475
189.0,9622.454870283138,577.7811102109118,854.1937009540558,-2.119149013229638,3066.39522299471,8445.498110822868,68.26153920847952,3.8183749027112315,-11.569124840710993,-175.61983122957201
189.10000000000002,9619.28963533137,577.8409150745516,853.342085485512,-2.130167979733933,3061.1567749028472,8420.20395603643,68.26153920847952,3.814568016290326,-11.568142190107453,-175.6187633637423
189.20000000000002,9616.111137835775,577.9006293947815,852.4920179493043,-2.141220826540908,3055.9359377758283,8395.012251627792,68.26153920847952,3.8107680492805414,-11.567161049818376,-175.61769606949883
189.3,9612.91935455054,577.9602533448486,851.6434935969831,-2.1523075249775863,3050.732645404094,8369.922483738997,68.26153920847952,3.8069749804555824,-11.566181416932523,-175.6166293465748
189.4,9609.71426235279,578.0197870974306,850.7965076985721,-2.1634280464376467,3045.5468318724406,8344.934141538171,68.26153920847952,3.8031887886717324,-11.565203288548144,-175.61556319470327
189.5,9606.495838241652,578.0792308246407,849.951055542486,-2.174582362381227,3040.3784315587304,8320.046717199459,68.26153920847952,3.7994094528674864,-11.564226661772956,-175.61449761361715
189.60000000000002,9603.264059337787,578.1385846980529,849.107132435448,-2.185770444334724,3035.227379132482,8295.259705882896,68.26153920847952,3.7956369520631856,-11.563251533724086,-175.61343260304923
189.70000000000002,9600.018902882934,578.1978488886693,848.2647337024083,-2.1969922638905954,3030.0936095534644,8270.57260571449,68.26153920847952,3.791871265360647,-11.562277901528052,-175.6123681627322
189.8,9596.760346239898,578.257023566938,847.4238546864625,-2.2082477927071618,3024.9770580701743,8245.984917766209,68.26153920847952,3.7881123719428023,-11.561305762320712,-175.6113042923987
189.9,9593.48836689163,578.316108902756,846.5844907487706,-2.219537002508405,3019.877660218578,8221.496146036527,68.26153920847952,3.7843602510733363,-11.560335113247243,-175.6102409917812
190.0,9590.202942440752,578.3751050654765,845.7466372684763,-2.2308598650837728,3014.795351820728,8197.10579743089,68.26153920847952,3.7806148820963266,-11.559365951462096,-175.60917826061217
190.10000000000002,9586.904050608631,578.4340122239007,844.910289642627,-2.2422163522879774,3009.730068983516,8172.81338174254,68.26153920847952,3.7768762444358814,-11.558398274128963,-175.60811609862392
190.20000000000002,9583.591669235844,578.4928305462804,844.0754432860937,-2.2536064360407964,3004.681748097052,8148.618411632928,68.26153920847952,3.7731443175957864,-11.557432078420744,-175.6070545055487
190.3,9580.26577628078,578.5515602003295,843.2420936314915,-2.2650300883268746,2999.6503258335606,8124.520402612994,68.26153920847952,3.7694190811591484,-11.556467361519505,-175.6059934811187
190.4,9576.926349819638,578.6102013532159,842.4102361291006,-2.2764872811955232,2994.635739145898,8100.518873024041,68.26153920847952,3.765700514788039,-11.555504120616455,-175.6049330250661
190.5,9573.573368045967,578.6687541715708,841.5798662467874,-2.287977986760522,2989.6379252662086,8076.613344018936,68.26153920847952,3.7619885982231476,-11.554542352911897,-175.60387313712295
190.60000000000002,9570.206809270196,578.7272188214868,840.7509794699267,-2.299502177199916,2984.6568217045915,8052.803339543464,68.26153920847952,3.758283311283426,-11.553582055615204,-175.60281381702129
190.70000000000002,9566.826651919167,578.7855954685233,839.923571301323,-2.3110598247558225,2979.6923662477607,8029.088386317784,68.26153920847952,3.7545846338657456,-11.552623225944778,-175.60175506449312
190.8,9563.432874534745,578.8438842776982,839.0976372611333,-2.3226509017342254,2974.7444969579797,8005.468013818391,68.26153920847952,3.7508925459445437,-11.551665861128026,-175.60069687927037
190.9,9560.025455775205,578.9020854135028,838.2731728867897,-2.3342753805047782,2969.813152171238,7981.941754259192,68.26153920847952,3.747207027571483,-11.550709958401304,-175.59963926108495
191.0,9556.604374412913,578.9601990399018,837.4501737329226,-2.3459332335006042,2964.8982704964446,7958.509142574049,68.26153920847952,3.743528058875107,-11.549755515009913,-175.5985822096688
191.10000000000002,9553.169609334785,579.0182253203327,836.6286353712845,-2.3576244332180956,2959.999790813876,7935.169716398482,68.26153920847952,3.7398556200604984,-11.548802528208038,-175.59752572475372
191.20000000000002,9549.721139541827,579.0761644176996,835.8085533906734,-2.369348952216714,2955.117652273874,7911.923016051789,68.26153920847952,3.7361896914089363,-11.547850995258727,-175.59646980607167
191.3,9546.258944148663,579.1340164943879,834.9899233968571,-2.381106763118791,2950.2517942955606,7888.768584519347,68.26153920847952,3.7325302532775613,-11.546900913433861,-175.5954144533544
191.4,9542.78300238261,579.1917817122684,834.1727410124981,-2.3928978386093287,2945.4021565656826,7865.705967435188,68.26153920847952,3.728877286099035,-11.54595228001411,-175.59435966633382
191.5,9539.293293583672,579.2494602326802,833.3570018770783,-2.4047221514357977,2940.5686790372047,7842.734713064362,68.26153920847952,3.7252307703812066,-11.545005092288905,-175.59330544474176
191.60000000000002,9535.789797204547,579.3070522164493,832.5427016468245,-2.416579674407939,2935.751301927924,7819.8543722854465,68.26153920847952,3.7215906867067785,-11.544059347556408,-175.59225178831008
191.70000000000002,9532.272492808755,579.3645578238869,831.7298359946338,-2.428470380397563,2930.9499657195734,7797.064498573837,68.26153920847952,3.717957015732974,-11.54311504312347,-175.59119869677068
191.8,9528.741360071115,579.4219772147912,830.9184006099999,-2.440394242338351,2926.1646111563214,7774.364647984337,68.26153920847952,3.7143297381912057,-11.542172176305607,-175.59014616985542
191.9,9525.1963787782,579.4793105484514,830.1083911989394,-2.4523512332256527,2921.3951792432777,7751.754379133879,68.26153920847952,3.710708834886749,-11.541230744426969,-175.58909420729623
192.0,9521.637528826017,579.5365579836364,829.2998034839185,-2.4643413261162874,2916.641611245743,7729.233253185354,68.26153920847952,3.7070942866984105,-11.54029074482029,-175.58804280882507
192.10000000000002,9518.064790220466,579.5937196786193,828.49263320378,-2.4763644941283447,2911.903848687725,7706.800833830563,68.26153920847952,3.7034860745782074,-11.539352174826876,-175.5869919741739
192.20000000000002,9514.478143077344,579.6507957911613,827.6868761136709,-2.488420710440982,2907.1818333505903,7684.456687273491,68.26153920847952,3.699884179551038,-11.538415031796562,-175.58594170307478
192.3,9510.877567621414,579.7077864785174,826.8825279849701,-2.5005099482942277,2902.475507271964,7662.200382213991,68.26153920847952,3.6962885827143603,-11.537479313087685,-175.58489199525974
192.4,9507.263044185936,579.7646918974406,826.0795846052166,-2.5126321809887777,2897.7848127445122,7640.031489831458,68.26153920847952,3.692699265237874,-11.53654501606704,-175.58384285046097
192.5,9503.634553212207,579.8215122041921,825.2780417780378,-2.524787381885799,2893.109692314737,7617.949583768596,68.26153920847952,3.6891162083631968,-11.535612138109865,-175.58279426841062
192.60000000000002,9499.992075249087,579.878247554527,824.4778953230785,-2.536975524406725,2888.4500887817658,7595.95424011531,68.26153920847952,3.685539393403546,-11.5346806765998,-175.58174624884091
192.70000000000002,9496.335590953473,579.9348981037018,823.6791410759298,-2.54919658203306,2883.8059451959193,7574.045037392406,68.26153920847952,3.681968801743425,-11.533750628928852,-175.5806987914842
192.8,9492.665081088897,579.9914640064844,822.8817748880589,-2.5614505283061764,2879.177204857764,7552.221556536052,68.26153920847952,3.678404414838307,-11.532821992497373,-175.57965189607282
192.9,9488.980526524596,580.0479454171452,822.0857926267387,-2.573737336827114,2874.5638113170444,7530.483380882158,68.26153920847952,3.6748462142143175,-11.531894764714021,-175.57860556233928
193.0,9485.28190823691,580.1043424894682,821.291190174978,-2.5860569812563843,2869.9657083710267,7508.830096150123,68.26153920847952,3.6712941814679283,-11.53096894299573,-175.57755979001607
193.10000000000002,9481.569207307417,580.1606553767458,820.4979634314521,-2.5984094353137643,2865.3828400636885,7487.261290427771,68.26153920847952,3.6677482982656424,-11.530044524767677,-175.57651457883588
193.20000000000002,9477.842404922936,580.2168842317791,819.7061083104336,-2.610794672778103,2860.815150684437,7465.7765541557965,68.26153920847952,3.6642085463436858,-11.529121507463262,-175.57546992853142
193.3,9474.10148237506,580.2730292068878,818.9156207417234,-2.623212667487116,2856.2625847669447,7444.375480112452,68.26153920847952,3.660674907507701,-11.528199888524064,-175.57442583883545
193.4,9470.346421059687,580.3290904539089,818.1264966705822,-2.6356633933371887,2851.7250870880025,7423.057663398357,68.26153920847952,3.657147363632439,-11.527279665399815,-175.57338230948096
193.5,9466.577202477027,580.3850681241929,817.3387320576627,-2.6481468242831756,2847.2026026662534,7401.822701421273,68.26153920847952,3.6536258966614557,-11.526360835548369,-175.57233934020093
193.60000000000002,9462.793808230665,580.4409623686201,816.5523228789413,-2.660662934338201,2842.69507676117,7380.670193881287,68.26153920847952,3.6501104886068076,-11.525443396435673,-175.57129693072855
193.70000000000002,9458.996220027562,580.49677333758,815.7672651256505,-2.673211697573458,2838.202454871804,7359.599742755788,68.26153920847952,3.6466011215487497,-11.524527345535738,-175.570255080797
193.8,9455.184419677127,580.5525011809925,814.9835548042123,-2.68579308811801,2833.7246827357776,7338.610952284886,68.26153920847952,3.643097777635439,-11.523612680330602,-175.56921379013974
193.9,9451.358389091678,580.6081460483001,814.2011879361706,-2.698407080158591,2829.261706327924,7317.703428956443,68.26153920847952,3.6396004390826273,-11.522699398310307,-175.5681730584902
194.0,9447.518110285047,580.6637080884776,813.4201605581251,-2.711053647939404,2824.8134718594106,7296.87678149184,68.26153920847952,3.6361090881733715,-11.521787496972866,-175.56713288558203
194.10000000000002,9443.663565373048,580.7191874500141,812.6404687216647,-2.7237327657619264,2820.379925776391,7276.130620831253,68.26153920847952,3.632623707257735,-11.520876973824231,-175.56609327114896
194.20000000000002,9439.794736572541,580.7745842809576,811.8621084933018,-2.7364444079847035,2815.9610147590224,7255.464560119455,68.26153920847952,3.6291442787524897,-11.519967826378274,-175.56505421492494
194.3,9435.911606201436,580.8298987288548,811.0850759544066,-2.749188549023154,2811.556685720248,7234.878214691454,68.26153920847952,3.625670785140827,-11.519060052156735,-175.56401571664398
194.4,9432.01415667776,580.8851309408076,810.309367201142,-2.761965163349371,2807.1668858048283,7214.3712020585135,68.26153920847952,3.6222032089720635,-11.51815364868922,-175.56297777604027
194.5,9428.102370519657,580.940281063447,809.534978344398,-2.774774225491919,2802.7915623881313,7193.943141893981,68.26153920847952,3.618741532861352,-11.51724861351315,-175.56194039284816
194.60000000000002,9424.176230345387,580.9953492429482,808.7619055097276,-2.7876157100356385,2798.430663074942,7173.593656019213,68.26153920847952,3.615285739489388,-11.516344944173744,-175.56090356680212
194.70000000000002,9420.235718871932,581.0503356250124,807.9901448372823,-2.8004895916214427,2794.0841356986184,7153.322368390068,68.26153920847952,3.6118358116021296,-11.515442638223986,-175.55986729763686
194.8,9416.28081891546,581.1052403548949,807.2196924817476,-2.813395844946124,2789.7519283197953,7133.128905082875,68.26153920847952,3.608391732010504,-11.514541693224594,-175.55883158508712
194.9,9412.311513390858,581.1600635773792,806.45054461228,-2.8263344447621495,2785.4339892253142,7113.012894280816,68.26153920847952,3.604953483590125,-11.51364210674399,-175.55779642888797
195.0,9408.327785310801,581.2148054368112,805.6826974124428,-2.8393053658774656,2781.130266927294,7092.973966260554,68.26153920847952,3.60152104928101,-11.512743876358284,-175.5567618287745
195.10000000000002,9404.329617786221,581.269466077079,804.9161470801433,-2.8523085831552972,2776.840710161839,7073.011753378505,68.26153920847952,3.5980944120872973,-11.511846999651226,-175.55572778448212
195.20000000000002,9400.316994025372,581.3240456416002,804.1508898275699,-2.865344071513951,2772.565267888117,7053.125890057668,68.26153920847952,3.5946735550769637,-11.510951474214195,-175.55469429574626
195.3,9396.289897333365,581.37854427336,803.3869218811295,-2.878411805926615,2768.303889287317,7033.316012774381,68.26153920847952,3.5912584613815475,-11.510057297646153,-175.55366136230268
195.4,9392.248311112635,581.4329621148854,802.6242394813853,-2.8915117614211607,2764.056523761383,7013.581760044894,68.26153920847952,3.5878491141958673,-11.509164467553637,-175.55262898388725
195.5,9388.192218861077,581.4872993082673,801.8628388829947,-2.904643913079945,2759.8231209323376,6993.922772412759,68.26153920847952,3.5844454967777457,-11.508272981550714,-175.55159716023604
195.60000000000002,9384.121604172979,581.5415559951383,801.1027163546477,-2.917808236039612,2755.603630640912,6974.338692435456,68.26153920847952,3.581047592447736,-11.50738283725896,-175.55056589108537
195.70000000000002,9380.036450738087,581.5957323166947,800.3438681790055,-2.931004705490892,2751.39800294564,6954.829164671661,68.26153920847952,3.5776553845888457,-11.506494032307437,-175.54953517617167
195.8,9375.936742341612,581.6498284136859,799.5862906526397,-2.944233296678408,2747.206188121741,6935.39383566835,68.26153920847952,3.5742688566462615,-11.50560656433265,-175.54850501523165
195.9,9371.82246286422,581.7038444264231,798.8299800859709,-2.957493984900475,2743.02813665999,6916.032353947974,68.26153920847952,3.570887992127081,-11.504720430978539,-175.54747540800224
196.0,9367.69359628018,581.7577804947832,798.0749328032085,-2.9707867455089003,2738.8637992660715,6896.744369996312,68.26153920847952,3.5675127746000426,-11.503835629896434,-175.54644635422045
196.10000000000002,9363.550126658287,581.8116367581963,797.3211451422909,-2.984111553908789,2734.713126859234,6877.529536249553,68.26153920847952,3.564143187695251,-11.502952158745039,-175.54541785362366
196.20000000000002,9359.3920381614,581.8654133556549,796.5686134548249,-2.997468385558346,2730.576070571305,6858.387507081877,68.26153920847952,3.5607792151039175,-11.5020700151904,-175.5443899059494
196.3,9355.219315045513,581.9191104257342,795.8173341060264,-3.0108572159686755,2726.452581745821,6839.317938793293,68.26153920847952,3.557420840578084,-11.501189196905878,-175.5433625109354
196.4,9351.031941660214,581.972728106557,795.0673034746608,-3.0242780207035853,2722.34261193682,6820.3204895971285,68.26153920847952,3.554068047930367,-11.500309701572125,-175.54233566831968
196.5,9346.82990244776,582.0262665358274,794.3185179529844,-3.037730775379391,2718.2461129079843,6801.394819608026,68.26153920847952,3.5507208210336842,-11.49943152687705,-175.54130937784046
196.60000000000002,9342.613181943074,582.0797258508176,793.5709739466852,-3.051215455664716,2714.1630366315594,6782.5405908297535,68.26153920847952,3.547379143821,-11.4985546705158,-175.54028363923618
196.70000000000002,9338.381764772814,582.1331061883728,792.8246678748243,-3.0647320372802964,2710.093335287505,6763.757467143379,68.26153920847952,3.544043000285059,-11.497679130190727,-175.5392584522455
196.8,9334.135635655839,582.1864076849015,792.079596169778,-3.078280495998783,2706.0369612623117,6745.045114295102,68.26153920847952,3.5407123744781273,-11.496804903611368,-175.5382338166074
196.9,9329.874779401813,582.2396304764027,791.3357552771796,-3.0918608076445433,2701.993867148274,6726.403199884736,68.26153920847952,3.5373872505117316,-11.495931988494412,-175.53720973206103
197.0,9325.599180912599,582.2927746984413,790.5931416558618,-3.105472948093468,2697.964005742096,6707.831393353446,68.26153920847952,3.534067612556404,-11.495060382563677,-175.53618619834577
197.10000000000002,9321.308825179935,582.3458404861661,789.8517517777992,-3.1191168932727713,2693.947330044397,6689.329365972666,68.26153920847952,3.5307534448414244,-11.494190083550084,-175.53516321520138
197.20000000000002,9317.003697286826,582.398827974309,789.1115821280513,-3.1327926191607953,2689.943793258331,6670.896790832004,68.26153920847952,3.5274447316545627,-11.493321089191626,-175.5341407823677
197.3,9312.683782405686,582.451737297171,788.3726292047054,-3.1465001017868155,2685.9533487889857,6652.533342828181,68.26153920847952,3.524141457341828,-11.492453397233351,-175.53311889958496
197.4,9308.349065799266,582.5045685886466,787.6348895188203,-3.1602393172308414,2681.975950242128,6634.238698653249,68.26153920847952,3.520843606307214,-11.491587005427329,-175.5320975665936
197.5,9303.99953281926,582.557321982215,786.8983595943697,-3.174010241623423,2678.011551423502,6616.012536783547,68.26153920847952,3.5175511630124476,-11.490721911532624,-175.53107678313432
197.60000000000002,9299.635168907233,582.6099976109343,786.1630359681864,-3.1878128511454524,2674.0601063375802,6597.85453746808,68.26153920847952,3.514264111976737,-11.489858113315277,-175.5300565489481
197.70000000000002,9295.255959593225,582.662595607457,785.4289151899061,-3.201647122027971,2670.1215691868765,6579.764382717639,68.26153920847952,3.5109824377765237,-11.488995608548274,-175.52903686377618
197.8,9290.861890495755,582.7151161040194,784.6959938219123,-3.2155130305519717,2666.195894370929,6561.741756293609,68.26153920847952,3.507706125045234,-11.488134395011521,-175.5280177273601
197.9,9286.452947321348,582.7675592324512,783.9642684392808,-3.229410553048204,2662.2830364853985,6543.786343696972,68.26153920847952,3.504435158473031,-11.487274470491819,-175.52699913944164
198.0,9282.029115865007,582.8199251241747,783.2337356297246,-3.2433396658969778,2658.382950320955,6525.897832157142,68.26153920847952,3.50116952280657,-11.486415832782841,-175.5259810997629
198.10000000000002,9277.590382009279,582.8722139102043,782.5043919935395,-3.257300345527971,2654.4955908624906,6508.075910621252,68.26153920847952,3.4979092028487533,-11.485558479685103,-175.52496360806623
198.20000000000002,9273.136731723323,582.9244257211552,781.7762341435492,-3.27129256842003,2650.620913288355,6490.320269743553,68.26153920847952,3.494654183458486,-11.484702409005942,-175.5239466640943
198.3,9268.66815106431,582.9765606872256,781.0492587050514,-3.2853163111009787,2646.7588729690233,6472.63060187418,68.26153920847952,3.491404449550434,-11.483847618559492,-175.52293026759003
198.4,9264.18462617509,583.0286189382264,780.3234623157637,-3.2993715501474226,2642.909425466668,6455.006601049101,68.26153920847952,3.4881599860947827,-11.482994106166652,-175.52191441829663
198.5,9259.68614328513,583.0806006035613,779.5988416257696,-3.313458262184552,2639.072526533954,6437.447962979178,68.26153920847952,3.4849207781169986,-11.482141869655068,-175.52089911595766
198.60000000000002,9255.172688710038,583.1325058122228,778.8753932974657,-3.327576423885952,2635.248132113174,6419.95438503971,68.26153920847952,3.4816868106975853,-11.481290906859112,-175.51988436031698
198.70000000000002,9250.64424885111,583.1843346928393,778.1531140055079,-3.341726011973403,2631.436198335387,6402.525566260062,68.26153920847952,3.478458068971852,-11.480441215619841,-175.51887015111865
198.8,9246.10081019532,583.2360873736105,777.4320004367584,-3.35590700321669,2627.63668151945,6385.16120731321,68.26153920847952,3.4752345381296723,-11.47959279378499,-175.51785648810713
198.9,9241.542359314393,583.2877639823487,776.7120492902336,-3.370119374433409,2623.8495381712814,6367.861010505662,68.26153920847952,3.472016203415251,-11.478745639208942,-175.51684337102716
199.0,9236.968882865272,583.3393646464868,775.9932572770513,-3.3843631024887704,2620.0747249827905,6350.624679767011,68.26153920847952,3.4688030501268865,-11.4778997497527,-175.5158307996238
199.10000000000002,9232.380367589183,583.390889493051,775.2756211203781,-3.398638164295407,2616.3121988311436,6333.451920639981,68.26153920847952,3.465595063616742,-11.477055123283863,-175.51481877364242
199.20000000000002,9227.776800311636,583.4423386486776,774.559137555378,-3.412944536813181,2612.561916777821,6316.342440270275,68.26153920847952,3.4623922292906086,-11.47621175767661,-175.51380729282866
199.3,9223.158167942427,583.4937122396299,773.8438033291607,-3.42728219704899,2608.823836067674,6299.295947396502,68.26153920847952,3.459194532607679,-11.475369650811668,-175.51279635692856
199.4,9218.52445747424,583.5450103917602,773.1296152007295,-3.441651122056574,2605.097914128315,6282.312152340548,68.26153920847952,3.4560019590803126,-11.474528800576287,-175.51178596568843
199.5,9213.87565598404,583.5962332305554,772.4165699409308,-3.456051288936322,2601.384108568855,6265.390766997241,68.26153920847952,3.4528144942738077,-11.473689204864224,-175.51077611885492
199.60000000000002,9209.21175063122,583.6473808811046,771.7046643324026,-3.47048267483508,2597.6823771794134,6248.531504825014,68.26153920847952,3.4496321238061767,-11.472850861575713,-175.509766816175
199.70000000000002,9204.532728658058,583.6984534681189,770.993895169524,-3.484945256945958,2593.992677930089,6231.734080835957,68.26153920847952,3.4464548333479157,-11.472013768617444,-175.5087580573959
199.8,9199.838577389717,583.7494511159264,770.2842592583646,-3.4994390125081365,2590.314968970036,6214.998211586086,68.26153920847952,3.4432826086217796,-11.47117792390254,-175.50774984226535
199.9,9195.12928423332,583.8003739484722,769.5757534166345,-3.513963918806676,2586.649208626772,6198.323615165939,68.26153920847952,3.4401154354025585,-11.470343325350527,-175.50674217053128
200.0,9190.40483667748,583.8512220893242,768.8683744736338,-3.528519953172324,2582.995355405376,6181.710011191099,68.26153920847952,3.436953299516854,-11.469509970887323,-175.505735041942
200.10000000000002,9185.665222293697,583.901995661675,768.1621192702031,-3.543107092981322,2579.3533679872544,6165.157120792263,68.26153920847952,3.433796186842854,-11.468677858445204,-175.5047284562461
200.20000000000002,9180.910428733565,583.9526947883373,767.4569846586738,-3.557725315655217,2575.723205229897,6148.664666606566,68.26153920847952,3.4306440833101144,-11.467846985962785,-175.50372241319263
200.3,9176.140443730634,584.0033195917496,766.7529675028192,-3.5723745986606654,2572.104826165546,6132.232372767651,68.26153920847952,3.427496974899338,-11.467017351384998,-175.5027169125309
200.4,9171.355255098548,584.0538701939737,766.0500646778045,-3.587054919509246,2568.498190000738,6115.859964896842,68.26153920847952,3.4243548476421513,-11.466188952663067,-175.5017119540106
200.5,9166.554850732442,584.104346716702,765.3482730701389,-3.6017662557572647,2564.9032561150902,6099.54717009349,68.26153920847952,3.421217687620892,-11.465361787754489,-175.50070753738174
200.60000000000002,9161.73921860708,584.154749281262,764.6475895776267,-3.6165085850055676,2561.3199840608568,6083.293716926282,68.26153920847952,3.4180854809683883,-11.464535854623001,-175.49970366239472
200.70000000000002,9156.908346777316,584.2050780085964,763.9480111093185,-3.6312818848993462,2557.7483335619363,6067.099335423948,68.26153920847952,3.4149582138677426,-11.463711151238572,-175.49870032880028
200.8,9152.062223377638,584.2553330192931,763.2495345854633,-3.6460861331279504,2554.188264513112,6050.963757066325,68.26153920847952,3.411835872552115,-11.462887675577372,-175.49769753634948
200.9,9147.200836622156,584.3055144335644,762.5521569374605,-3.6609213074246942,2550.6397369791775,6034.8867147753235,68.26153920847952,3.4087184433045126,-11.462065425621747,-175.4966952847938
201.0,9142.324174804613,584.355622371266,761.8558751078125,-3.6757873855666694,2547.102711194078,6018.867942905972,68.26153920847952,3.405605912457572,-11.4612443993602,-175.49569357388506
201.10000000000002,9137.432226296514,584.4056569518768,761.1606860500766,-3.690684345374552,2543.577147560476,6002.9071772380275,68.26153920847952,3.4024982663933514,-11.460424594787375,-175.4946924033754
201.20000000000002,9132.52497954946,584.4556182945197,760.4665867288184,-3.7056121647124147,2540.063006648363,5987.004154966513,68.26153920847952,3.399395491543115,-11.459606009904023,-175.49369177301742
201.3,9127.60242309235,584.505506517961,759.773574119564,-3.7205708214875353,2536.5602491948475,5971.158614693691,68.26153920847952,3.3962975743871247,-11.458788642716991,-175.492691682564
201.4,9122.664545532782,584.5553217405977,759.0816452087539,-3.73556029365021,2533.0688361029875,5955.370296419969,68.26153920847952,3.3932045014544303,-11.457972491239188,-175.4916921317684
201.5,9117.711335556582,584.605064080468,758.390796993696,-3.7505805591935593,2529.5887284410587,5939.638941535385,68.26153920847952,3.390116259322663,-11.457157553489573,-175.49069312038432
201.60000000000002,9112.742781925946,584.6547336552534,757.7010264825191,-3.7656315961533458,2526.1198874421375,5923.964292811499,68.26153920847952,3.3870328346178242,-11.456343827493134,-175.4896946481658
201.70000000000002,9107.75887348177,584.7043305822862,757.012330694127,-3.7807133826077775,2522.662274502739,5908.346094392234,68.26153920847952,3.383954214014083,-11.455531311280858,-175.48869671486722
201.8,9102.75959914131,584.7538549785301,756.3247066581524,-3.795825896677325,2519.2158511825146,5892.784091786023,68.26153920847952,3.380880384233569,-11.454720002889712,-175.48769932024337
201.9,9097.744947899133,584.8033069606078,755.6381514149115,-3.8109691165245287,2515.7805792032186,5877.27803185715,68.26153920847952,3.377811332046167,-11.453909900362627,-175.48670246404942
202.0,9092.714908826165,584.852686644777,754.9526620153576,-3.8261430203538147,2512.3564204480945,5861.827662817612,68.26153920847952,3.3747470442693146,-11.45310100174847,-175.48570614604097
202.10000000000002,9087.669471069705,584.9019941469547,754.268235521037,-3.8413475864113034,2508.943336961064,5846.432734218842,68.26153920847952,3.3716875077678,-11.45229330510203,-175.48471036597394
202.20000000000002,9082.608623852953,584.951229582698,753.5848690040428,-3.8565827929846224,2505.5412909460106,5831.092996943561,68.26153920847952,3.3686327094535597,-11.451486808483986,-175.48371512360464
202.3,9077.53235647548,585.0003930672264,752.9025595469708,-3.871848618402719,2502.150244765873,5815.808203197477,68.26153920847952,3.3655826362854784,-11.450681509960896,-175.4827204186898
202.4,9072.440658311825,585.0494847153973,752.2213042428741,-3.887145041035673,2498.770160942155,5800.578106501508,68.26153920847952,3.362537275269187,-11.449877407605168,-175.48172625098655
202.5,9067.333518812433,585.0985046417308,751.5411001952194,-3.9024720392945076,2495.4010021539098,5785.402461683466,68.26153920847952,3.359496613456868,-11.449074499495046,-175.4807326202524
202.60000000000002,9062.210927502718,585.1474529604019,750.8619445178424,-3.9178295916310044,2492.0427312371603,5770.281024870272,68.26153920847952,3.3564606379470545,-11.448272783714584,-175.47973952624525
202.70000000000002,9057.0728739826,585.1963297852374,750.1838343349034,-3.9332176765375158,2488.695311184206,5755.213553480097,68.26153920847952,3.3534293358844334,-11.447472258353628,-175.4787469687234
202.8,9051.91934792744,585.2451352297255,749.5067667808439,-3.948636272546776,2485.3587051426275,5740.199806214221,68.26153920847952,3.3504026944596506,-11.44667292150779,-175.47775494744553
202.9,9046.750339086168,585.29386940701,748.8307390003431,-3.9640853582317193,2482.0328764149212,5725.2395430496435,68.26153920847952,3.3473807009091163,-11.44587477127844,-175.4767634621708
203.0,9041.565837282687,585.342532429894,748.1557481482739,-3.97956491220529,2478.717788457404,5710.332525230916,68.26153920847952,3.3443633425148094,-11.44507780577267,-175.47577251265866
203.10000000000002,9036.365832414012,585.3911244108366,747.4817913896601,-3.9950749131202548,2475.4134048798524,5695.478515262862,68.26153920847952,3.3413506066040832,-11.44428202310328,-175.47478209866907
203.20000000000002,9031.150314451195,585.4396454619703,746.8088658996331,-4.010615339669023,2472.1196894445275,5680.677276902642,68.26153920847952,3.338342480549478,-11.443487421388761,-175.47379221996235
203.3,9025.919273438398,585.4880956950857,746.1369688633896,-4.026186170583456,2468.836606065607,5665.928575152339,68.26153920847952,3.3353389517685232,-11.44269399875327,-175.4728028762992
203.4,9020.672699493822,585.5364752216327,745.4660974761481,-4.041787384634679,2465.5641188082177,5651.232176251119,68.26153920847952,3.332340007723552,-11.441901753326611,-175.47181406744082
203.5,9015.410582807846,585.5847841527395,744.7962489431072,-4.057418960632905,2462.3021918880872,5636.587847668158,68.26153920847952,3.3293456359215075,-11.441110683244219,-175.47082579314872
203.60000000000002,9010.13291364396,585.6330225991804,744.1274204794032,-4.073080877427242,2459.0507896705803,5621.995358094916,68.26153920847952,3.326355823913758,-11.44032078664713,-175.46983805318487
203.70000000000002,9004.839682338294,585.6811906714158,743.4596093100678,-4.088773113905509,2455.809876670051,5607.454477437803,68.26153920847952,3.323370559295906,-11.439532061681968,-175.4688508473117
203.8,8999.53087929869,585.7292884795723,742.7928126699865,-4.104495648994054,2452.579417549295,5592.964976811023,68.26153920847952,3.320389829707603,-11.438744506500928,-175.467864175292
203.9,8994.206495005637,585.7773161334344,742.127027803857,-4.120248461657569,2449.359377118607,5578.526628528996,68.26153920847952,3.3174136228323614,-11.437958119261749,-175.466878036889
204.0,8988.866520011332,585.8252737424793,741.4622519661477,-4.1360315308989035,2446.149720335233,5564.139206099292,68.26153920847952,3.3144419263973717,-11.437172898127699,-175.46589243186637
204.10000000000002,8983.510944939218,585.8731614158371,740.7984824210564,-4.151844835758883,2442.950412302744,5549.802484215506,68.26153920847952,3.3114747281733163,-11.436388841267553,-175.46490735998813
204.20000000000002,8978.139760484453,585.9209792623197,740.1357164424691,-4.167688355316123,2439.7614182701964,5535.516238749942,68.26153920847952,3.308512015974187,-11.435605946855572,-175.46392282101885
204.3,8972.752957413439,585.9687273904137,739.4739513139193,-4.183562068686848,2436.582703631503,5521.280246746582,68.26153920847952,3.305553777657101,-11.434824213071487,-175.46293881472346
204.4,8967.350526563358,586.016405908289,738.8131843285474,-4.199465955024706,2433.4142339248087,5507.094286414099,68.26153920847952,3.3026000011221197,-11.43404363810048,-175.46195534086723
204.5,8961.932458841708,586.0640149237747,738.1534127890602,-4.215399993520587,2430.255974831872,5492.958137118929,68.26153920847952,3.299650674312069,-11.433264220133163,-175.46097239921605
204.60000000000002,8956.498745227698,586.1115545443995,737.4946340076904,-4.231364163402436,2427.1078921770377,5478.871579377911,68.26153920847952,3.2967057852123567,-11.432485957365552,-175.4599899895361
204.70000000000002,8951.049376769457,586.1590248773537,736.8368453061564,-4.247358443935077,2423.969951927133,5464.834394852022,68.26153920847952,3.2937653218507954,-11.431708847999062,-175.45900811159404
204.8,8945.584344585892,586.2064260295233,736.180044015623,-4.263382814420025,2420.8421201903466,5450.846366339009,68.26153920847952,3.290829272297423,-11.430932890240474,-175.45802676515694
204.9,8940.103639865294,586.2537581074589,735.5242274766608,-4.2794372541953045,2417.724363215825,5436.907277766862,68.26153920847952,3.287897624664323,-11.430158082301926,-175.45704594999233
205.0,8934.60725386627,586.3010212174138,734.8693930392075,-4.295521742635271,2414.616647392771,5423.016914186776,68.26153920847952,3.2849703671054544,-11.429384422400886,-175.4560656658682
205.10000000000002,8929.09517791681,586.3482154653087,734.2155380625276,-4.3116362591504265,2411.5189392499365,5409.175061766599,68.26153920847952,3.2820474878164663,-11.428611908760145,-175.455085912553
205.20000000000002,8923.567403413355,586.3953409567627,733.5626599151741,-4.327780783187235,2408.4312054551297,5395.38150778434,68.26153920847952,3.27912897503453,-11.427840539607779,-175.45410668981543
205.3,8918.023921821732,586.4423977970648,732.910755974949,-4.343955294227946,2405.3534128143224,5381.636040621248,68.26153920847952,3.2762148170381624,-11.427070313177149,-175.45312799742493
205.4,8912.464724676684,586.4893860912084,732.2598236288645,-4.360159771790412,2402.2855282710552,5367.9384497552965,68.26153920847952,3.2733050021470502,-11.426301227706873,-175.45214983515115
205.5,8906.889803581405,586.5363059438699,731.6098602731047,-4.376394195427905,2399.227518905855,5354.288525754704,68.26153920847952,3.2703995187218817,-11.425533281440808,-175.4511722027643
205.60000000000002,8901.299150207546,586.5831574594057,730.9608633129865,-4.392658544728939,2396.1793519355465,5340.68606027138,68.26153920847952,3.2674983551641708,-11.424766472628036,-175.45019510003502
205.70000000000002,8895.692756295204,586.6299407418807,730.3128301629218,-4.408952799317088,2393.140994712577,5327.130846034419,68.26153920847952,3.2646014999160866,-11.424000799522835,-175.44921852673434
205.8,8890.070613652002,586.6766558950312,729.6657582463795,-4.425276938850805,2390.112414724537,5313.62267684387,68.26153920847952,3.2617089414602844,-11.423236260384677,-175.44824248263382
205.9,8884.432714153081,586.7233030223051,729.0196449958471,-4.441630943023244,2387.093579593489,5300.161347564319,68.26153920847952,3.258820668319738,-11.42247285347819,-175.44726696750544
206.0,8878.779049742036,586.769882226837,728.3744878527933,-4.458014791562078,2384.084457075094,5286.746654118275,68.26153920847952,3.2559366690575637,-11.421710577073162,-175.44629198112165
206.10000000000002,8873.109612429049,586.8163936114472,727.7302842676303,-4.474428464229319,2381.0850150583474,5273.378393480297,68.26153920847952,3.2530569322768614,-11.4209494294445,-175.4453175232553
206.20000000000002,8867.42439429136,586.862837278659,727.0870316996762,-4.49087194082114,2378.095221564815,5260.056363670588,68.26153920847952,3.2501814466205405,-11.420189408872227,-175.44434359367975
206.3,8861.723387473729,586.909213330708,726.4447276171182,-4.507345201167699,2375.115044747872,5246.7803637486295,68.26153920847952,3.2473102007711563,-11.419430513641464,-175.44337019216877
206.4,8856.006584187504,586.9555218695003,725.8033694969753,-4.523848225132953,2372.144452892248,5233.5501938072,68.26153920847952,3.244443183450744,-11.4186727420424,-175.44239731849666
206.5,8850.273976710625,587.0017629966591,725.1629548250612,-4.540380992614483,2369.1834144133722,5220.365654966216,68.26153920847952,3.241580383420655,-11.417916092370291,-175.44142497243809
206.60000000000002,8844.525557387155,587.0479368135094,724.5234810959481,-4.556943483543316,2366.2318978568246,5207.226549366703,68.26153920847952,3.2387217894813904,-11.417160562925424,-175.4404531537683
206.70000000000002,8838.76131862728,587.0940434210631,723.8849458129296,-4.573535677883748,2363.2898718976835,5194.132680164713,68.26153920847952,3.2358673904724387,-11.416406152013115,-175.43948186226285
206.8,8832.98125290731,587.1400829200497,723.2473464879846,-4.590157555633161,2360.35730533989,5181.083851525288,68.26153920847952,3.233017175272114,-11.415652857943682,-175.43851109769787
206.9,8827.18535276968,587.1860554108947,722.6106806417412,-4.60680909682185,2357.4341671156017,5168.0798686164535,68.26153920847952,3.2301711327973925,-11.414900679032431,-175.43754085984997
207.0,8821.373610822018,587.2319609937241,721.9749458034402,-4.623490281512843,2354.520426284755,5155.120537603463,68.26153920847952,3.227329252003752,-11.414149613599637,-175.43657114849617
207.10000000000002,8815.546019737143,587.2777997683845,721.3401395108998,-4.640201089801723,2351.616052034434,5142.205665642889,68.26153920847952,3.2244915218850134,-11.413399659970528,-175.43560196341392
207.20000000000002,8809.702572253533,587.3235718344108,720.7062593104797,-4.656941501816454,2348.721013678136,5129.335060876613,68.26153920847952,3.2216579314731786,-11.412650816475267,-175.43463330438124
207.3,8803.843261174392,587.3692772910582,720.0733027570452,-4.673711497717202,2345.8352806553467,5116.508532426208,68.26153920847952,3.2188284698382703,-11.411903081448932,-175.43366517117653
207.4,8797.968079368118,587.4149162372795,719.4412674139322,-4.690511057696156,2342.958822530812,5103.725890387011,68.26153920847952,3.2160031260881796,-11.411156453231504,-175.43269756357873
207.5,8792.07701976737,587.4604887717512,718.8101508529119,-4.707340161977356,2340.0916089941175,5090.986945822578,68.26153920847952,3.2131818893685025,-11.410410930167846,-175.4317304813672
207.60000000000002,8786.170075369067,587.5059949928493,718.1799506541556,-4.724198790816517,2337.2336098590704,5078.291510758946,68.26153920847952,3.210364748862386,-11.409666510607687,-175.43076392432184
207.70000000000002,8780.247239234857,587.5514349986696,717.5506644062001,-4.741086924500845,2334.3847950629815,5065.639398178841,68.26153920847952,3.2075516937903714,-11.408923192905604,-175.4297978922229
207.8,8774.308504490647,587.5968088870103,716.9222897059127,-4.758004543348871,2331.545134666158,5053.030422016115,68.26153920847952,3.204742713410241,-11.40818097542101,-175.42883238485126
207.9,8768.353864325676,587.6421167553899,716.2948241584567,-4.774951627710271,2328.714598851486,5040.464397150352,68.26153920847952,3.20193779701686,-11.407439856518124,-175.42786740198815
208.0,8762.383311992977,587.6873587010404,715.6682653772568,-4.791928157965689,2325.8931579237274,5027.941139401172,68.26153920847952,3.1991369339420244,-11.406699834565975,-175.42690294341537
208.10000000000002,8756.396840809844,587.7325348209147,715.0426109839655,-4.808934114526568,2323.0807823088217,5015.460465522591,68.26153920847952,3.1963401135543097,-11.405960907938363,-175.4259390089151
208.20000000000002,8750.394444155972,587.7776452116709,714.417858608428,-4.825969477834966,2320.277442553673,5003.022193197916,68.26153920847952,3.193547325258915,-11.40522307501386,-175.42497559827007
208.3,8744.376115474384,587.8226899696948,713.7940058886492,-4.843034228363392,2317.483109325364,4990.62614103408,68.26153920847952,3.1907585584975147,-11.40448633417578,-175.42401271126352
208.4,8738.341848271899,587.8676691910825,713.1710504707592,-4.860128346614621,2314.6977534104562,4978.272128556092,68.26153920847952,3.187973802748103,-11.403750683812172,-175.4230503476791
208.5,8732.291636117268,587.9125829716625,712.5489900089802,-4.877251813121529,2311.921345714798,4965.95997620206,68.26153920847952,3.1851930475248507,-11.403016122315798,-175.42208850730094
208.60000000000002,8726.225472642574,587.957431406965,711.9278221655928,-4.894404608446911,2309.153857262639,4953.689505317502,68.26153920847952,3.1824162823779467,-11.402282648084121,-175.4211271899137
208.70000000000002,8720.143351541832,588.002214592262,711.3075446109026,-4.911586713183317,2306.3952591963366,4941.460538150342,68.26153920847952,3.1796434968934566,-11.401550259519285,-175.42016639530254
208.8,8714.04526657192,588.046932622528,710.6881550232071,-4.9287981079528675,2303.645522775584,4929.272897845397,68.26153920847952,3.1768746806931696,-11.400818955028099,-175.41920612325305
208.9,8707.931211551186,588.0915855924835,710.0696510887627,-4.946038773407088,2300.9046193771183,4917.126408439434,68.26153920847952,3.1741098234344545,-11.400088733022017,-175.41824637355134
209.0,8701.801180360373,588.13617359655,709.452030501752,-4.963308690226735,2298.172520493952,4905.020894855733,68.26153920847952,3.171348914810109,-11.399359591917138,-175.41728714598398
209.10000000000002,8695.655166941695,588.1806967288974,708.8352909642506,-4.980607839121619,2295.4491977349912,4892.956182899095,68.26153920847952,3.1685919445482167,-11.398631530134166,-175.41632844033805
209.20000000000002,8689.493165299762,588.225155083395,708.219430186195,-4.997936200830438,2292.734622824277,4880.932099250495,68.26153920847952,3.1658389024119993,-11.397904546098413,-175.41537025640113
209.3,8683.315169499721,588.2695487536655,707.6044458853503,-5.0152937561206,2290.0287676007983,4868.948471462357,68.26153920847952,3.1630897781996747,-11.397178638239776,-175.41441259396126
209.4,8677.121173668187,588.3138778330442,706.9903357872772,-5.032680485788052,2287.331604017737,4857.0051279532545,68.26153920847952,3.160344561744308,-11.396453804992717,-175.413455452807
209.5,8670.91117199324,588.3581424146028,706.3770976253007,-5.050096370657113,2284.6431041419064,4845.101898002866,68.26153920847952,3.1576032429136722,-11.395730044796254,-175.41249883272738
209.60000000000002,8664.6851587235,588.402342591137,705.7647291404777,-5.067541391580296,2281.9632401533827,4833.238611747135,68.26153920847952,3.154865811610104,-11.395007356093942,-175.41154273351196
209.70000000000002,8658.443128168583,588.4464784551769,705.1532280815651,-5.085015529438139,2279.291984344854,4821.415100173199,68.26153920847952,3.1521322577703605,-11.394285737333854,-175.41058715495072
209.8,8652.185074699111,588.4905500989861,704.5425922049885,-5.102518765139036,2276.629309121068,4809.631195114414,68.26153920847952,3.1494025713654783,-11.39356518696858,-175.40963209683423
209.9,8645.91099274531,588.5345576145586,703.9328192748104,-5.120051079619063,2273.9751869985657,4797.886729245736,68.26153920847952,3.1466767424006337,-11.392845703455187,-175.40867755895346
210.0,8639.62087679794,588.5785010936262,703.3239070626988,-5.137612453841808,2271.3295906049434,4786.181536078623,68.26153920847952,3.143954760915,-11.392127285255224,-175.40772354109993
210.10000000000002,8633.314721408766,588.6223806276452,702.7158533478961,-5.155202868798204,2268.692492678212,4774.515449956071,68.26153920847952,3.14123661698161,-11.3914099308347,-175.40677004306565
210.20000000000002,8626.992521188222,588.6661963078215,702.1086559171877,-5.172822305506354,2266.0638660667323,4762.888306048282,68.26153920847952,3.138522300707215,-11.390693638664063,-175.40581706464317
210.3,8620.654270807281,588.7099482250895,701.5023125648714,-5.190470745011361,2263.443683728293,4751.299940347471,68.26153920847952,3.1358118022321495,-11.389978407218193,-175.40486460562548
210.4,8614.29996499652,588.7536364701144,700.8968210927267,-5.208148168385165,2260.8319187297643,4739.750189663289,68.26153920847952,3.133105111730189,-11.389264234976382,-175.40391266580608
210.5,8607.929598545656,588.7972611333101,700.2921793099832,-5.225854556726366,2258.2285442466573,4728.238891618181,68.26153920847952,3.130402219408417,-11.388551120422322,-175.40296124497894
210.60000000000002,8601.543166304473,588.8408223048385,699.6883850332914,-5.24358989116006,2255.6335335624044,4716.765884642491,68.26153920847952,3.127703115507086,-11.387839062044083,-175.40201034293864
210.70000000000002,8595.140663180966,588.884320074574,699.0854360866912,-5.261354152837662,2253.046860068209,4705.331007970172,68.26153920847952,3.125007790299483,-11.387128058334106,-175.40105995948014
210.8,8588.722084142733,588.927754532163,698.4833303015821,-5.279147322936751,2250.4684972622326,4693.934101633844,68.26153920847952,3.122316234091792,-11.386418107789183,-175.40011009439897
210.9,8582.287424216047,588.9711257669677,697.8820655166933,-5.296969382660889,2247.8984187492633,4682.575006460379,68.26153920847952,3.119628437222963,-11.385709208910445,-175.39916074749115
211.0,8575.836678486317,589.0144338681088,697.281639578053,-5.314820313239454,2245.3365982400983,4671.253564066209,68.26153920847952,3.1169443900645746,-11.385001360203342,-175.39821191855322
211.10000000000002,8569.369842096698,589.0576789244474,696.6820503389596,-5.332700095927482,2242.783009551308,4659.969616853065,68.26153920847952,3.114264083020703,-11.384294560177633,-175.39726360738214
211.20000000000002,8562.88691024948,589.1008610245864,696.0832956599507,-5.350608712005488,2240.237626604439,4648.723008003159,68.26153920847952,3.111587506527787,-11.383588807347373,-175.39631581377552
211.3,8556.387878204696,589.1439802568779,695.4853734087748,-5.368546142779303,2237.7004234257797,4637.51358147497,68.26153920847952,3.1089146510544965,-11.382884100230887,-175.39536853753134
211.4,8549.87274128059,589.1870367094158,694.8882814603609,-5.386512369579908,2235.171374145759,4626.341181998688,68.26153920847952,3.106245507101603,-11.382180437350774,-175.39442177844816
211.5,8543.341494853608,589.2300304700442,694.2920176967897,-5.404507373763263,2232.650452998436,4615.205655071759,68.26153920847952,3.103580065201845,-11.38147781723387,-175.39347553632507
211.60000000000002,8536.794134357478,589.2729616263582,693.6965800072643,-5.422531136710142,2230.137634321181,4604.106846954678,68.26153920847952,3.1009183159197997,-11.38077623841125,-175.39252981096158
211.70000000000002,8530.230655284133,589.3158302656963,693.1019662880811,-5.44058363982597,2227.6328925539856,4593.0446046664065,68.26153920847952,3.098260249851754,-11.380075699418212,-175.3915846021578
211.8,8523.651053183246,589.3586364751462,692.508174442601,-5.458664864540651,2225.1362022390554,4582.018775980108,68.26153920847952,3.0956058576255736,-11.379376198794247,-175.39063990971428
211.9,8517.05532366084,589.4013803415507,691.9152023812205,-5.476774792308404,2222.6475380205934,4571.029209419127,68.26153920847952,3.0929551299005746,-11.378677735083052,-175.38969573343212
212.0,8510.443462380674,589.4440619515069,691.3230480213432,-5.494913404607598,2220.1668746440205,4560.07575425237,68.26153920847952,3.090308057367396,-11.377980306832484,-175.38875207311293
212.10000000000002,8503.815465063788,589.4866813913553,690.7317092873511,-5.513080682940585,2217.694186955579,4549.15826049016,68.26153920847952,3.087664630747872,-11.377283912594574,-175.3878089285588
212.20000000000002,8497.171327488031,589.5292387471918,690.1411841105763,-5.531276608833536,2215.2294499019304,4538.276578880065,68.26153920847952,3.0850248407949046,-11.37658855092549,-175.38686629957238
212.3,8490.511045487598,589.5717341048736,689.5514704292729,-5.549501163836275,2212.7726385297647,4527.430560902786,68.26153920847952,3.0823886782923378,-11.375894220385542,-175.3859241859568
212.4,8483.834614953957,589.6141675500024,688.9625661885884,-5.567754329522111,2210.3237279851255,4516.620058767771,68.26153920847952,3.0797561340548336,-11.37520091953915,-175.38498258751568
212.5,8477.14203183446,589.6565391679507,688.3744693405365,-5.58603608748768,2207.8826935132047,4505.844925409339,68.26153920847952,3.0771271989277422,-11.374508646954844,-175.38404150405322
212.60000000000002,8470.433292133268,589.6988490438308,687.7871778439683,-5.604346419352775,2205.449510457675,4495.105014482346,68.26153920847952,3.0745018637869816,-11.373817401205244,-175.38310093537407
212.70000000000002,8463.708391910419,589.7410972625157,687.2006896645452,-5.622685306760184,2203.024154260399,4484.400180358269,68.26153920847952,3.0718801195389136,-11.373127180867044,-175.38216088128348
212.8,8456.967327282298,589.7832839086471,686.6150027747109,-5.641052731375524,2200.6066004608565,4473.730278121025,68.26153920847952,3.0692619571202147,-11.372437984521001,-175.3812213415871
212.9,8450.21009442117,589.8254090666188,686.0301151536643,-5.659448674887081,2198.1968246957663,4463.095163563007,68.26153920847952,3.0666473674977626,-11.371749810751924,-175.38028231609115
213.0,8443.436689554714,589.8674728205806,685.4460247873317,-5.677873119005642,2195.794802698702,4452.49469318114,68.26153920847952,3.0640363416685044,-11.37106265814865,-175.37934380460243
213.10000000000002,8436.64710896695,589.9094752544497,684.8627296683399,-5.696326045464334,2193.400510299443,4441.928724172693,68.26153920847952,3.061428870659341,-11.370376525304044,-175.37840580692816
213.20000000000002,8429.841348996852,589.9514164519068,684.2802277959887,-5.714807436018462,2191.0139234237795,4431.397114431573,68.26153920847952,3.058824945527003,-11.369691410814971,-175.37746832287613
213.3,8423.019406038802,589.99329649638,683.6985171762243,-5.733317272445345,2188.6350180929567,4420.899722544272,68.26153920847952,3.0562245573579307,-11.369007313282298,-175.3765313522546
213.4,8416.1812765426,590.0351154710814,683.1175958216122,-5.751855536544153,2186.263770423213,4410.4364077859445,68.26153920847952,3.0536276972681557,-11.368324231310861,-175.37559489487242
213.5,8409.326957013458,590.0768734589643,682.5374617513104,-5.7704222101357425,2183.9001566253187,4400.007030116493,68.26153920847952,3.0510343564031777,-11.367642163509473,-175.37465895053893
213.60000000000002,8402.45644401107,590.1185705427724,681.9581129910429,-5.789017275062502,2181.5441530043013,4389.611450176879,68.26153920847952,3.0484445259378474,-11.366961108490889,-175.37372351906393
213.70000000000002,8395.569734150078,590.1602068049915,681.379547573073,-5.807640713188181,2179.1957359588982,4379.249529285163,68.26153920847952,3.0458581970762486,-11.366281064871814,-175.37278860025782
213.8,8388.666824099608,590.2017823278869,680.8017635361771,-5.826292506397734,2176.854881981194,4368.921129432772,68.26153920847952,3.0432753610515797,-11.36560203127287,-175.3718541939315
213.9,8381.747710583732,590.2432971934882,680.2247589256184,-5.844972636597157,2174.521567656078,4358.626113280599,68.26153920847952,3.040696009126035,-11.364924006318592,-175.3709202998964
214.0,8374.812390381005,590.284751483596,679.6485317931205,-5.863681085713327,2172.1957696608856,4348.364344155307,68.26153920847952,3.038120132590689,-11.364246988637419,-175.3699869179644
214.10000000000002,8367.860860323999,590.3261452797692,679.0730801968416,-5.882417835693839,2169.877464765045,4338.135686045663,68.26153920847952,3.03554772276538,-11.363570976861672,-175.36905404794803
214.20000000000002,8360.893117299769,590.367478663347,678.4984022013484,-5.901182868506851,2167.566629829535,4327.940003598703,68.26153920847952,3.0329787709985934,-11.362895969627544,-175.3681216896602
214.3,8353.909158249386,590.4087517154353,677.9244958775907,-5.919976166140918,2165.263241806543,4317.777162116128,68.26153920847952,3.030413268667348,-11.362221965575088,-175.36718984291443
214.4,8346.908980167937,590.4499645169054,677.351359302875,-5.938797710604832,2162.967277739017,4307.647027550595,68.26153920847952,3.0278512071770787,-11.361548963348204,-175.36625850752478
214.5,8339.892580103595,590.4911171484138,676.7789905608397,-5.957647483927468,2160.6787147604095,4297.549466502245,68.26153920847952,3.025292577961524,-11.360876961594622,-175.36532768330574
214.60000000000002,8332.859955159016,590.5322096903733,676.2073877414289,-5.976525468157614,2158.3975300939733,4287.484346214778,68.26153920847952,3.0227373724826103,-11.360205958965892,-175.36439737007242
214.70000000000002,8325.81110248994,590.5732422229869,675.6365489408676,-5.995431645363824,2156.123701052595,4277.4515345721165,68.26153920847952,3.0201855822303427,-11.359535954117375,-175.36346756764038
214.8,8318.746019306127,590.6142148262186,675.0664722616361,-6.014365997634246,2153.857205038184,4267.4509000946155,68.26153920847952,3.0176371987226873,-11.35886694570822,-175.3625382758258
214.9,8311.664702869952,590.6551275798095,674.4971558124455,-6.033328507076474,2151.5980195415154,4257.482311935767,68.26153920847952,3.0150922135054614,-11.358198932401363,-175.3616094944453
215.0,8304.567150497343,590.6959805632819,673.9285977082118,-6.052319155817382,2149.346122141618,4247.545639878465,68.26153920847952,3.0125506181522215,-11.357531912863505,-175.36068122331602
215.10000000000002,8297.45335955685,590.7367738559248,673.3607960700315,-6.071337926002967,2147.1014905055304,4237.6407543316545,68.26153920847952,3.010012404264151,-11.3568658857651,-175.35975346225567
215.20000000000002,8290.32332747057,590.7775075368257,672.793749025157,-6.090384799798197,2144.8641023877017,4227.767526326643,68.26153920847952,3.007477563469952,-11.356200849780349,-175.35882621108246
215.3,8283.177051713225,590.8181816848177,672.2274547069716,-6.109459759386839,2142.633935629742,4217.9258275138,68.26153920847952,3.0049460874257323,-11.355536803587178,-175.35789946961518
215.4,8276.014529811684,590.8587963785412,671.6619112549648,-6.128562786971317,2140.4109681601008,4208.115530159175,68.26153920847952,3.0024179678148966,-11.354873745867236,-175.3569732376731
215.5,8268.835759346373,590.8993516964065,671.0971168147086,-6.1476938647725445,2138.195177993373,4198.336507140794,68.26153920847952,2.9998931963480366,-11.354211675305875,-175.35604751507597
215.60000000000002,8261.640737949405,590.9398477165947,670.5330695378321,-6.16685297502977,2135.9865432302513,4188.588631945595,68.26153920847952,2.997371764762824,-11.353550590592132,-175.35512230164417
215.70000000000002,8254.429463305045,590.9802845170764,669.9697675819983,-6.186040100000421,2133.785042057013,4178.871778665931,68.26153920847952,2.9948536648238995,-11.352890490418732,-175.35419759719855
215.8,8247.201933150645,591.0206621756021,669.4072091108791,-6.205255221959943,2131.5906527449365,4169.185821996025,68.26153920847952,2.992338888322768,-11.352231373482063,-175.35327340156047
215.9,8239.95814527478,591.0609807697166,668.8453922941319,-6.224498323201649,2129.40335365025,4159.530637228965,68.26153920847952,2.989827427077689,-11.35157323848217,-175.35234971455185
216.0,8232.69809751818,591.1012403767231,668.2843153073754,-6.243769386036558,2127.22312321354,4149.90610025319,68.26153920847952,2.9873192729335694,-11.350916084122739,-175.35142653599513
216.10000000000002,8225.42178777419,591.141441073728,667.7239763321661,-6.263068392793242,2125.049939959264,4140.3120875490895,68.26153920847952,2.9848144177618607,-11.350259909111083,-175.3505038657133
216.20000000000002,8218.129213986918,591.1815829376269,667.1643735559741,-6.282395325817669,2122.8837824956977,4130.748476186058,68.26153920847952,2.9823128534604484,-11.349604712158138,-175.34958170352985
216.3,8210.820374152157,591.2216660450686,666.6055051721597,-6.3017501674730445,2120.724629514358,4121.21514381904,68.26153920847952,2.9798145719535483,-11.34895049197844,-175.3486600492688
216.4,8203.495266318321,591.261690472529,666.0473693799505,-6.321132900139664,2118.5724597894273,4111.711968685123,68.26153920847952,2.9773195651916042,-11.348297247290121,-175.3477389027547
216.5,8196.153888583649,591.3016562962393,665.4899643844171,-6.340543506214747,2116.427252177886,4102.238829600803,68.26153920847952,2.9748278251511784,-11.347644976814896,-175.34681826381268
216.60000000000002,8188.796239099,591.341563592234,664.9332883964505,-6.359981968112293,2114.2889856185857,4092.7956059582657,68.26153920847952,2.9723393438348524,-11.346993679278045,-175.3458981322683
216.70000000000002,8181.422316065524,591.3814124363407,664.3773396327385,-6.379448268262918,2112.157639132301,4083.382177722622,68.26153920847952,2.969854113271121,-11.346343353408404,-175.34497850794773
216.8,8174.0321177355945,591.4212029041529,663.8221163157431,-6.398942389113704,2110.033191821156,4073.9984254285614,68.26153920847952,2.9673721255142884,-11.34569399793836,-175.3440593906777
216.9,8166.625642412808,591.4609350710817,663.267616673677,-6.418464313128045,2107.91562286824,4064.644230177203,68.26153920847952,2.9648933726443683,-11.345045611603828,-175.34314078028532
217.0,8159.202888451517,591.5006090123094,662.7138389404814,-6.438014022785494,2105.8049115373037,4055.3194736330483,68.26153920847952,2.962417846766979,-11.344398193144242,-175.34222267659842
217.10000000000002,8151.763854256831,591.5402248028088,662.1607813558024,-6.4575915005816045,2103.701037172374,4046.0240380208525,68.26153920847952,2.9599455400132433,-11.343751741302551,-175.34130507944522
217.20000000000002,8144.308538284153,591.5797825173581,661.6084421649692,-6.477196729027782,2101.6039791974613,4036.757806122642,68.26153920847952,2.957476444539686,-11.343106254825198,-175.34038798865456
217.3,8136.83693903964,591.619282230517,661.056819618971,-6.496829690651129,2099.513717116083,4027.5206612745287,68.26153920847952,2.9550105525281354,-11.34246173246211,-175.3394714040557
217.4,8129.349055079743,591.6587240166483,660.5059119744346,-6.516490367994291,2097.430230510978,4018.3124873637535,68.26153920847952,2.952547856185619,-11.341818172966692,-175.3385553254786
217.5,8121.844885011204,591.6981079498906,659.9557174936024,-6.536178743615306,2095.3534990437224,4009.13316882564,68.26153920847952,2.950088347744268,-11.341175575095804,-175.3376397527536
217.60000000000002,8114.324427491054,591.7374341041968,659.4062344443096,-6.555894800087448,2093.2835024543547,3999.9825906405817,68.26153920847952,2.9476320194612144,-11.340533937609763,-175.33672468571163
217.70000000000002,8106.787681226153,591.776702553309,658.8574610999626,-6.57563851999908,2091.22022056109,3990.8606383311244,68.26153920847952,2.9451788636184943,-11.339893259272321,-175.3358101241842
217.8,8099.234644973651,591.8159133707547,658.3093957395166,-6.5954098859534955,2089.163633259857,3981.767197958899,68.26153920847952,2.942728872522948,-11.339253538850658,-175.33489606800327
217.9,8091.665317540523,591.8550666298671,657.7620366474538,-6.615208880568775,2087.113720524016,3972.702156121748,68.26153920847952,2.9402820385061212,-11.338614775115369,-175.33398251700135
218.0,8084.079697783105,591.8941624037801,657.2153821137613,-6.635035486477627,2085.070462404075,3963.665399950854,68.26153920847952,2.93783835392417,-11.337976966840458,-175.33306947101153
218.10000000000002,8076.477784608025,591.9332007654225,656.6694304339096,-6.654889686327239,2083.0338390271486,3954.6568171076574,68.26153920847952,2.9353978111577606,-11.33734011280331,-175.33215692986738
218.20000000000002,8068.8595769708045,591.9721817875111,656.124179908831,-6.6747714627791295,2081.003830596854,3945.67629578119,68.26153920847952,2.932960402611974,-11.336704211784705,-175.33124489340304
218.3,8061.225073876325,592.0111055425753,655.5796288448978,-6.69468079850899,2078.980417392858,3936.7237246851055,68.26153920847952,2.93052612071621,-11.336069262568785,-175.33033336145317
218.4,8053.57427437976,592.0499721029478,655.0357755539007,-6.714617676206542,2076.96357977034,3927.798993054638,68.26153920847952,2.928094957924089,-11.33543526394305,-175.32942233385293
218.5,8045.9071775847115,592.0887815407481,654.492618353028,-6.734582078575382,2074.9532981599828,3918.9019906440776,68.26153920847952,2.925666906713359,-11.334802214698348,-175.3285118104381
218.60000000000002,8038.223782643676,592.1275339279019,653.9501555648436,-6.754573988332834,2072.9495530675235,3910.0326077238565,68.26153920847952,2.923241959585801,-11.334170113628865,-175.3276017910449
218.70000000000002,8030.524088758975,592.1662293361346,653.4083855172664,-6.774593388209798,2070.952325073222,3901.1907350775523,68.26153920847952,2.920820109067129,-11.333538959532113,-175.32669227551014
218.8,8022.808095181361,592.2048678369868,652.8673065435489,-6.794640260950598,2068.961594831768,3892.376263999344,68.26153920847952,2.9184013477069026,-11.332908751208912,-175.32578326367113
218.9,8015.075801210478,592.2434495017925,652.3269169822563,-6.81471458931284,2066.9773430718383,3883.589086291135,68.26153920847952,2.9159856680784295,-11.332279487463389,-175.32487475536576
219.0,8007.327206194866,592.281974401684,651.7872151772455,-6.834816356067253,2064.9995505957477,3874.829094259791,68.26153920847952,2.9135730627786702,-11.33165116710296,-175.3239667504324
219.10000000000002,7999.562309531495,592.3204426076047,651.2481994776443,-6.854945543997548,2063.0281982791826,3866.0961807144668,68.26153920847952,2.9111635244281504,-11.331023788938325,-175.32305924870997
219.20000000000002,7991.781110666227,592.3588541903068,650.7098682378311,-6.875102135900266,2061.0632670707632,3857.390238963791,68.26153920847952,2.9087570456708636,-11.330397351783446,-175.32215225003793
219.3,7983.9836090928875,592.3972092203524,650.1722198174134,-6.8952861145846285,2059.1047379918764,3848.7111628133093,68.26153920847952,2.9063536191741814,-11.329771854455554,-175.3212457542563
219.4,7976.169804353733,592.4355077680841,649.6352525812082,-6.915497462872391,2057.1525921362368,3840.0588465627034,68.26153920847952,2.9039532376287593,-11.329147295775117,-175.3203397612056
219.5,7968.339696039446,592.4737499036893,649.0989648992208,-6.935736163597697,2055.2068106695456,3831.4331850031062,68.26153920847952,2.9015558937484487,-11.328523674565849,-175.3194342707269
219.60000000000002,7960.493283788674,592.5119356971278,648.563355146625,-6.956002199606924,2053.2673748292355,3822.834073414511,68.26153920847952,2.8991615802702024,-11.32790098965468,-175.31852928266176
219.70000000000002,7952.630567288026,592.5500652181956,648.0284217037423,-6.976295553758541,2051.3342659241293,3814.2614075631227,68.26153920847952,2.8967702899539867,-11.32727923987176,-175.31762479685239
219.8,7944.751546272542,592.5881385364767,647.4941629560224,-6.99661620892296,2049.407465334013,3805.71508369864,68.26153920847952,2.894382015582689,-11.326658424050446,-175.3167208131414
219.9,7936.856220524758,592.6261557213845,646.9605772940224,-7.016964147982391,2047.4869545094748,3797.1949985517995,68.26153920847952,2.8919967499620314,-11.326038541027286,-175.315817331372
220.0,7928.944589875173,592.6641168421299,646.4276631133874,-7.037339353830691,2045.572714971479,3788.7010493316848,68.26153920847952,2.889614485920477,-11.325419589642006,-175.3149143513879
220.10000000000002,7921.016654201318,592.7020219677297,645.8954188148304,-7.057741809373219,2043.664728311206,3780.233133723305,68.26153920847952,2.887235216309144,-11.324801568737513,-175.31401187303345
220.20000000000002,7913.072413429152,592.7398711670282,645.3638428041119,-7.078171497526692,2041.7629761894618,3771.7911498847757,68.26153920847952,2.884858934001715,-11.324184477159868,-175.31310989615338
220.3,7905.111867531203,592.7776645086739,644.8329334920212,-7.098628401219036,2039.8674403366886,3763.3749964450876,68.26153920847952,2.882485631894351,-11.323568313758287,-175.31220842059307
220.4,7897.135016528424,592.8154020611216,644.302689294356,-7.11911250338924,2037.9781025522957,3754.9845725012447,68.26153920847952,2.8801153029056024,-11.322953077385124,-175.31130744619836
220.5,7889.1418604883365,592.8530838926546,643.7731086319031,-7.139623786987215,2036.0949447046708,3746.6197776160534,68.26153920847952,2.8777479399763197,-11.322338766895866,-175.31040697281568
220.60000000000002,7881.132399525959,592.8907100713556,643.2441899304191,-7.160162234973643,2034.2179487306857,3738.2805118154597,68.26153920847952,2.875383536069572,-11.321725381149117,-175.309507000292
220.70000000000002,7873.1066338033415,592.928280665132,642.7159316206104,-7.180727830319833,2032.3470966354532,3729.9666755861253,68.26153920847952,2.8730220841705534,-11.321112919006588,-175.30860752847477
220.8,7865.064563529566,592.9657957416975,642.1883321381146,-7.2013205560075795,2030.4823704920075,3721.678169872954,68.26153920847952,2.870663577286501,-11.320501379333093,-175.30770855721198
220.9,7857.006188960746,593.0032553685949,641.661389923481,-7.221940395029015,2028.6237524409826,3713.414896076627,68.26153920847952,2.8683080084466086,-11.319890760996534,-175.30681008635224
221.0,7848.931510399561,593.0406596131714,641.1351034221514,-7.242587330386466,2026.771224690373,3705.1767560512203,68.26153920847952,2.8659553707019403,-11.319281062867889,-175.30591211574458
221.10000000000002,7840.840528195258,593.0780085425972,640.609471084441,-7.263261345092308,2024.9247695152194,3696.963652101785,68.26153920847952,2.863605657125345,-11.318672283821202,-175.3050146452386
221.20000000000002,7832.73324274458,593.1153022238556,640.0844913655199,-7.283962422168822,2023.0843692571198,3688.775486981758,68.26153920847952,2.8612588608113736,-11.31806442273358,-175.30411767468453
221.3,7824.609654489905,593.1525407237574,639.5601627253934,-7.3046905446480555,2021.2500063242542,3680.6121638908753,68.26153920847952,2.8589149748761917,-11.31745747848517,-175.303221203933
221.4,7816.469763921108,593.1897241089271,639.0364836288841,-7.325445695571668,2019.421663190729,3672.473586472464,68.26153920847952,2.8565739924574984,-11.316851449959163,-175.30232523283522
221.5,7808.313571573701,593.2268524457993,638.5134525456125,-7.346227857990802,2017.599322396608,3664.3596588113833,68.26153920847952,2.8542359067144414,-11.316246336041774,-175.30142976124299
221.60000000000002,7800.141078029759,593.2639258006509,637.9910679499789,-7.367037014965926,2015.7829665474271,3656.270285431498,68.26153920847952,2.8519007108275325,-11.315642135622232,-175.30053478900857
221.70000000000002,7791.952283917461,593.3009442395494,637.4693283211442,-7.387873149566704,2013.972578313972,3648.2053712934116,68.26153920847952,2.849568397998567,-11.31503884759278,-175.29964031598476
221.8,7783.747189911082,593.3379078284157,636.9482321430122,-7.408736244871844,2012.168140431968,3640.164821792135,68.26153920847952,2.84723896145054,-11.31443647084865,-175.29874634202497
221.9,7775.525796731003,593.3748166329751,636.4277779042106,-7.429626283968958,2010.369635701775,3632.1485427547586,68.26153920847952,2.8449123944275643,-11.313835004288064,-175.29785286698305
222.0,7767.2881051441655,593.4116707187753,635.9079640980731,-7.450543249954425,2008.5770469879967,3624.156440438076,68.26153920847952,2.8425886901947877,-11.313234446812226,-175.29695989071342
222.10000000000002,7759.0341159622185,593.4484701511885,635.3887892226209,-7.4714871259332405,2006.790357219515,3616.188421526599,68.26153920847952,2.8402678420383136,-11.3126347973253,-175.29606741307109
222.20000000000002,7750.763830043841,593.4852149954188,634.8702517805445,-7.492457895018882,2005.009549388765,3608.2443931298862,68.26153920847952,2.837949843265118,-11.312036054734406,-175.2951754339115
222.3,7742.477248292882,593.521905316483,634.3523502791863,-7.513455540333167,2003.2346065517715,3600.3242627805994,68.26153920847952,2.83563468720297,-11.31143821794962,-175.29428395309074
222.4,7734.174371658359,593.5585411792331,633.8350832305217,-7.534480045006108,2001.4655118278486,3592.427938432235,68.26153920847952,2.83332236720035,-11.310841285883948,-175.2933929704653
222.5,7725.855201135855,593.5951226483319,633.3184491511416,-7.555531392175772,1999.7022483990504,3584.5553284566713,68.26153920847952,2.831012876626371,-11.310245257453323,-175.29250248589233
222.60000000000002,7717.519737765659,593.6316497882834,632.8024465622349,-7.576609564988149,1997.9447995102098,3576.706341642244,68.26153920847952,2.828706208870699,-11.309650131576603,-175.29161249922942
222.70000000000002,7709.167982633226,593.6681226634162,632.2870739895701,-7.597714546596997,1996.193148468558,3568.880887191453,68.26153920847952,2.8264023573434716,-11.30905590717555,-175.29072301033477
222.8,7700.799936870579,593.7045413378786,631.7723299634781,-7.618846320163713,1994.4472786431788,3561.0788747185443,68.26153920847952,2.8241013154752217,-11.308462583174821,-175.28983401906703
222.9,7692.415601653513,593.7409058756479,631.2582130188346,-7.640004868857186,1992.7071734652218,3553.300214247779,68.26153920847952,2.821803076716797,-11.307870158501967,-175.2889455252855
223.0,7684.0149782039225,593.777216340539,630.7447216950421,-7.661190175853667,1990.9728164271892,3545.5448162108796,68.26153920847952,2.819507634539283,-11.307278632087419,-175.28805752884986
223.10000000000002,7675.598067788407,593.8134727961888,630.2318545360133,-7.6824022243366175,1989.2441910828968,3537.8125914451007,68.26153920847952,2.8172149824339243,-11.30668800286447,-175.28717002962046
223.20000000000002,7667.1648717187345,593.8496753060616,629.719610090153,-7.703640997496577,1987.521281047105,3530.103451191007,68.26153920847952,2.814925113912046,-11.306098269769285,-175.2862830274581
223.3,7658.715391351376,593.8858239334487,629.2079869103409,-7.724906478531027,1985.8040699953099,3522.4173070904135,68.26153920847952,2.8126380225049794,-11.30550943174087,-175.28539652222418
223.4,7650.249628087971,593.9219187414882,628.6969835539148,-7.746198650644245,1984.0925416633786,3514.7540711841934,68.26153920847952,2.810353701763981,-11.304921487721076,-175.28451051378056
223.5,7641.7675833744,593.9579597931361,628.1865985826533,-7.767517497047171,1982.3866798474307,3507.1136559103197,68.26153920847952,2.80807214526016,-11.304334436654587,-175.28362500198966
223.60000000000002,7633.2692587012425,593.9939471511808,627.6768305627585,-7.788863000957268,1980.686468403468,3499.495974101689,68.26153920847952,2.805793346584399,-11.303748277488905,-175.2827399867145
223.70000000000002,7624.754655604251,594.0298808782446,627.1676780648392,-7.810235145598383,1978.9918912470152,3491.900938983975,68.26153920847952,2.8035172993472792,-11.30316300917435,-175.28185546781853
223.8,7616.223775663413,594.0657610367837,626.6591396638938,-7.831633914200609,1977.3029323529984,3484.328464173696,68.26153920847952,2.8012439971790055,-11.302578630664044,-175.28097144516573
223.9,7607.676620502956,594.1015876890883,626.1512139392942,-7.853059290000153,1975.6195757554738,3476.7784636761676,68.26153920847952,2.7989734337293304,-11.3019951409139,-175.28008791862072
224.0,7599.11319179181,594.1373608972834,625.6438994747677,-7.874511256239191,1973.941805547258,3469.250851883372,68.26153920847952,2.796705602667478,-11.301412538882621,-175.27920488804858
224.10000000000002,7590.533491242677,594.1730807233258,625.1371948583818,-7.8959897961657335,1972.269605879827,3461.745543572078,68.26153920847952,2.7944404976820723,-11.300830823531685,-175.27832235331493
224.20000000000002,7581.937520613428,594.2087472290004,624.6310986825265,-7.917494893033493,1970.6029609627833,3454.2624539016037,68.26153920847952,2.792178112481061,-11.300249993825334,-175.2774403142859
224.3,7573.325281704776,594.2443604759444,624.1256095438981,-7.939026530101743,1968.9418550640014,3446.8014984121614,68.26153920847952,2.78991844079164,-11.29967004873057,-175.27655877082822
224.4,7564.696776362602,594.2799205256183,623.6207260434828,-7.960584690635178,1967.286272508936,3439.3625930225003,68.26153920847952,2.787661476360184,-11.299090987217141,-175.27567772280904
224.5,7556.052006476559,594.3154274393265,623.1164467865403,-7.98216935790379,1965.6361976806043,3431.945654028144,68.26153920847952,2.7854072129521685,-11.298512808257538,-175.27479717009615
224.60000000000002,7547.390973979607,594.3508812782082,622.6127703825875,-8.003780515182719,1963.9916150193958,3424.5505980994844,68.26153920847952,2.7831556443521013,-11.297935510826976,-175.2739171125578
224.70000000000002,7538.713680849411,594.3862821032333,622.1096954453822,-8.025418145752129,1962.3525090225537,3417.177342279602,68.26153920847952,2.7809067643634457,-11.297359093903399,-175.27303755006284
224.8,7530.020129106473,594.4216299752175,621.6072205929065,-8.047082232897058,1960.7188642442388,3409.825803982604,68.26153920847952,2.778660566808551,-11.296783556467455,-175.2721584824806
224.9,7521.310320816003,594.4569249548205,621.1053444473515,-8.068772759907299,1959.0906652949325,3402.4959009913964,68.26153920847952,2.7764170455285795,-11.296208897502499,-175.27127990968094
225.0,7512.584258086048,594.492167102531,620.6040656351006,-8.090489710077257,1957.4678968415012,3395.187551456045,68.26153920847952,2.7741761943834335,-11.295635115994584,-175.27040183153423
225.10000000000002,7503.84194306843,594.5273564786771,620.103382786714,-8.112233066705812,1955.850543606769,3387.9006738917196,68.26153920847952,2.7719380072516877,-11.29506221093244,-175.26952424791142
225.20000000000002,7495.083377958741,594.562493143438,619.6032945369121,-8.134002813096192,1954.23859036925,3380.6351871767793,68.26153920847952,2.7697024780305126,-11.294490181307479,-175.268647158684
225.3,7486.308564995881,594.5975771568282,619.1037995245607,-8.155798932555832,1952.6320219629752,3373.39101055096,68.26153920847952,2.76746960063561,-11.293919026113779,-175.2677705637239
225.4,7477.5175064615905,594.6326085786959,618.6048963926543,-8.177621408396242,1951.0308232773086,3366.1680636135534,68.26153920847952,2.765239369001136,-11.293348744348076,-175.2668944629037
225.5,7468.710204681847,594.6675874687402,618.1065837883008,-8.19947022393288,1949.4349792564449,3358.9662663213335,68.26153920847952,2.763011777079637,-11.292779335009756,-175.26601885609642
225.60000000000002,7459.886662025005,594.7025138865091,617.6088603627059,-8.221345362485001,1947.8444748994777,3351.785538986967,68.26153920847952,2.760786818841975,-11.292210797100848,-175.26514374317563
225.70000000000002,7451.0468809027225,594.7373878913738,617.1117247711572,-8.24324680737555,1946.2592952599782,3344.6258022770307,68.26153920847952,2.75856448827726,-11.291643129626012,-175.26426912401544
225.8,7442.190863769967,594.772209542572,616.6151756730095,-8.265174541931005,1944.6794254457413,3337.4869772101706,68.26153920847952,2.7563447793927818,-11.291076331592526,-175.26339499849053
225.9,7433.318613124546,594.8069788991662,616.1192117316685,-8.287128549481254,1943.1048506186137,3330.3689851553454,68.26153920847952,2.7541276862139394,-11.290510402010293,-175.262521366476
226.0,7424.430131507106,594.8416960200711,615.6238316145759,-8.309108813359467,1941.5355559942352,3323.271747830005,68.26153920847952,2.751913202784173,-11.289945339891815,-175.2616482278476
226.10000000000002,7415.525421501137,594.8763609640547,615.1290339931938,-8.331115316901956,1939.971526841791,3316.1951872982854,68.26153920847952,2.749701323164895,-11.289381144252193,-175.26077558248147
226.20000000000002,7406.604485733435,594.9109737897173,614.63481754299,-8.353148043448046,1938.4127484836777,3309.1392259691474,68.26153920847952,2.747492041435423,-11.288817814109118,-175.25990343025444
226.3,7397.667326872703,594.9455345555068,614.1411809434225,-8.375206976339944,1936.8592062954986,3302.103786594796,68.26153920847952,2.745285351692912,-11.28825534848286,-175.25903177104377
226.4,7388.713947630953,594.9800433197331,613.6481228779242,-8.397292098922607,1935.3108857055695,3295.088792268697,68.26153920847952,2.7430812480522864,-11.287693746396263,-175.25816060472724
226.5,7379.744350762572,595.0145001405309,613.1556420338882,-8.419403394543613,1933.7677721948332,3288.094166423948,68.26153920847952,2.740879724646172,-11.287133006874734,-175.25728993118315
226.60000000000002,7370.758539064322,595.0489050758968,612.6637371026529,-8.44154084655302,1932.2298512966142,3281.119832831534,68.26153920847952,2.7386807756248315,-11.286573128946232,-175.25641975029043
226.70000000000002,7361.7565153753385,595.0832581836738,612.172406779487,-8.463704438303248,1930.697108596373,3274.165715598572,68.26153920847952,2.7364843951560958,-11.286014111641265,-175.25555006192843
226.8,7352.738282578066,595.117559521548,611.6816497635743,-8.485894153148944,1929.169529731299,3267.2317391664446,68.26153920847952,2.734290577425297,-11.285455953992878,-175.25468086597704
226.9,7343.703843595926,595.1518091470646,611.1914647579996,-8.50810997444685,1927.6471003904728,3260.3178283094185,68.26153920847952,2.7320993166352068,-11.284898655036645,-175.25381216231673
227.0,7334.653201395646,595.1860071176101,610.7018504697335,-8.53035188555567,1926.1298063142192,3253.4239081325923,68.26153920847952,2.7299106070059644,-11.284342213810664,-175.2529439508284
227.10000000000002,7325.586358985398,595.2201534904236,610.2128056096179,-8.552619869835949,1924.6176332941905,3246.5499040704585,68.26153920847952,2.7277244427750182,-11.283786629355543,-175.25207623139363
227.20000000000002,7316.503319416195,595.2542483225883,609.7243288923517,-8.574913910649933,1923.110567172882,3239.695741885008,68.26153920847952,2.7255408181970537,-11.283231900714396,-175.25120900389436
227.3,7307.404085780494,595.2882916710571,609.2364190364757,-8.59723399136145,1921.608593843639,3232.8613476642577,68.26153920847952,2.723359727543934,-11.282678026932832,-175.25034226821316
227.4,7298.288661213592,595.32228359261,608.7490747643589,-8.619580095335772,1920.1116992501738,3226.046647820361,68.26153920847952,2.7211811651046314,-11.282125007058948,-175.2494760242331
227.5,7289.157048891764,595.3562241438993,608.2622948021833,-8.641952205939493,1918.619869386653,3219.25156908822,68.26153920847952,2.719005125185166,-11.281572840143323,-175.24861027183775
227.60000000000002,7280.009252033662,595.3901133814171,607.7760778799303,-8.664350306540394,1917.1330902972193,3212.4760385236295,68.26153920847952,2.7168316021085404,-11.281021525239005,-175.24774501091122
227.70000000000002,7270.84527389938,595.423951361515,607.2904227313661,-8.686774380507318,1915.6513480759177,3205.71998350176,68.26153920847952,2.714660590214675,-11.280471061401508,-175.24688024133815
227.8,7261.665117791388,595.4577381403981,606.8053280940275,-8.709224411210045,1914.174628866305,3198.983331715396,68.26153920847952,2.7124920838603472,-11.279921447688798,-175.24601596300369
227.9,7252.4687870536,595.491473774122,606.3207927092077,-8.731700382019154,1912.7029188613737,3192.266011173441,68.26153920847952,2.710326077419125,-11.279372683161291,-175.24515217579355
228.0,7243.256285071373,595.5251583185985,605.8368153219426,-8.754202276305909,1911.236204303322,3185.5679501992963,68.26153920847952,2.7081625652813073,-11.27882476688184,-175.24428887959394
228.10000000000002,7234.027615271509,595.5587918296008,605.3533946809963,-8.776730077442123,1909.7744714833236,3178.8890774292595,68.26153920847952,2.7060015418538583,-11.27827769791573,-175.24342607429156
228.20000000000002,7224.782781122718,595.5923743627382,604.8705295388474,-8.799283768800027,1908.3177067412184,3172.2293218108553,68.26153920847952,2.7038430015603465,-11.277731475330668,-175.2425637597737
228.3,7215.521786135156,595.6259059735023,604.3882186516753,-8.821863333752155,1906.8658964653653,3165.588612601317,68.26153920847952,2.701686938840884,-11.277186098196777,-175.2417019359281
228.4,7206.244633859955,595.6593867172209,603.9064607793458,-8.844468755671208,1905.4190270924926,3158.9668793660703,68.26153920847952,2.6995333481520616,-11.276641565586587,-175.24084060264303
228.5,7196.951327890158,595.6928166490883,603.4252546853979,-8.86710001792993,1903.9770851073142,3152.36405197703,68.26153920847952,2.69738222396689,-11.276097876575028,-175.23997975980737
228.60000000000002,7187.641871859785,595.7261958241504,602.9445991370299,-8.889757103900978,1902.5400570424638,3145.780060611177,68.26153920847952,2.695233560774736,-11.275555030239417,-175.23911940731045
228.70000000000002,7178.316269443836,595.7595242973182,602.4644929050855,-8.91243999695681,1901.1079294782703,3139.214835748997,68.26153920847952,2.6930873530812653,-11.275013025659455,-175.2382595450421
228.8,7168.974524358287,595.7928021233585,601.9849347640409,-8.935148680469537,1899.6806890425348,3132.6683081729425,68.26153920847952,2.6909435954083776,-11.274471861917222,-175.2374001728927
228.9,7159.616640361026,595.8260293568859,601.5059234919902,-8.957883137810818,1898.2583224101484,3126.1404089657626,68.26153920847952,2.688802282294148,-11.273931538097164,-175.2365412907532
229.0,7150.242621250451,595.8592060523908,601.027457870633,-8.980643352351724,1896.8408163031124,3119.6310695091825,68.26153920847952,2.686663408292767,-11.273392053286086,-175.23568289851497
229.10000000000002,7140.852470865939,595.8923322642157,600.5495366852604,-9.003429307462612,1895.4281574902343,3113.1402214823097,68.26153920847952,2.6845269679744805,-11.272853406573143,-175.23482499606996
229.20000000000002,7131.446193088312,595.9254080465636,600.0721587247414,-9.02624098651301,1894.020332786834,3106.6677968600657,68.26153920847952,2.682392955925528,-11.272315597049834,-175.2339675833107
229.3,7122.023791838437,595.9584334534948,599.5953227815104,-9.049078372871477,1892.6173290547592,3100.2137279118865,68.26153920847952,2.6802613667480877,-11.271778623809999,-175.23311066013005
229.4,7112.585271078162,595.9914085389385,599.1190276515533,-9.0719414499055,1891.2191332020157,3093.7779472000925,68.26153920847952,2.6781321950602117,-11.271242485949802,-175.23225422642162
229.5,7103.13063481031,596.0243333566791,598.6432721343947,-9.094830200981342,1889.8257321825438,3087.3603875784147,68.26153920847952,2.6760054354957723,-11.270707182567728,-175.23139828207937
229.60000000000002,7093.659887078684,596.0572079603637,598.1680550330844,-9.117744609463948,1888.437112996009,3080.9609821905146,68.26153920847952,2.673881082704399,-11.270172712764575,-175.23054282699786
229.70000000000002,7084.173031967133,596.0900324035013,597.6933751541848,-9.140684658716795,1887.0532626877423,3074.57966446865,68.26153920847952,2.6717591313514237,-11.269639075643449,-175.22968786107214
229.8,7074.670073600486,596.1228067394724,597.2192313077571,-9.16365033210179,1885.6741683483706,3068.216368132089,68.26153920847952,2.6696395761178193,-11.269106270309752,-175.22883338419777
229.9,7065.151016143616,596.1555310215065,596.7456223073495,-9.186641612979132,1884.2998171137617,3061.871027185791,68.26153920847952,2.6675224117001437,-11.268574295871176,-175.22797939627088
230.0,7055.615863802377,596.1882053027094,596.2725469699833,-9.209658484707198,1882.9301961646552,3055.5435759188344,68.26153920847952,2.665407632810482,-11.268043151437693,-175.22712589718802
230.10000000000002,7046.064620823134,596.22082963604,595.8000041161404,-9.232700930642412,1881.5652927265312,3049.233948903054,68.26153920847952,2.6632952341763887,-11.26751283612156,-175.22627288684635
230.20000000000002,7036.497291491833,596.2534040743359,595.3279925697507,-9.255768934139136,1880.2050940695578,3042.9420809917415,68.26153920847952,2.6611852105408307,-11.26698334903729,-175.22542036514346
230.3,7026.913880135398,596.2859286702859,594.856511158179,-9.278862478549533,1878.849587508145,3036.6679073180353,68.26153920847952,2.6590775566621296,-11.266454689301659,-175.22456833197762
230.4,7017.314391120803,596.3184034764513,594.3855587122129,-9.30198154722345,1877.498760400898,3030.4113632936455,68.26153920847952,2.656972267313907,-11.265926856033701,-175.22371678724738
230.5,7007.698828855064,596.3508285452615,593.9151340660492,-9.325126123508305,1876.1526001504064,3024.1723846074515,68.26153920847952,2.6548693372850263,-11.265399848354688,-175.222865730852
230.60000000000002,6998.067197785713,596.3832039290062,593.4452360572825,-9.348296190748952,1874.8110942029637,3017.950907224049,68.26153920847952,2.6527687613795368,-11.264873665388134,-175.22201516269115
230.70000000000002,6988.4195024003275,596.415529679848,592.9758635268919,-9.37149173228757,1873.4742300484368,3011.746867382425,68.26153920847952,2.6506705344166175,-11.264348306259784,-175.22116508266504
230.8,6978.755747226067,596.4478058498064,592.5070153192287,-9.394712731463535,1872.1419952201434,3005.5602015946497,68.26153920847952,2.648574651230524,-11.2638237700976,-175.22031549067444
230.9,6969.075936830137,596.4800324907901,592.038690282004,-9.417959171613308,1870.814377294569,2999.390846644441,68.26153920847952,2.6464811066705285,-11.263300056031767,-175.21946638662055
231.0,6959.38007581979,596.512209654548,591.5708872662767,-9.441231036070304,1869.4913638911648,2993.238739585807,68.26153920847952,2.6443898956008685,-11.262777163194674,-175.21861777040516
231.10000000000002,6949.6681688427925,596.5443373927195,591.1036051264406,-9.464528308164779,1868.1729426720688,2987.103817741631,68.26153920847952,2.642301012900689,-11.262255090720908,-175.21776964193054
231.20000000000002,6939.940220585559,596.5764157568061,590.6368427202125,-9.487850971223708,1866.8591013422179,2980.9860187025747,68.26153920847952,2.6402144534639915,-11.261733837747258,-175.21692200109945
231.3,6930.196235775482,596.6084447981749,590.17059890862,-9.511199008570665,1865.549827648757,2974.8852803254304,68.26153920847952,2.638130212199574,-11.261213403412691,-175.21607484781518
231.4,6920.436219178606,596.6404245680653,589.7048725559896,-9.534572403525704,1864.2451093812322,2968.801540732105,68.26153920847952,2.6360482840309833,-11.260693786858358,-175.21522818198156
231.5,6910.6601756010205,596.6723551175887,589.2396625299339,-9.557971139405241,1862.9449343711563,2962.7347383081037,68.26153920847952,2.6339686638964546,-11.260174987227579,-175.21438200350292
231.60000000000002,6900.868109888863,596.70423649773,588.7749677013402,-9.581395199521932,1861.649290491815,2956.6848117012237,68.26153920847952,2.6318913467488616,-11.25965700366584,-175.21353631228408
231.70000000000002,6891.0600269273855,596.7360687593409,588.3107869443584,-9.604844567184555,1860.3581656582237,2950.651699820366,68.26153920847952,2.6298163275556634,-11.259139835320784,-175.21269110823036
231.8,6881.235931641422,596.7678519531447,587.8471191363889,-9.628319225697894,1859.0715478268569,2944.635341834178,68.26153920847952,2.6277436012988478,-11.258623481342207,-175.21184639124763
231.9,6871.395828994922,596.799586129737,587.3839631580709,-9.651819158362619,1857.7894249955298,2938.6356771698147,68.26153920847952,2.6256731629748815,-11.258107940882041,-175.21100216124225
232.0,6861.539723991882,596.8312713395861,586.9213178932703,-9.675344348475164,1856.5117852030498,2932.65264551154,68.26153920847952,2.623605007594654,-11.257593213094362,-175.2101584181211
232.10000000000002,6851.667621675413,596.8629076330417,586.4591822290683,-9.698894779327619,1855.238616529181,2926.6861867995653,68.26153920847952,2.6215391301834297,-11.25707929713537,-175.20931516179155
232.20000000000002,6841.779527128208,596.8944950603052,585.9975550557496,-9.722470434207603,1853.9699070943698,2920.7362412287193,68.26153920847952,2.6194755257807896,-11.256566192163389,-175.20847239216147
232.3,6831.875445471611,596.9260336714741,585.5364352667902,-9.746071296398151,1852.7056450597165,2914.8027492473093,68.26153920847952,2.617414189440585,-11.256053897338857,-175.20763010913933
232.4,6821.9553818665445,596.9575235165113,585.0758217588468,-9.7696973491776,1851.445818626624,2908.8856515557404,68.26153920847952,2.6153551162308815,-11.255542411824319,-175.20678831263393
232.5,6812.019341513049,596.9889646452559,584.615713431744,-9.79334857581946,1850.1904160366873,2902.984889105322,68.26153920847952,2.613298301233907,-11.255031734784424,-175.20594700255478
232.60000000000002,6802.067329650279,597.020357107415,584.1561091884638,-9.817024959592313,1848.9394255715074,2897.100403097038,68.26153920847952,2.611243739546004,-11.254521865385913,-175.20510617881172
232.70000000000002,6792.099351556506,597.0517009525806,583.6970079351337,-9.84072648375969,1847.6928355525004,2891.2321349803005,68.26153920847952,2.609191426277575,-11.254012802797613,-175.20426584131525
232.8,6782.11541254865,597.0829962302198,583.238408581015,-9.864453131579952,1846.4506343407902,2885.3800264517854,68.26153920847952,2.6071413565530324,-11.253504546190431,-175.20342598997627
232.9,6772.115517983213,597.1142429896626,582.7803100384922,-9.888204886306172,1845.212810336866,2879.5440194540897,68.26153920847952,2.6050935255107475,-11.25299709473735,-175.20258662470624
233.0,6762.099673255347,597.1454412801418,582.3227112230608,-9.911981731186033,1843.9793519805542,2873.724056174641,68.26153920847952,2.603047928303,-11.252490447613413,-175.2017477454171
233.10000000000002,6752.067883798853,597.1765911507395,581.8656110533167,-9.935783649461701,1842.7502477508317,2867.920079044489,68.26153920847952,2.601004560095929,-11.25198460399573,-175.20090935202128
233.20000000000002,6742.020155087113,597.207692650429,581.4090084509445,-9.959610624369708,1841.5254861654882,2862.1320307369756,68.26153920847952,2.5989634160694792,-11.251479563063459,-175.20007144443176
233.3,6731.9564926312305,597.2387458280589,580.9529023407068,-9.983462639140846,1840.305055781254,2856.3598541667957,68.26153920847952,2.5969244914173557,-11.250975323997801,-175.199234022562
233.4,6721.8769019818865,597.2697507323593,580.4972916504327,-10.007339677000049,1839.0889451933053,2850.603492488556,68.26153920847952,2.59488778134697,-11.250471885982003,-175.19839708632594
233.5,6711.781388727948,597.3007074119367,580.0421753110065,-10.031241721166275,1837.8771430353195,2844.8628890957834,68.26153920847952,2.592853281079393,-11.24996924820134,-175.1975606356381
233.60000000000002,6701.669958496932,597.3316159152774,579.5875522563575,-10.055168754852394,1836.6696379792115,2839.137987619684,68.26153920847952,2.5908209858493043,-11.249467409843112,-175.1967246704134
233.70000000000002,6691.54261695547,597.3624762907428,579.1334214234481,-10.07912076126508,1835.466418734883,2833.42873192792,68.26153920847952,2.588790890904944,-11.248966370096635,-175.19588919056739
233.8,6681.39936980838,597.393288586578,578.6797817522636,-10.103097723604687,1834.2674740501946,2827.73506612357,68.26153920847952,2.5867629915080634,-11.248466128153243,-175.19505419601595
233.9,6671.24022279866,597.4240528509094,578.2266321858007,-10.127099625065142,1833.0727927107869,2822.056934543967,68.26153920847952,2.5847372829338777,-11.247966683206272,-175.19421968667564
234.0,6661.065181708429,597.4547691317435,577.773971670057,-10.151126448833832,1831.88236353975,2816.394281759435,68.26153920847952,2.5827137604710146,-11.247468034451057,-175.1933856624634
234.10000000000002,6650.874252357986,597.4854374769664,577.3217991540203,-10.175178178091489,1830.696175397602,2810.74705257227,68.26153920847952,2.5806924194214687,-11.24697018108492,-175.19255212329674
234.20000000000002,6640.66744060535,597.5160579343434,576.8701135896575,-10.199254796012076,1829.5142171821888,2805.115192015658,68.26153920847952,2.578673255100552,-11.246473122307178,-175.1917190690936
234.3,6630.444752348121,597.5466305515289,576.4189139319043,-10.223356285762682,1828.3364778282,2799.4986453523097,68.26153920847952,2.5766562628368463,-11.245976857319118,-175.1908864997725
234.4,6620.206193521153,597.577155376059,575.9681991386542,-10.2474826305034,1827.1629463073828,2793.897358073638,68.26153920847952,2.574641437972157,-11.245481385324002,-175.1900544152524
234.5,6609.951770097949,597.6076324553345,575.517968170748,-10.271633813387222,1825.993611628133,2788.3112758984576,68.26153920847952,2.5726287758614634,-11.244986705527058,-175.1892228154528
234.60000000000002,6599.681488089729,597.638061836669,575.0682199919631,-10.295809817559922,1824.8284628354788,2782.7403447719967,68.26153920847952,2.5706182718728723,-11.244492817135471,-175.1883917002937
234.70000000000002,6589.395353546366,597.668443567234,574.6189535690037,-10.32001062615995,1823.6674890107547,2777.1845108646753,68.26153920847952,2.5686099213875724,-11.243999719358381,-175.1875610696955
234.8,6579.093372555915,597.6987776940965,574.1701678714892,-10.344236222318319,1822.510679271506,2771.6437205710645,68.26153920847952,2.5666037197997857,-11.24350741140687,-175.1867309235793
234.9,6568.7755512446165,597.7290642642084,573.7218618719445,-10.368486589158492,1821.3580227713198,2766.117920508795,68.26153920847952,2.564599662516721,-11.243015892493965,-175.18590126186646
235.0,6558.441895775963,597.7593033244033,573.2740345457897,-10.39276170979627,1820.2095086998052,2760.607057517589,68.26153920847952,2.562597744958529,-11.242525161834617,-175.185072084479
235.10000000000002,6548.092412351631,597.7894949214041,572.8266848713292,-10.417061567339692,1819.0651262822742,2755.11107865806,68.26153920847952,2.5605979625582536,-11.24203521864571,-175.1842433913394
235.20000000000002,6537.727107211947,597.8196391018078,572.379811829742,-10.44138614488891,1817.9248647794948,2749.629931210587,68.26153920847952,2.55860031076179,-11.241546062146051,-175.18341518237065
235.3,6527.345986634493,597.8497359121044,571.9334144050711,-10.465735425536089,1816.7887134877528,2744.163562674415,68.26153920847952,2.5566047850278335,-11.241057691556351,-175.18258745749614
235.4,6516.949056934565,597.8797853986733,571.4874915842132,-10.490109392365294,1815.6566617386086,2738.7119207665382,68.26153920847952,2.5546113808278386,-11.240570106099234,-175.18176021663987
235.5,6506.536324465647,597.9097876077811,571.0420423569092,-10.514508028452383,1814.528698898655,2733.274953420587,68.26153920847952,2.5526200936459715,-11.240083304999224,-175.1809334597263
235.60000000000002,6496.10779561894,597.9397425855725,570.597065715733,-10.538931316864893,1813.4048143694263,2727.8526087858295,68.26153920847952,2.5506309189790635,-11.239597287482738,-175.18010718668035
235.70000000000002,6485.663476823363,597.9696503780818,570.1525606560825,-10.563379240661934,1812.2849975872346,2722.444835226133,68.26153920847952,2.548643852336569,-11.239112052778085,-175.17928139742747
235.8,6475.20337454509,597.9995110312412,569.708526176169,-10.587851782894084,1811.1692380230809,2717.051581318983,68.26153920847952,2.546658889240519,-11.238627600115446,-175.17845609189362
235.9,6464.727495288476,598.0293245908597,569.2649612770074,-10.612348926603273,1810.0575251823416,2711.672795854334,68.26153920847952,2.5446760252254768,-11.238143928726892,-175.17763127000518
236.0,6454.235845595133,598.059091102631,568.8218649624059,-10.636870654822678,1808.9498486047532,2706.3084278336914,68.26153920847952,2.542695255838493,-11.23766103784635,-175.1768069316891
236.10000000000002,6443.728432044387,598.0888106121519,568.3792362389569,-10.66141695057662,1807.8461978641794,2700.958426469043,68.26153920847952,2.540716576639062,-11.237178926709618,-175.17598307687277
236.20000000000002,6433.205261253286,598.1184831648997,567.9370741160261,-10.685987796880447,1806.746562568445,2695.6227411818345,68.26153920847952,2.538739983199078,-11.236697594554343,-175.1751597054841
236.3,6422.666339875665,598.1481088062418,567.4953776057437,-10.710583176740437,1805.6509323593293,2690.3013216020763,68.26153920847952,2.53676547110279,-11.23621704062003,-175.17433681745152
236.4,6412.11167460354,598.1776875814439,567.0541457229939,-10.735203073153679,1804.5592969121797,2684.9941175671734,68.26153920847952,2.5347930359467603,-11.235737264148025,-175.17351441270387
236.5,6401.541272166185,598.2072195356443,566.6133774854055,-10.759847469107974,1803.4716459359008,2679.7010791210273,68.26153920847952,2.532822673339819,-11.23525826438151,-175.17269249117052
236.60000000000002,6390.955139329657,598.2367047138796,566.1730719133424,-10.784516347581736,1802.3879691728725,2674.4221565131106,68.26153920847952,2.5308543789030207,-11.234780040565504,-175.17187105278137
236.70000000000002,6380.353282897733,598.2661431610875,565.7332280298933,-10.80920969154386,1801.308256398642,2669.15730019736,68.26153920847952,2.528888148269604,-11.234302591946843,-175.17105009746675
236.8,6369.735709711444,598.295534922087,565.2938448608628,-10.833927483953643,1800.2324974218384,2663.90646083125,68.26153920847952,2.526923977084944,-11.233825917774192,-175.1702296251575
236.9,6359.102426648606,598.3248800415889,564.8549214347615,-10.858669707760663,1799.1606820840957,2658.6695892748735,68.26153920847952,2.5249618610065157,-11.233350017298024,-175.16940963578497
237.0,6348.4534406252205,598.3541785642013,564.4164567827967,-10.883436345904679,1798.0928002596681,2653.4466365898006,68.26153920847952,2.523001795703845,-11.232874889770619,-175.16859012928097
237.10000000000002,6337.788758593611,598.3834305344177,563.9784499388625,-10.908227381315523,1797.0288418555751,2648.237554038336,68.26153920847952,2.5210437768584706,-11.232400534446061,-175.16777110557777
237.20000000000002,6327.108387543354,598.4126359966286,563.5408999395307,-10.933042796912995,1795.9687968112992,2643.0422930824448,68.26153920847952,2.519087800163901,-11.231926950580227,-175.16695256460824
237.3,6316.412334501278,598.4417949951189,563.1038058240417,-10.957882575606758,1794.9126550986284,2637.8608053827975,68.26153920847952,2.517133861325573,-11.231454137430784,-175.16613450630558
237.4,6305.700606530998,598.470907574062,562.6671666342944,-10.982746700296236,1793.860406721579,2632.6930427978746,68.26153920847952,2.5151819560608066,-11.230982094257183,-175.1653169306036
237.5,6294.973210733384,598.4999737775322,562.2309814148374,-11.007635153870506,1792.812041716169,2627.538957382964,68.26153920847952,2.513232080098767,-11.230510820320648,-175.16449983743655
237.60000000000002,6284.2301542465575,598.5289936494946,561.7952492128596,-11.032547919208195,1791.767550150263,2622.398501389221,68.26153920847952,2.5112842291804234,-11.230040314884178,-175.16368322673915
237.70000000000002,6273.4714442444965,598.5579672338024,561.3599690781813,-11.057484979177378,1790.7269221236502,2617.271627262904,68.26153920847952,2.5093383990585045,-11.229570577212536,-175.1628670984466
237.8,6262.697087938897,598.5868945742126,560.9251400632442,-11.08244631663547,1789.6901477675872,2612.158287644211,68.26153920847952,2.50739458549746,-11.229101606572245,-175.16205145249467
237.9,6251.9070925782435,598.6157757143794,560.490761223103,-11.107431914429126,1788.6572172448039,2607.0584353664794,68.26153920847952,2.505452784273419,-11.228633402231576,-175.1612362888195
238.0,6241.10146544734,598.6446106978387,560.0568316154163,-11.132441755394138,1787.6281207494235,2601.972023455309,68.26153920847952,2.503512991174149,-11.228165963460556,-175.16042160735773
238.10000000000002,6230.280213868711,598.6733995680391,559.6233503004368,-11.15747582235533,1786.6028485065926,2596.899005127488,68.26153920847952,2.5015752019990156,-11.227699289530946,-175.15960740804655
238.20000000000002,6219.44334520027,598.7021423683136,559.190316341003,-11.182534098126457,1785.5813907727056,2591.839333790357,68.26153920847952,2.499639412558943,-11.227233379716246,-175.15879369082361
238.3,6208.5908668376505,598.7308391418989,558.7577288025301,-11.207616565510099,1784.5637378348808,2586.7929630406275,68.26153920847952,2.497705618676372,-11.226768233291683,-175.15798045562698
238.4,6197.722786212806,598.7594899319225,558.3255867530005,-11.232723207297562,1783.5498800110406,2581.7598466636446,68.26153920847952,2.495773816185221,-11.226303849534213,-175.1571677023953
238.5,6186.839110794477,598.788094781414,557.8938892629557,-11.257854006268781,1782.539807649688,2576.7399386324446,68.26153920847952,2.4938440009308467,-11.225840227722502,-175.1563554310676
238.60000000000002,6175.939848087728,598.8166537332983,557.4626354054867,-11.283008945192206,1781.5335111298375,2571.733193106909,68.26153920847952,2.491916168770003,-11.225377367136934,-175.15554364158345
238.70000000000002,6165.025005633943,598.8451668304021,557.0318242562258,-11.308188006824713,1780.5309808608665,2566.7395644328867,68.26153920847952,2.489990315570804,-11.224915267059599,-175.15473233388292
238.8,6154.094591011759,598.8736341154478,556.6014548933373,-11.333391173911492,1779.5322072822232,2561.7590071411987,68.26153920847952,2.488066437212681,-11.224453926774283,-175.15392150790646
238.9,6143.14861183567,598.902055631053,556.171526397509,-11.358618429185952,1778.537180863507,2556.7914759469295,68.26153920847952,2.4861445295863467,-11.223993345566472,-175.15311116359516
239.0,6132.18707575649,598.930431419742,555.7420378519432,-11.383869755369627,1777.5458921042477,2551.8369257484974,68.26153920847952,2.4842245885937544,-11.223533522723336,-175.15230130089037
239.10000000000002,6121.209990461823,598.9587615239284,555.3129883423486,-11.409145135172059,1776.5583315336896,2546.8953116267357,68.26153920847952,2.4823066101480595,-11.223074457533732,-175.15149191973413
239.20000000000002,6110.217363675591,598.9870459859425,554.884376956931,-11.434444551290712,1775.574489710723,2541.966588844085,68.26153920847952,2.4803905901735828,-11.222616149288195,-175.15068302006884
239.3,6099.20920315804,599.0152848479916,554.456202786385,-11.459767986410863,1774.5943572237438,2537.050712843738,68.26153920847952,2.478476524605767,-11.222158597278927,-175.14987460183735
239.4,6088.185516705271,599.0434781521999,554.0284649238856,-11.485115423205512,1773.6179246905833,2532.1476392488353,68.26153920847952,2.4765644093911443,-11.2217018007998,-175.1490666649831
239.5,6077.146312150639,599.0716259405922,553.6011624650794,-11.51048684433527,1772.6451827581488,2527.257323861461,68.26153920847952,2.474654240487295,-11.221245759146344,-175.14825920944992
239.60000000000002,6066.091597362421,599.0997282550848,553.1742945080761,-11.535882232448275,1771.67612210265,2522.3797226620654,68.26153920847952,2.472746013862811,-11.220790471615748,-175.14745223518213
239.70000000000002,6055.021380245686,599.1277851375004,552.7478601534402,-11.56130157018008,1770.7107334291684,2517.514791808414,68.26153920847952,2.4708397254972554,-11.220335937506846,-175.14664574212452
239.8,6043.9356687418185,599.1557966295691,552.3218585041827,-11.586744840153555,1769.7490074715859,2512.6624876348023,68.26153920847952,2.4689353713811286,-11.219882156120114,-175.14583973022235
239.9,6032.834470828064,599.1837627729166,551.8962886657523,-11.612212024978803,1768.7909349925258,2507.8227666512835,68.26153920847952,2.4670329475158272,-11.219429126757674,-175.14503419942142
240.0,6021.7177945179865,599.2116836090715,551.4711497460273,-11.637703107253042,1767.8365067831376,2502.995585542788,68.26153920847952,2.4651324499136096,-11.21897684872327,-175.1442291496679
240.10000000000002,6010.585647861008,599.2395591794672,551.0464408553073,-11.663218069560523,1766.885713663034,2498.1809011683536,68.26153920847952,2.463233874597557,-11.218525321322279,-175.14342458090852
240.20000000000002,5999.438038942404,599.2673895254333,550.622161106305,-11.688756894472425,1765.9385464801585,2493.378670560316,68.26153920847952,2.461337217601537,-11.218074543861697,-175.1426204930904
